overall_pick,round,player,team,positions,drafted_by,slot
1,1,Victor Wembanyama,SAS,C,Manoof,1
2,1,Nikola Jokic,DEN,C,Deether,2
3,1,Luka Doncic,LAL,PG/SG,berkay,3
4,1,Shai Gilgeous-Alexander,OKC,PG,David,4
5,1,Cade Cunningham,DET,PG/SG,Emils,5
6,1,Jayson Tatum,BOS,SF/PF,jacespedes,6
7,1,Jalen Johnson,ATL,PF/SF,Dominic,7
8,1,Giannis Antetokounmpo,MIA,PF/C,Angel,8
9,1,Tyrese Haliburton,IND,PG/SG,Mark P,9
10,1,Anthony Edwards,MIN,PG/SG,Mantas,10
11,1,Cooper Flagg,DAL,SG/SF/PF,Adam,11
12,1,Tyrese Maxey,PHI,PG,Alex,12
13,2,Kevin Durant,HOU,SF/PF/SG,Alex,12
14,2,Alperen Sengun,HOU,C/PF,Adam,11
15,2,Karl-Anthony Towns,NYK,C/PF,Mantas,10
16,2,Stephen Curry,GSW,PG,Mark P,9
17,2,Scottie Barnes,TOR,SF/PF/C,Angel,8
18,2,Jamal Murray,DEN,PG,Dominic,7
19,2,Trae Young,WAS,PG,jacespedes,6
20,2,Donovan Mitchell,CLE,SG/PG,Emils,5
21,2,Kawhi Leonard,LAC,SG/SF/PF,David,4
22,2,Chet Holmgren,OKC,PF/C,berkay,3
23,2,LaMelo Ball,MIN,PG,Deether,2
24,2,Austin Reaves,LAL,SG/PG/SF,Manoof,1
25,3,Trey Murphy III,NOP,SG/SF,Manoof,1
26,3,Anthony Davis,WAS,PF/C,Deether,2
27,3,Josh Giddey,CHI,PG/SG,berkay,3
28,3,Walker Kessler,LAL,C,David,4
29,3,Amen Thompson,HOU,PG/SG,Emils,5
30,3,Jalen Duren,DET,C,jacespedes,6
31,3,James Harden,CLE,SG/PG,Dominic,7
32,3,Domantas Sabonis,SAC,C/PF,Angel,8
33,3,Jalen Brunson,NYK,PG,Mark P,9
34,3,Bam Adebayo,MIA,C/PF,Mantas,10
35,3,Evan Mobley,CLE,C/PF,Adam,11
36,3,Devin Booker,PHX,SG/PG,Alex,12
37,4,Jalen Williams,OKC,SF/PF,Alex,12
38,4,Kon Knueppel,CHA,SF/SG,Adam,11
39,4,Deni Avdija,POR,SF/PF/SG,Mantas,10
40,4,Derrick White,BOS,SG/PG,Mark P,9
41,4,Paolo Banchero,ORL,PF,Angel,8
42,4,Lauri Markkanen,UTA,PF/SF,Dominic,7
43,4,Jaylen Brown,PHI,SG/SF/PF,jacespedes,6
44,4,Donovan Clingan,POR,C,Emils,5
45,4,Desmond Bane,ORL,SF/SG,David,4
46,4,Brandon Miller,CHA,SF/PF,berkay,3
47,4,LeBron James,PHI,SF/PF,Deether,2
48,4,Tyler Herro,MIL,SG/PG,Manoof,1
49,5,Joel Embiid,PHI,C,Manoof,1
50,5,Kyrie Irving,DAL,PG,Deether,2
51,5,Jaren Jackson Jr.,UTA,C/PF,berkay,3
52,5,OG Anunoby,NYK,SF/PF,David,4
53,5,Franz Wagner,ORL,SF/PF,Emils,5
54,5,Pascal Siakam,IND,PF/C,jacespedes,6
55,5,Darius Garland,LAC,PG,Dominic,7
56,5,Dejounte Murray,NOP,PG,Angel,8
57,5,Julius Randle,BKN,PF,Mark P,9
58,5,Ivica Zubac,IND,C,Mantas,10
59,5,Cameron Boozer,MEM,PF,Adam,11
60,5,Keyonte George,UTA,SG/PG,Alex,12
61,6,Nickeil Alexander-Walker,ATL,PG/SG,Alex,12
62,6,Michael Porter Jr.,BKN,SF/PF,Adam,11
63,6,Mikal Bridges,NYK,SF/PF,Mantas,10
64,6,Onyeka Okongwu,ATL,C,Mark P,9
65,6,Zion Williamson,NOP,PF/C,Angel,8
66,6,Dyson Daniels,ATL,SG/SF,Dominic,7
67,6,Alex Sarr,WAS,C,jacespedes,6
68,6,Zach Edey,MEM,C,Emils,5
69,6,Payton Pritchard,BOS,PG,David,4
70,6,Jaden McDaniels,MIN,SF,berkay,3
71,6,Naz Reid,CHA,C/PF,Deether,2
72,6,Kel'el Ware,MIL,C,Manoof,1
73,7,Paul George,BOS,SF/PF,Manoof,1
74,7,Damian Lillard,POR,PG,Deether,2
75,7,Matas Buzelis,CHI,SF/PF,berkay,3
76,7,Cameron Johnson,DEN,SF/PF,David,4
77,7,Dylan Harper,SAS,SG/PG,Emils,5
78,7,Rudy Gobert,MIN,C,jacespedes,6
79,7,Jarrett Allen,CLE,C,Dominic,7
80,7,Brandon Ingram,TOR,SG/SF/PF,Angel,8
81,7,AJ Dybantsa,WAS,SF,Mark P,9
82,7,De'Aaron Fox,SAS,PG,Mantas,10
83,7,VJ Edgecombe,PHI,SG/PG,Adam,11
84,7,Ryan Rollins,MIL,PG/SG,Alex,12
85,8,Caleb Wilson,CHI,PF,Alex,12
86,8,Coby White,CHA,PG/SG,Adam,11
87,8,Miles Bridges,PHX,PF,Mantas,10
88,8,Stephon Castle,SAS,PG/SG,Mark P,9
89,8,Ja Morant,POR,PG,Angel,8
90,8,Day'Ron Sharpe,BKN,C,Dominic,7
91,8,Ty Jerome,MEM,SG/PG,jacespedes,6
92,8,Ausar Thompson,DET,SF/PF/SG,Emils,5
93,8,Myles Turner,MIL,C,David,4
94,8,Josh Hart,NYK,SG/SF,berkay,3
95,8,Immanuel Quickley,TOR,PG/SG,Deether,2
96,8,Norman Powell,CHI,SG/SF,Manoof,1
97,9,Ayo Dosunmu,MIN,PG/SG,Manoof,1
98,9,Darryn Peterson,UTA,SG,Deether,2
99,9,Jalen Suggs,ORL,PG/SG,berkay,3
100,9,Jakob Poeltl,TOR,C,David,4
101,9,Derik Queen,NOP,C/PF,Emils,5
102,9,Kyshawn George,WAS,SF/SG/PF,jacespedes,6
103,9,Mark Williams,PHX,C,Dominic,7
104,9,Nic Claxton,CHI,C,Angel,8
105,9,Isaiah Hartenstein,OKC,C,Mark P,9
106,9,John Collins,DET,PF/C,Mantas,10
107,9,Jabari Smith Jr.,HOU,PF/C,Adam,11
108,9,Neemias Queta,BOS,C,Alex,12
109,10,Wendell Carter Jr.,ORL,C,Alex,12
110,10,Reed Sheppard,HOU,PG/SG,Adam,11
111,10,Jalen Green,PHX,SG/SF,Mantas,10
112,10,Kristaps Porzingis,GSW,C,Mark P,9
113,10,Fred VanVleet,HOU,PG,Angel,8
114,10,Peyton Watson,CLE,SF/PF,Dominic,7
115,10,CJ McCollum,ATL,SG/PG,jacespedes,6
116,10,Jaime Jaquez Jr.,MIL,SF/SG/PF,Emils,5
117,10,Tari Eason,HOU,SF/PF/SG,David,4
118,10,Keegan Murray,SAC,SF/PF,berkay,3
119,10,Sandro Mamukelashvili,LAL,PF/C,Deether,2
120,10,Andrew Wiggins,MIA,SG/SF/PF,Manoof,1
121,11,Kevin Porter Jr.,MIL,PG/SG,Manoof,1
122,11,Brandin Podziemski,GSW,SG/PG,Deether,2
123,11,Cedric Coward,MEM,SG/SF,berkay,3
124,11,Aaron Gordon,DEN,PF/C,David,4
125,11,Collin Murray-Boyles,TOR,PF/C,Emils,5
126,11,RJ Barrett,TOR,SF/PF/SG,jacespedes,6
127,11,Jusuf Nurkic,UTA,C,Dominic,7
128,11,Zach LaVine,SAC,PG/SG/SF,Angel,8
129,11,Maxime Raynaud,SAC,C,Mark P,9
130,11,Saddiq Bey,NOP,PF/SF,Mantas,10
131,11,Egor Demin,BKN,PG/SG,Adam,11
132,11,Darius Acuff Jr.,SAC,PG,Alex,12
133,12,Toumani Camara,POR,SF/PF,Alex,12
134,12,DeMar DeRozan,DEN,SF/PF,Adam,11
135,12,Shaedon Sharpe,POR,PG/SG,Mantas,10
136,12,Bobby Portis,MIA,PF/C,Mark P,9
137,12,Jimmy Butler III,GSW,SF/PF,Angel,8
138,12,Ajay Mitchell,OKC,PG/SG,Dominic,7
139,12,Jrue Holiday,POR,PG/SG,jacespedes,6
140,12,Isaiah Stewart,MEM,C/PF,Emils,5
141,12,P.J. Washington,DAL,PF/C,David,4
142,12,Yaxel Lendeborg,GSW,PF,berkay,3
143,12,Andrew Nembhard,IND,SG/PG,Deether,2
144,12,Jeremiah Fears,NOP,PG/SG,Manoof,1
145,13,Paul Reed,DET,C/PF,Manoof,1
146,13,Collin Gillespie,PHX,PG/SG,Deether,2
147,13,Daniel Gafford,DAL,C,berkay,3
148,13,Herbert Jones,NOP,SG/SF,David,4
149,13,Morez Johnson Jr.,DAL,PF,Emils,5
150,13,Quentin Grimes,LAL,SG/SF,jacespedes,6
151,13,Anthony Black,ORL,PG/SG/SF,Dominic,7
152,13,Christian Braun,DEN,SG/SF/PF,Angel,8
153,13,Robert Williams III,POR,C,Mark P,9
154,13,Jerami Grant,MEM,PF/SF,Mantas,10
155,13,Davion Mitchell,MIA,PG,Adam,11
156,13,Brook Lopez,LAC,C,Alex,12
