date,yahoo_week,visitor,home,note
2026-10-20,1,BOS,DET,
2026-10-20,1,OKC,SAS,
2026-10-20,1,PHI,NYK,
2026-10-21,1,ATL,ORL,
2026-10-21,1,CHI,TOR,
2026-10-21,1,CHO,BRK,
2026-10-21,1,DAL,HOU,
2026-10-21,1,GSW,LAL,
2026-10-21,1,IND,NOP,
2026-10-21,1,MIL,WAS,
2026-10-21,1,MIN,MIA,
2026-10-21,1,PHO,POR,
2026-10-21,1,SAC,LAC,
2026-10-21,1,UTA,MEM,
2026-10-22,1,CLE,PHI,
2026-10-22,1,DEN,OKC,
2026-10-23,1,ATL,CHO,
2026-10-23,1,CHI,MIL,
2026-10-23,1,DAL,IND,
2026-10-23,1,DET,MIA,
2026-10-23,1,HOU,SAS,
2026-10-23,1,LAC,LAL,
2026-10-23,1,MEM,GSW,
2026-10-23,1,MIN,ORL,
2026-10-23,1,NOP,UTA,
2026-10-23,1,NYK,BOS,
2026-10-23,1,POR,SAC,
2026-10-23,1,TOR,WAS,
2026-10-24,1,BRK,CLE,
2026-10-24,1,GSW,PHO,
2026-10-24,1,HOU,ATL,
2026-10-24,1,MIA,CHO,
2026-10-24,1,MIL,PHI,
2026-10-24,1,NOP,DEN,
2026-10-24,1,SAS,DAL,
2026-10-24,1,WAS,CHI,
2026-10-25,1,DET,PHI,
2026-10-25,1,IND,BRK,
2026-10-25,1,LAC,OKC,
2026-10-25,1,LAL,UTA,
2026-10-25,1,MEM,SAC,
2026-10-25,1,ORL,NYK,
2026-10-25,1,TOR,MIN,
2026-10-26,2,ATL,HOU,
2026-10-26,2,CHI,BOS,
2026-10-26,2,DAL,MIA,
2026-10-26,2,GSW,DEN,
2026-10-26,2,IND,MIL,
2026-10-26,2,MEM,UTA,
2026-10-26,2,MIN,CLE,
2026-10-26,2,PHO,OKC,
2026-10-26,2,WAS,CHO,
2026-10-27,2,BRK,BOS,
2026-10-27,2,DET,NYK,
2026-10-27,2,POR,LAL,
2026-10-27,2,SAC,SAS,
2026-10-28,2,CHO,DET,
2026-10-28,2,DEN,NOP,
2026-10-28,2,GSW,MIN,
2026-10-28,2,HOU,MIL,
2026-10-28,2,LAL,LAC,
2026-10-28,2,MIA,ATL,
2026-10-28,2,NYK,CHI,
2026-10-28,2,OKC,DAL,
2026-10-28,2,ORL,TOR,
2026-10-28,2,PHI,IND,
2026-10-28,2,SAS,UTA,
2026-10-28,2,WAS,CLE,
2026-10-29,2,CLE,ATL,
2026-10-29,2,MEM,POR,
2026-10-29,2,SAC,NOP,
2026-10-30,2,CHI,BOS,NBA Cup
2026-10-30,2,CHO,WAS,NBA Cup
2026-10-30,2,DEN,PHO,NBA Cup
2026-10-30,2,DET,BRK,NBA Cup
2026-10-30,2,HOU,DAL,NBA Cup
2026-10-30,2,IND,MIA,NBA Cup
2026-10-30,2,LAC,MIN,NBA Cup
2026-10-30,2,LAL,GSW,NBA Cup
2026-10-30,2,NYK,PHI,NBA Cup
2026-10-30,2,ORL,TOR,NBA Cup
2026-10-31,2,ATL,NOP,
2026-10-31,2,CLE,MIL,
2026-10-31,2,MIN,SAS,
2026-10-31,2,OKC,HOU,
2026-10-31,2,PHI,CHO,
2026-10-31,2,POR,UTA,
2026-10-31,2,SAC,MEM,
2026-11-01,2,BOS,ORL,
2026-11-01,2,BRK,IND,
2026-11-01,2,LAC,GSW,
2026-11-01,2,TOR,LAL,
2026-11-02,3,ATL,IND,
2026-11-02,3,BOS,HOU,
2026-11-02,3,BRK,NYK,
2026-11-02,3,CHI,PHI,
2026-11-02,3,DET,CHO,
2026-11-02,3,MIA,LAL,
2026-11-02,3,MIL,MIN,
2026-11-02,3,NOP,MEM,
2026-11-02,3,OKC,CLE,
2026-11-02,3,PHO,GSW,
2026-11-02,3,POR,DEN,
2026-11-02,3,SAC,DAL,
2026-11-02,3,TOR,LAC,
2026-11-02,3,UTA,SAS,
2026-11-02,3,WAS,ORL,
2026-11-04,3,ATL,WAS,
2026-11-04,3,CHI,NYK,
2026-11-04,3,CHO,BRK,
2026-11-04,3,CLE,OKC,
2026-11-04,3,DAL,SAS,
2026-11-04,3,IND,MEM,
2026-11-04,3,LAL,SAC,
2026-11-04,3,MIA,LAC,
2026-11-04,3,MIL,BOS,
2026-11-04,3,MIN,HOU,
2026-11-04,3,PHI,DET,
2026-11-04,3,POR,PHO,
2026-11-04,3,TOR,DEN,
2026-11-04,3,UTA,NOP,
2026-11-05,3,MIA,GSW,
2026-11-05,3,ORL,PHO,
2026-11-06,3,BOS,CHO,NBA Cup
2026-11-06,3,MIN,NOP,NBA Cup
2026-11-06,3,OKC,MEM,NBA Cup
2026-11-06,3,PHI,CLE,NBA Cup
2026-11-06,3,POR,LAL,NBA Cup
2026-11-06,3,SAS,SAC,NBA Cup
2026-11-06,3,TOR,MIL,NBA Cup
2026-11-06,3,UTA,DAL,NBA Cup
2026-11-06,3,WAS,ATL,NBA Cup
2026-11-07,3,BRK,ATL,
2026-11-07,3,DEN,IND,
2026-11-07,3,HOU,PHO,
2026-11-07,3,NYK,CLE,
2026-11-07,3,ORL,GSW,
2026-11-07,3,SAS,POR,
2026-11-07,3,WAS,OKC,
2026-11-08,3,BOS,MIL,
2026-11-08,3,BRK,DAL,
2026-11-08,3,LAL,DET,
2026-11-08,3,MIA,SAC,
2026-11-08,3,NOP,LAC,
2026-11-08,3,PHI,CHI,
2026-11-08,3,UTA,MIN,
2026-11-09,4,CLE,CHO,
2026-11-09,4,DEN,HOU,
2026-11-09,4,IND,DAL,
2026-11-09,4,LAL,ATL,
2026-11-09,4,MEM,TOR,
2026-11-09,4,NOP,GSW,
2026-11-09,4,SAS,PHO,
2026-11-09,4,WAS,DET,
2026-11-10,4,BOS,PHI,
2026-11-10,4,LAC,PHO,
2026-11-10,4,MIA,UTA,
2026-11-10,4,MIL,NYK,
2026-11-10,4,OKC,POR,
2026-11-10,4,ORL,SAC,
2026-11-11,4,BOS,TOR,
2026-11-11,4,BRK,NOP,
2026-11-11,4,CLE,NYK,
2026-11-11,4,DEN,MEM,
2026-11-11,4,GSW,HOU,
2026-11-11,4,LAL,MIL,
2026-11-11,4,OKC,POR,
2026-11-11,4,ORL,UTA,
2026-11-11,4,SAS,CHI,
2026-11-11,4,WAS,IND,
2026-11-12,4,CHO,PHO,
2026-11-12,4,DAL,MIN,
2026-11-12,4,DET,WAS,
2026-11-12,4,TOR,PHI,
2026-11-13,4,ATL,CHI,NBA Cup
2026-11-13,4,CLE,MIA,NBA Cup
2026-11-13,4,GSW,SAS,NBA Cup
2026-11-13,4,MEM,NOP,NBA Cup
2026-11-13,4,MIL,ORL,NBA Cup
2026-11-13,4,NYK,IND,NBA Cup
2026-11-13,4,OKC,LAC,NBA Cup
2026-11-13,4,POR,SAC,NBA Cup
2026-11-13,4,UTA,HOU,NBA Cup
2026-11-14,4,BRK,MEM,
2026-11-14,4,CHI,MIN,
2026-11-14,4,DAL,CLE,
2026-11-14,4,DEN,NOP,
2026-11-14,4,DET,MIA,
2026-11-15,4,ATL,MIL,
2026-11-15,4,CHO,LAC,
2026-11-15,4,DAL,BOS,
2026-11-15,4,HOU,WAS,
2026-11-15,4,IND,PHI,
2026-11-15,4,LAL,PHO,
2026-11-15,4,NYK,TOR,
2026-11-15,4,OKC,SAC,
2026-11-15,4,SAS,UTA,
2026-11-16,5,CHI,CLE,
2026-11-16,5,GSW,NOP,
2026-11-16,5,HOU,MIA,
2026-11-16,5,MEM,WAS,
2026-11-16,5,ORL,BOS,
2026-11-16,5,PHI,BRK,
2026-11-16,5,PHO,DEN,
2026-11-16,5,POR,MIN,
2026-11-17,5,CHO,LAL,
2026-11-17,5,DET,SAS,
2026-11-17,5,NYK,TOR,
2026-11-17,5,POR,MIN,
2026-11-17,5,UTA,LAC,
2026-11-18,5,ATL,OKC,
2026-11-18,5,BOS,DEN,
2026-11-18,5,CHI,BRK,
2026-11-18,5,DET,NOP,
2026-11-18,5,GSW,DAL,
2026-11-18,5,HOU,IND,
2026-11-18,5,MEM,CLE,
2026-11-18,5,MIL,MIA,
2026-11-18,5,PHI,ORL,
2026-11-18,5,PHO,SAC,
2026-11-18,5,UTA,LAL,
2026-11-18,5,WAS,TOR,
2026-11-19,5,GSW,MEM,
2026-11-19,5,LAC,SAS,
2026-11-19,5,NYK,MIN,
2026-11-19,5,POR,MIL,
2026-11-20,5,CHO,ATL,NBA Cup
2026-11-20,5,HOU,DEN,NBA Cup
2026-11-20,5,IND,CLE,NBA Cup
2026-11-20,5,NOP,OKC,NBA Cup
2026-11-20,5,ORL,BRK,NBA Cup
2026-11-20,5,PHO,UTA,NBA Cup
2026-11-20,5,SAC,LAL,NBA Cup
2026-11-20,5,TOR,DET,NBA Cup
2026-11-20,5,WAS,CHI,NBA Cup
2026-11-21,5,BOS,SAC,
2026-11-21,5,LAC,DAL,
2026-11-21,5,MEM,MIN,
2026-11-21,5,MIL,PHI,
2026-11-21,5,NOP,SAS,
2026-11-21,5,POR,NYK,
2026-11-22,5,BOS,GSW,
2026-11-22,5,DAL,UTA,
2026-11-22,5,DEN,CHI,
2026-11-22,5,DET,ATL,
2026-11-22,5,IND,NYK,
2026-11-22,5,OKC,MIA,
2026-11-22,5,ORL,WAS,
2026-11-23,6,BRK,MIN,
2026-11-23,6,CLE,CHI,
2026-11-23,6,LAC,HOU,
2026-11-23,6,MEM,CHO,
2026-11-23,6,MIL,TOR,
2026-11-23,6,OKC,IND,
2026-11-23,6,PHO,NOP,
2026-11-23,6,POR,PHI,
2026-11-23,6,SAS,SAC,
2026-11-23,6,UTA,LAL,
2026-11-24,6,BOS,WAS,NBA Cup
2026-11-24,6,DAL,DEN,NBA Cup
2026-11-24,6,DET,ORL,NBA Cup
2026-11-25,6,BRK,MIL,NBA Cup
2026-11-25,6,CHI,CHO,NBA Cup
2026-11-25,6,CLE,NYK,NBA Cup
2026-11-25,6,LAC,MEM,NBA Cup
2026-11-25,6,MIA,PHI,NBA Cup
2026-11-25,6,MIN,OKC,NBA Cup
2026-11-25,6,PHO,HOU,NBA Cup
2026-11-25,6,SAC,GSW,NBA Cup
2026-11-25,6,SAS,POR,NBA Cup
2026-11-27,6,ATL,BOS,NBA Cup
2026-11-27,6,BRK,TOR,NBA Cup
2026-11-27,6,DAL,PHO,NBA Cup
2026-11-27,6,DEN,UTA,NBA Cup
2026-11-27,6,GSW,POR,NBA Cup
2026-11-27,6,LAL,SAS,NBA Cup
2026-11-27,6,MEM,MIN,NBA Cup
2026-11-27,6,MIA,NYK,NBA Cup
2026-11-27,6,MIL,DET,NBA Cup
2026-11-27,6,NOP,LAC,NBA Cup
2026-11-27,6,PHI,IND,NBA Cup
2026-11-28,6,BRK,CHO,
2026-11-28,6,IND,CHI,
2026-11-28,6,OKC,MIL,
2026-11-28,6,ORL,WAS,
2026-11-28,6,PHI,HOU,
2026-11-29,6,ATL,NYK,
2026-11-29,6,BOS,SAS,
2026-11-29,6,DEN,TOR,
2026-11-29,6,LAC,GSW,
2026-11-29,6,LAL,MEM,
2026-11-29,6,MIA,CLE,
2026-11-29,6,MIN,SAC,
2026-11-29,6,NOP,POR,
2026-11-29,6,ORL,DET,
2026-11-29,6,PHO,UTA,
2026-11-30,7,BOS,DAL,
2026-11-30,7,DEN,DET,
2026-11-30,7,LAL,HOU,
2026-11-30,7,NOP,SAC,
2026-11-30,7,OKC,BRK,
2026-11-30,7,SAS,MIL,
2026-11-30,7,WAS,CHO,
2026-12-01,7,ATL,MIA,
2026-12-01,7,IND,CLE,
2026-12-01,7,LAC,PHO,
2026-12-01,7,MEM,PHI,
2026-12-01,7,MIN,POR,
2026-12-01,7,NYK,CHI,
2026-12-01,7,TOR,HOU,
2026-12-01,7,UTA,GSW,
2026-12-02,7,BRK,OKC,
2026-12-02,7,CHO,BOS,
2026-12-02,7,DEN,PHI,
2026-12-02,7,LAL,NOP,
2026-12-02,7,MEM,DET,
2026-12-02,7,MIN,LAC,
2026-12-02,7,NYK,MIL,
2026-12-02,7,ORL,DAL,
2026-12-02,7,SAC,PHO,
2026-12-03,7,CLE,CHI,
2026-12-03,7,IND,ATL,
2026-12-03,7,TOR,SAS,
2026-12-03,7,UTA,POR,
2026-12-03,7,WAS,MIA,
2026-12-12,7,ATL,POR,
2026-12-12,7,CHO,WAS,
2026-12-12,7,DEN,UTA,
2026-12-12,7,GSW,CLE,
2026-12-12,7,MIL,MEM,
2026-12-12,7,MIN,PHO,
2026-12-12,7,NYK,MIA,
2026-12-12,7,ORL,PHI,
2026-12-13,7,BOS,BRK,
2026-12-13,7,DET,IND,
2026-12-13,7,HOU,CHI,
2026-12-13,7,LAC,SAS,
2026-12-13,7,NOP,SAC,
2026-12-13,7,TOR,OKC,
2026-12-14,8,ATL,PHO,
2026-12-14,8,BRK,DET,
2026-12-14,8,GSW,MEM,
2026-12-14,8,MIA,CHI,
2026-12-14,8,MIL,DAL,
2026-12-14,8,MIN,UTA,
2026-12-14,8,NOP,LAL,
2026-12-14,8,NYK,HOU,
2026-12-14,8,PHI,ORL,
2026-12-14,8,TOR,CHO,
2026-12-14,8,WAS,BOS,
2026-12-15,8,DEN,POR,
2026-12-15,8,SAS,CLE,
2026-12-16,8,CLE,ORL,
2026-12-16,8,DAL,BRK,
2026-12-16,8,GSW,IND,
2026-12-16,8,LAC,CHO,
2026-12-16,8,LAL,MIN,
2026-12-16,8,MIA,MEM,
2026-12-16,8,MIL,HOU,
2026-12-16,8,NYK,NOP,
2026-12-16,8,PHO,DET,
2026-12-16,8,SAC,OKC,
2026-12-16,8,SAS,TOR,
2026-12-16,8,UTA,CHI,
2026-12-16,8,WAS,BOS,
2026-12-17,8,ATL,DEN,
2026-12-17,8,DAL,PHI,
2026-12-17,8,POR,IND,
2026-12-18,8,CHI,SAS,
2026-12-18,8,CLE,DET,
2026-12-18,8,GSW,TOR,
2026-12-18,8,HOU,MEM,
2026-12-18,8,LAC,MIA,
2026-12-18,8,LAL,MIN,
2026-12-18,8,NYK,WAS,
2026-12-18,8,OKC,CHO,
2026-12-18,8,ORL,BRK,
2026-12-18,8,PHO,MIL,
2026-12-18,8,SAC,NOP,
2026-12-18,8,UTA,BOS,
2026-12-19,8,CHI,DAL,
2026-12-19,8,LAL,DEN,
2026-12-19,8,ORL,ATL,
2026-12-19,8,POR,CHO,
2026-12-20,8,DET,BOS,
2026-12-20,8,GSW,MIL,
2026-12-20,8,HOU,TOR,
2026-12-20,8,IND,LAC,
2026-12-20,8,OKC,ATL,
2026-12-20,8,PHO,MEM,
2026-12-20,8,SAC,MIA,
2026-12-20,8,SAS,NOP,
2026-12-20,8,UTA,CLE,
2026-12-20,8,WAS,BRK,
2026-12-21,9,CHI,MIA,
2026-12-21,9,DEN,LAC,
2026-12-21,9,IND,LAL,
2026-12-21,9,MEM,NOP,
2026-12-21,9,MIL,SAS,
2026-12-21,9,NYK,CLE,
2026-12-21,9,PHI,CHO,
2026-12-21,9,PHO,MIN,
2026-12-21,9,POR,BRK,
2026-12-21,9,SAC,ORL,
2026-12-22,9,DAL,GSW,
2026-12-22,9,DET,OKC,
2026-12-22,9,TOR,WAS,
2026-12-23,9,CHI,MIA,
2026-12-23,9,CHO,ORL,
2026-12-23,9,CLE,WAS,
2026-12-23,9,DAL,SAC,
2026-12-23,9,DEN,LAL,
2026-12-23,9,DET,ATL,
2026-12-23,9,GSW,LAC,
2026-12-23,9,HOU,PHI,
2026-12-23,9,IND,PHO,
2026-12-23,9,MIN,MIL,
2026-12-23,9,OKC,NOP,
2026-12-23,9,POR,BOS,
2026-12-23,9,SAS,BRK,
2026-12-23,9,TOR,MEM,
2026-12-23,9,UTA,NYK,
2026-12-25,9,DEN,GSW,
2026-12-25,9,MIA,BOS,
2026-12-25,9,OKC,MIN,
2026-12-25,9,PHI,LAL,
2026-12-25,9,SAS,NYK,
2026-12-26,9,CHO,ATL,
2026-12-26,9,DET,CHI,
2026-12-26,9,IND,UTA,
2026-12-26,9,MEM,LAC,
2026-12-26,9,NOP,BRK,
2026-12-26,9,PHO,DAL,
2026-12-26,9,POR,WAS,
2026-12-26,9,TOR,ORL,
2026-12-27,9,ATL,SAS,
2026-12-27,9,BRK,NYK,
2026-12-27,9,CHO,MIA,
2026-12-27,9,IND,DEN,
2026-12-27,9,MEM,LAL,
2026-12-27,9,MIL,ORL,
2026-12-27,9,MIN,GSW,
2026-12-27,9,OKC,HOU,
2026-12-27,9,PHI,LAC,
2026-12-27,9,POR,DET,
2026-12-27,9,UTA,SAC,
2026-12-27,9,WAS,CLE,
2026-12-28,10,CLE,BOS,
2026-12-28,10,GSW,PHO,
2026-12-28,10,MIN,DEN,
2026-12-28,10,NOP,TOR,
2026-12-29,10,BRK,POR,
2026-12-29,10,CHI,ATL,
2026-12-29,10,HOU,LAL,
2026-12-29,10,LAC,IND,
2026-12-29,10,MIA,DAL,
2026-12-29,10,MIL,OKC,
2026-12-29,10,ORL,CHO,
2026-12-29,10,PHI,SAC,
2026-12-29,10,SAS,MEM,
2026-12-30,10,BOS,CHI,
2026-12-30,10,HOU,GSW,
2026-12-30,10,NOP,DET,
2026-12-30,10,NYK,UTA,
2026-12-30,10,PHI,PHO,
2026-12-30,10,WAS,TOR,
2026-12-31,10,BRK,SAC,
2026-12-31,10,DEN,MIN,
2026-12-31,10,LAC,CLE,
2026-12-31,10,LAL,NOP,
2026-12-31,10,MIA,OKC,
2026-12-31,10,MIL,ATL,
2026-12-31,10,NYK,PHO,
2026-12-31,10,ORL,IND,
2026-12-31,10,SAS,CHO,
2027-01-01,10,BOS,UTA,
2027-01-01,10,DAL,HOU,
2027-01-01,10,LAC,TOR,
2027-01-01,10,ORL,DET,
2027-01-01,10,PHI,MIL,
2027-01-01,10,SAS,WAS,
2027-01-02,10,BOS,POR,
2027-01-02,10,BRK,GSW,
2027-01-02,10,CLE,CHO,
2027-01-02,10,DAL,ATL,
2027-01-02,10,LAL,CHI,
2027-01-02,10,MIA,NOP,
2027-01-02,10,MIN,IND,
2027-01-02,10,NYK,DEN,
2027-01-02,10,SAC,PHO,
2027-01-02,10,UTA,OKC,
2027-01-03,10,CHO,MIL,
2027-01-03,10,CLE,HOU,
2027-01-03,10,DET,DEN,
2027-01-03,10,LAC,WAS,
2027-01-03,10,LAL,TOR,
2027-01-03,10,MEM,ORL,
2027-01-03,10,SAC,OKC,
2027-01-03,10,SAS,MIN,
2027-01-04,11,ATL,PHI,
2027-01-04,11,BOS,PHO,
2027-01-04,11,BRK,UTA,
2027-01-04,11,CHI,IND,
2027-01-04,11,DAL,NOP,
2027-01-04,11,NYK,POR,
2027-01-05,11,ATL,CHO,
2027-01-05,11,DET,SAC,
2027-01-05,11,LAC,ORL,
2027-01-05,11,LAL,WAS,
2027-01-05,11,MEM,MIA,
2027-01-05,11,MIL,CHI,
2027-01-05,11,MIN,HOU,
2027-01-05,11,PHO,DEN,
2027-01-05,11,TOR,CLE,
2027-01-06,11,IND,SAS,
2027-01-06,11,NYK,GSW,
2027-01-06,11,OKC,PHI,
2027-01-06,11,POR,NOP,
2027-01-06,11,UTA,BRK,
2027-01-07,11,BOS,LAL,
2027-01-07,11,CHI,SAC,
2027-01-07,11,CLE,ORL,
2027-01-07,11,DEN,CHO,
2027-01-07,11,DET,GSW,
2027-01-07,11,IND,ATL,
2027-01-07,11,LAC,MIL,
2027-01-07,11,MEM,HOU,
2027-01-07,11,MIA,BRK,
2027-01-07,11,MIN,TOR,
2027-01-07,11,OKC,WAS,
2027-01-07,11,POR,DAL,
2027-01-08,11,DET,LAL,
2027-01-08,11,MEM,SAS,
2027-01-08,11,MIA,PHI,
2027-01-08,11,MIN,WAS,
2027-01-08,11,NYK,SAC,
2027-01-08,11,ORL,NOP,
2027-01-08,11,PHO,DAL,
2027-01-08,11,UTA,TOR,
2027-01-09,11,BOS,LAC,
2027-01-09,11,CHI,GSW,
2027-01-09,11,CHO,POR,
2027-01-09,11,DEN,CLE,
2027-01-09,11,HOU,BRK,
2027-01-09,11,MIL,IND,
2027-01-10,11,CHI,PHO,
2027-01-10,11,CHO,SAC,
2027-01-10,11,DAL,MEM,
2027-01-10,11,NOP,MIA,
2027-01-10,11,OKC,ORL,
2027-01-10,11,PHI,TOR,
2027-01-10,11,SAS,ATL,
2027-01-10,11,UTA,DET,
2027-01-11,12,ATL,WAS,
2027-01-11,12,BRK,IND,
2027-01-11,12,CLE,MIN,
2027-01-11,12,DEN,NYK,
2027-01-11,12,HOU,BOS,
2027-01-11,12,LAL,LAC,
2027-01-12,12,BRK,MIA,
2027-01-12,12,CHI,UTA,
2027-01-12,12,DAL,MEM,
2027-01-12,12,DEN,MIL,
2027-01-12,12,DET,TOR,
2027-01-12,12,ORL,POR,
2027-01-12,12,SAC,GSW,
2027-01-12,12,WAS,PHI,
2027-01-13,12,CHO,GSW,
2027-01-13,12,CLE,ATL,
2027-01-13,12,HOU,OKC,
2027-01-13,12,LAL,POR,
2027-01-13,12,MIL,IND,
2027-01-13,12,NYK,BOS,
2027-01-13,12,PHO,TOR,
2027-01-14,12,BRK,PHI,
2027-01-14,12,CHO,UTA,
2027-01-14,12,DAL,DET,
2027-01-14,12,LAC,SAC,
2027-01-14,12,MEM,DEN,
2027-01-14,12,MIA,NYK,
2027-01-14,12,MIN,CHI,
2027-01-14,12,NOP,SAS,
2027-01-14,12,ORL,LAL,
2027-01-15,12,CLE,MIL,
2027-01-15,12,GSW,ATL,
2027-01-15,12,MIA,TOR,
2027-01-15,12,ORL,LAC,
2027-01-15,12,PHO,IND,
2027-01-15,12,SAC,POR,
2027-01-15,12,UTA,OKC,
2027-01-15,12,WAS,HOU,
2027-01-16,12,BRK,BOS,
2027-01-16,12,CHO,DEN,
2027-01-16,12,CLE,MEM,
2027-01-16,12,DAL,NYK,
2027-01-16,12,DET,HOU,
2027-01-16,12,MIN,PHI,
2027-01-17,12,GSW,MIA,
2027-01-17,12,IND,WAS,
2027-01-17,12,MIL,LAL,
2027-01-17,12,ORL,DEN,
2027-01-17,12,POR,OKC,
2027-01-17,12,SAC,UTA,
2027-01-17,12,SAS,NOP,
2027-01-17,12,TOR,CHI,
2027-01-18,13,BOS,WAS,
2027-01-18,13,DET,CLE,
2027-01-18,13,HOU,MEM,
2027-01-18,13,MIN,NYK,
2027-01-18,13,OKC,DAL,
2027-01-18,13,PHI,ATL,
2027-01-18,13,PHO,LAC,
2027-01-19,13,CHI,TOR,
2027-01-19,13,CHO,DAL,
2027-01-19,13,GSW,ORL,
2027-01-19,13,IND,PHI,
2027-01-19,13,LAL,SAC,
2027-01-19,13,POR,MIA,
2027-01-19,13,UTA,DEN,
2027-01-20,13,CHI,BRK,
2027-01-20,13,HOU,MIN,
2027-01-20,13,IND,BOS,
2027-01-20,13,LAC,UTA,
2027-01-20,13,MEM,PHO,
2027-01-20,13,MIA,SAS,
2027-01-20,13,MIL,SAC,
2027-01-20,13,OKC,NOP,
2027-01-20,13,POR,ATL,
2027-01-20,13,TOR,NYK,
2027-01-21,13,CLE,BRK,
2027-01-21,13,LAL,GSW,
2027-01-21,13,PHI,BOS,
2027-01-21,13,WAS,DEN,
2027-01-22,13,DAL,NOP,
2027-01-22,13,HOU,CHO,
2027-01-22,13,IND,DET,
2027-01-22,13,MEM,OKC,
2027-01-22,13,MIL,GSW,
2027-01-22,13,MIN,SAS,
2027-01-22,13,NYK,ATL,
2027-01-22,13,POR,ORL,
2027-01-22,13,SAC,LAL,
2027-01-22,13,UTA,PHO,
2027-01-22,13,WAS,LAC,
2027-01-23,13,ATL,MIA,
2027-01-23,13,CHO,BOS,
2027-01-23,13,CLE,DAL,
2027-01-23,13,MIL,DEN,
2027-01-23,13,PHI,CHI,
2027-01-23,13,TOR,BRK,
2027-01-24,13,HOU,ORL,
2027-01-24,13,LAC,NYK,
2027-01-24,13,MIN,DET,
2027-01-24,13,OKC,GSW,
2027-01-24,13,POR,SAS,
2027-01-24,13,UTA,PHO,
2027-01-24,13,WAS,LAL,
2027-01-25,14,CLE,NOP,
2027-01-25,14,DAL,CHI,
2027-01-25,14,LAC,PHI,
2027-01-25,14,MIA,BRK,
2027-01-25,14,MIN,MEM,
2027-01-25,14,ORL,CHO,
2027-01-25,14,SAC,DEN,
2027-01-25,14,TOR,BOS,
2027-01-26,14,ATL,DET,
2027-01-26,14,CHI,IND,
2027-01-26,14,HOU,SAS,
2027-01-26,14,MIL,UTA,
2027-01-26,14,OKC,LAL,
2027-01-26,14,PHO,NYK,
2027-01-26,14,WAS,POR,
2027-01-27,14,CHO,SAS,
2027-01-27,14,DAL,TOR,
2027-01-27,14,DEN,MIN,
2027-01-27,14,DET,CLE,
2027-01-27,14,GSW,POR,
2027-01-27,14,LAC,BOS,
2027-01-27,14,NOP,HOU,
2027-01-27,14,PHO,BRK,
2027-01-27,14,SAC,PHI,
2027-01-28,14,ATL,NYK,
2027-01-28,14,CHI,ORL,
2027-01-28,14,GSW,UTA,
2027-01-28,14,LAL,IND,
2027-01-28,14,MEM,OKC,
2027-01-28,14,MIA,MIL,
2027-01-28,14,PHI,NOP,
2027-01-28,14,SAC,WAS,
2027-01-29,14,CHO,MIN,
2027-01-29,14,CLE,TOR,
2027-01-29,14,DET,DAL,
2027-01-29,14,LAC,BRK,
2027-01-29,14,ORL,HOU,
2027-01-29,14,PHO,BOS,
2027-01-30,14,ATL,MIL,
2027-01-30,14,DEN,OKC,
2027-01-30,14,LAL,NYK,
2027-01-30,14,MEM,UTA,
2027-01-30,14,NOP,CLE,
2027-01-30,14,PHI,MIA,
2027-01-30,14,SAS,GSW,
2027-01-30,14,WAS,IND,
2027-01-31,14,BOS,TOR,
2027-01-31,14,BRK,ORL,
2027-01-31,14,CHI,OKC,
2027-01-31,14,HOU,DAL,
2027-01-31,14,LAL,CHO,
2027-01-31,14,PHO,MIN,
2027-01-31,14,POR,DEN,
2027-01-31,14,SAC,DET,
2027-02-01,15,CLE,UTA,
2027-02-01,15,MEM,MIL,
2027-02-01,15,MIA,IND,
2027-02-01,15,NOP,PHI,
2027-02-01,15,NYK,BRK,
2027-02-01,15,SAS,GSW,
2027-02-01,15,WAS,ATL,
2027-02-02,15,CHI,DET,
2027-02-02,15,CHO,MIA,
2027-02-02,15,LAL,BOS,
2027-02-02,15,MIN,POR,
2027-02-02,15,NOP,ORL,
2027-02-02,15,OKC,DEN,
2027-02-02,15,SAS,LAC,
2027-02-02,15,TOR,DAL,
2027-02-03,15,ATL,IND,
2027-02-03,15,CLE,PHO,
2027-02-03,15,GSW,LAC,
2027-02-03,15,NYK,DET,
2027-02-03,15,PHI,MEM,
2027-02-03,15,UTA,HOU,
2027-02-04,15,BOS,CHO,
2027-02-04,15,CLE,POR,
2027-02-04,15,DAL,DEN,
2027-02-04,15,LAL,BRK,
2027-02-04,15,MIL,MIA,
2027-02-04,15,MIN,SAC,
2027-02-04,15,NOP,WAS,
2027-02-04,15,OKC,CHI,
2027-02-04,15,ORL,SAS,
2027-02-04,15,TOR,NYK,
2027-02-05,15,BOS,ATL,
2027-02-05,15,DET,PHI,
2027-02-05,15,GSW,CHO,
2027-02-05,15,HOU,PHO,
2027-02-05,15,IND,OKC,
2027-02-05,15,LAC,DEN,
2027-02-06,15,LAL,SAS,
2027-02-06,15,MIA,MIN,
2027-02-06,15,MIL,TOR,
2027-02-06,15,NOP,CHI,
2027-02-06,15,ORL,CLE,
2027-02-06,15,PHO,SAC,
2027-02-06,15,POR,MEM,
2027-02-06,15,UTA,DAL,
2027-02-06,15,WAS,BRK,
2027-02-07,15,BOS,PHI,
2027-02-07,15,CHO,TOR,
2027-02-07,15,DEN,ATL,
2027-02-07,15,GSW,DET,
2027-02-07,15,HOU,SAC,
2027-02-07,15,LAC,DAL,
2027-02-07,15,NYK,OKC,
2027-02-07,15,UTA,MIN,
2027-02-08,16,BRK,PHI,
2027-02-08,16,CHI,WAS,
2027-02-08,16,LAL,PHO,
2027-02-08,16,MIA,ATL,
2027-02-08,16,NOP,IND,
2027-02-08,16,ORL,MIL,
2027-02-08,16,POR,MEM,
2027-02-09,16,CHO,NYK,
2027-02-09,16,DEN,BOS,
2027-02-09,16,DET,LAC,
2027-02-09,16,GSW,CHI,
2027-02-09,16,HOU,UTA,
2027-02-09,16,MIN,BRK,
2027-02-09,16,POR,OKC,
2027-02-09,16,SAC,MIL,
2027-02-09,16,SAS,DAL,
2027-02-09,16,TOR,CLE,
2027-02-10,16,CLE,IND,
2027-02-10,16,DET,PHO,
2027-02-10,16,GSW,BOS,
2027-02-10,16,LAC,LAL,
2027-02-10,16,MIA,WAS,
2027-02-10,16,NOP,ATL,
2027-02-10,16,ORL,MEM,
2027-02-11,16,CHI,DEN,
2027-02-11,16,MIL,CHO,
2027-02-11,16,NYK,PHI,
2027-02-11,16,POR,DAL,
2027-02-11,16,SAC,HOU,
2027-02-11,16,SAS,OKC,
2027-02-11,16,UTA,IND,
2027-02-12,16,BRK,WAS,
2027-02-12,16,CLE,TOR,
2027-02-12,16,DEN,LAL,
2027-02-12,16,HOU,NOP,
2027-02-12,16,LAC,MEM,
2027-02-12,16,MIA,ORL,
2027-02-12,16,MIN,BOS,
2027-02-12,16,PHO,ATL,
2027-02-13,16,DAL,CHO,
2027-02-13,16,DET,POR,
2027-02-13,16,GSW,NYK,
2027-02-13,16,MIL,WAS,
2027-02-13,16,PHI,OKC,
2027-02-13,16,SAC,IND,
2027-02-13,16,SAS,ORL,
2027-02-14,16,BRK,MIA,
2027-02-14,16,CHI,POR,
2027-02-14,16,DEN,HOU,
2027-02-14,16,LAC,NOP,
2027-02-14,16,PHO,CLE,
2027-02-14,16,SAC,ATL,
2027-02-14,16,TOR,BOS,
2027-02-15,17,DET,UTA,
2027-02-15,17,IND,GSW,
2027-02-15,17,MIN,CHO,
2027-02-15,17,NYK,MEM,
2027-02-15,17,ORL,OKC,
2027-02-15,17,PHI,DAL,
2027-02-15,17,PHO,WAS,
2027-02-15,17,SAS,MIA,
2027-02-16,17,CHI,LAL,
2027-02-16,17,HOU,LAC,
2027-02-16,17,MIL,CLE,
2027-02-16,17,NOP,POR,
2027-02-16,17,TOR,ATL,
2027-02-17,17,ATL,BRK,
2027-02-17,17,BOS,OKC,
2027-02-17,17,CHI,LAC,
2027-02-17,17,DAL,ORL,
2027-02-17,17,IND,SAC,
2027-02-17,17,MIA,WAS,
2027-02-17,17,MIL,CLE,
2027-02-17,17,NOP,GSW,
2027-02-17,17,NYK,DET,
2027-02-17,17,PHO,PHI,
2027-02-17,17,SAS,MEM,
2027-02-17,17,TOR,CHO,
2027-02-17,17,UTA,DEN,
2027-02-18,17,BOS,MEM,
2027-02-18,17,HOU,LAL,
2027-02-18,17,IND,POR,
2027-02-18,17,SAS,MIN,
2027-02-25,17,ATL,CHI,
2027-02-25,17,CHO,ORL,
2027-02-25,17,DAL,GSW,
2027-02-25,17,MIA,DET,
2027-02-25,17,OKC,NYK,
2027-02-25,17,PHI,BRK,
2027-02-25,17,PHO,NOP,
2027-02-25,17,SAC,CLE,
2027-02-25,17,UTA,LAC,
2027-02-25,17,WAS,MIL,
2027-02-26,17,ATL,TOR,
2027-02-26,17,CHO,HOU,
2027-02-26,17,CLE,BOS,
2027-02-26,17,DAL,POR,
2027-02-26,17,IND,MIN,
2027-02-26,17,LAL,DEN,
2027-02-26,17,MEM,SAS,
2027-02-27,17,BRK,CHI,
2027-02-27,17,NOP,PHO,
2027-02-27,17,OKC,DET,
2027-02-27,17,PHI,NYK,
2027-02-27,17,SAC,MEM,
2027-02-27,17,WAS,UTA,
2027-02-28,17,ATL,ORL,
2027-02-28,17,BOS,MIN,
2027-02-28,17,DEN,SAS,
2027-02-28,17,LAL,DAL,
2027-02-28,17,MIA,HOU,
2027-02-28,17,MIL,NYK,
2027-02-28,17,POR,LAC,
2027-02-28,17,SAC,CHO,
2027-02-28,17,TOR,IND,
2027-03-01,18,BRK,DEN,
2027-03-01,18,CHI,DET,
2027-03-01,18,GSW,HOU,
2027-03-01,18,PHI,CLE,
2027-03-01,18,UTA,NOP,
2027-03-01,18,WAS,PHO,
2027-03-02,18,BOS,IND,
2027-03-02,18,DET,MIL,
2027-03-02,18,GSW,DAL,
2027-03-02,18,LAC,POR,
2027-03-02,18,LAL,ORL,
2027-03-02,18,MEM,NYK,
2027-03-02,18,MIN,OKC,
2027-03-02,18,TOR,MIA,
2027-03-02,18,WAS,SAC,
2027-03-03,18,BRK,PHO,
2027-03-03,18,CHI,ATL,
2027-03-03,18,CHO,PHI,
2027-03-03,18,NOP,HOU,
2027-03-03,18,SAS,DEN,
2027-03-03,18,TOR,MIA,
2027-03-03,18,UTA,MIL,
2027-03-04,18,BRK,LAC,
2027-03-04,18,IND,ORL,
2027-03-04,18,LAL,PHI,
2027-03-04,18,MEM,ATL,
2027-03-04,18,NYK,DAL,
2027-03-04,18,OKC,SAC,
2027-03-04,18,POR,CLE,
2027-03-04,18,WAS,GSW,
2027-03-05,18,BOS,DET,
2027-03-05,18,MIL,NOP,
2027-03-05,18,MIN,PHO,
2027-03-05,18,POR,TOR,
2027-03-05,18,SAS,HOU,
2027-03-05,18,UTA,ORL,
2027-03-06,18,ATL,CLE,
2027-03-06,18,CHO,CHI,
2027-03-06,18,IND,MIA,
2027-03-06,18,LAC,SAC,
2027-03-06,18,NOP,MEM,
2027-03-06,18,OKC,LAL,
2027-03-06,18,UTA,WAS,
2027-03-07,18,BRK,LAL,
2027-03-07,18,HOU,GSW,
2027-03-07,18,MIN,DEN,
2027-03-07,18,NYK,SAS,
2027-03-07,18,PHI,BOS,
2027-03-07,18,POR,CHI,
2027-03-08,19,ATL,MEM,
2027-03-08,19,CHO,IND,
2027-03-08,19,DAL,OKC,
2027-03-08,19,DEN,SAC,
2027-03-08,19,HOU,LAC,
2027-03-08,19,NOP,MIN,
2027-03-08,19,PHO,MIA,
2027-03-08,19,UTA,PHI,
2027-03-09,19,BOS,CHI,
2027-03-09,19,CLE,DET,
2027-03-09,19,MEM,DAL,
2027-03-09,19,MIL,BRK,
2027-03-09,19,PHO,ORL,
2027-03-09,19,POR,GSW,
2027-03-09,19,WAS,SAS,
2027-03-10,19,ATL,MIN,
2027-03-10,19,DEN,POR,
2027-03-10,19,GSW,SAC,
2027-03-10,19,HOU,UTA,
2027-03-10,19,NOP,CHO,
2027-03-10,19,NYK,LAC,
2027-03-10,19,OKC,TOR,
2027-03-10,19,ORL,MIA,
2027-03-11,19,BRK,ATL,
2027-03-11,19,CLE,LAC,
2027-03-11,19,IND,CHO,
2027-03-11,19,MEM,BOS,
2027-03-11,19,MIL,DET,
2027-03-11,19,NYK,LAL,
2027-03-11,19,PHI,SAS,
2027-03-11,19,PHO,CHI,
2027-03-11,19,WAS,DAL,
2027-03-12,19,CLE,LAL,
2027-03-12,19,GSW,DEN,
2027-03-12,19,MIA,MIL,
2027-03-12,19,OKC,BOS,
2027-03-12,19,SAC,UTA,
2027-03-12,19,TOR,NOP,
2027-03-13,19,BRK,DET,
2027-03-13,19,IND,HOU,
2027-03-13,19,LAC,POR,
2027-03-13,19,MEM,CHI,
2027-03-13,19,NOP,DAL,
2027-03-13,19,ORL,ATL,
2027-03-13,19,PHI,MIN,
2027-03-13,19,PHO,CHO,
2027-03-14,19,BOS,NYK,
2027-03-14,19,CLE,SAC,
2027-03-14,19,DET,TOR,
2027-03-14,19,GSW,LAL,
2027-03-14,19,MIA,DEN,
2027-03-14,19,SAS,OKC,
2027-03-14,19,WAS,MIN,
2027-03-15,20,ATL,DAL,
2027-03-15,20,IND,BRK,
2027-03-15,20,ORL,CHI,
2027-03-15,20,PHO,MEM,
2027-03-15,20,TOR,PHI,
2027-03-16,20,CHO,OKC,
2027-03-16,20,CLE,GSW,
2027-03-16,20,DEN,LAC,
2027-03-16,20,DET,IND,
2027-03-16,20,LAL,POR,
2027-03-16,20,MIN,NOP,
2027-03-16,20,NYK,WAS,
2027-03-16,20,ORL,MIL,
2027-03-16,20,SAC,BOS,
2027-03-16,20,SAS,HOU,
2027-03-17,20,ATL,UTA,
2027-03-17,20,BRK,HOU,
2027-03-17,20,CHI,PHI,
2027-03-17,20,DAL,OKC,
2027-03-17,20,MEM,GSW,
2027-03-17,20,MIA,POR,
2027-03-17,20,PHO,LAL,
2027-03-17,20,SAC,NYK,
2027-03-18,20,BRK,SAS,
2027-03-18,20,CHO,NOP,
2027-03-18,20,CLE,DEN,
2027-03-18,20,DET,MIL,
2027-03-18,20,MEM,LAC,
2027-03-18,20,MIN,UTA,
2027-03-18,20,ORL,BOS,
2027-03-18,20,PHI,WAS,
2027-03-18,20,TOR,IND,
2027-03-19,20,ATL,LAL,
2027-03-19,20,DAL,SAS,
2027-03-19,20,HOU,NOP,
2027-03-19,20,MIA,PHO,
2027-03-19,20,POR,GSW,
2027-03-19,20,SAC,TOR,
2027-03-20,20,ATL,LAC,
2027-03-20,20,CHI,CLE,
2027-03-20,20,CHO,DET,
2027-03-20,20,DEN,ORL,
2027-03-20,20,IND,MIL,
2027-03-20,20,OKC,MEM,
2027-03-20,20,WAS,NYK,
2027-03-21,20,DAL,LAL,
2027-03-21,20,DEN,MIA,
2027-03-21,20,NOP,BOS,
2027-03-21,20,POR,PHO,
2027-03-21,20,SAC,BRK,
2027-03-21,20,SAS,PHI,
2027-03-21,20,TOR,UTA,
2027-03-22,21,ATL,GSW,
2027-03-22,21,CHO,MEM,
2027-03-22,21,DAL,LAC,
2027-03-22,21,DET,MIN,
2027-03-22,21,HOU,CLE,
2027-03-22,21,IND,ORL,
2027-03-22,21,SAC,CHI,
2027-03-22,21,WAS,MIL,
2027-03-23,21,BOS,BRK,
2027-03-23,21,LAL,MIA,
2027-03-23,21,NOP,NYK,
2027-03-23,21,OKC,PHO,
2027-03-23,21,PHI,UTA,
2027-03-23,21,TOR,POR,
2027-03-24,21,ATL,SAC,
2027-03-24,21,DAL,MIN,
2027-03-24,21,DEN,WAS,
2027-03-24,21,DET,CHO,
2027-03-24,21,HOU,NYK,
2027-03-24,21,MEM,IND,
2027-03-24,21,MIL,LAC,
2027-03-24,21,OKC,PHO,
2027-03-24,21,ORL,CHI,
2027-03-24,21,PHI,GSW,
2027-03-24,21,SAS,BOS,
2027-03-25,21,CHI,MEM,
2027-03-25,21,DEN,BRK,
2027-03-25,21,HOU,DET,
2027-03-25,21,LAL,CLE,
2027-03-25,21,SAS,IND,
2027-03-25,21,TOR,GSW,
2027-03-25,21,UTA,MIA,
2027-03-26,21,LAC,OKC,
2027-03-26,21,MIL,PHO,
2027-03-26,21,NOP,DAL,
2027-03-26,21,NYK,CHO,
2027-03-26,21,ORL,MIN,
2027-03-26,21,PHI,POR,
2027-03-27,21,BOS,MIA,
2027-03-27,21,GSW,WAS,
2027-03-27,21,LAC,CHI,
2027-03-27,21,MIL,POR,
2027-03-27,21,SAS,DET,
2027-03-27,21,TOR,SAC,
2027-03-27,21,UTA,ATL,
2027-03-28,21,BOS,NOP,
2027-03-28,21,DAL,WAS,
2027-03-28,21,LAL,HOU,
2027-03-28,21,MEM,BRK,
2027-03-28,21,NYK,ORL,
2027-03-28,21,OKC,MIN,
2027-03-28,21,PHI,DEN,
2027-03-28,21,TOR,PHO,
2027-03-28,21,UTA,CHO,
2027-03-29,22,DAL,MIL,
2027-03-29,22,DEN,SAC,
2027-03-29,22,GSW,BRK,
2027-03-29,22,IND,CHI,
2027-03-29,22,LAC,DET,
2027-03-29,22,MIA,CLE,
2027-03-29,22,MIN,ATL,
2027-03-29,22,PHO,SAS,
2027-03-30,22,BOS,IND,
2027-03-30,22,HOU,POR,
2027-03-30,22,LAL,MEM,
2027-03-30,22,MIA,CHO,
2027-03-30,22,NYK,ORL,
2027-03-30,22,OKC,UTA,
2027-03-31,22,CHI,WAS,
2027-03-31,22,CLE,BRK,
2027-03-31,22,DEN,DAL,
2027-03-31,22,GSW,PHI,
2027-03-31,22,HOU,POR,
2027-03-31,22,LAC,ATL,
2027-03-31,22,NOP,MIL,
2027-03-31,22,PHO,SAS,
2027-03-31,22,SAC,MIN,
2027-03-31,22,TOR,DET,
2027-04-01,22,BOS,CLE,
2027-04-01,22,CHO,NYK,
2027-04-01,22,LAL,OKC,
2027-04-01,22,ORL,IND,
2027-04-02,22,ATL,TOR,
2027-04-02,22,CHO,MIL,
2027-04-02,22,DEN,PHO,
2027-04-02,22,DET,CHI,
2027-04-02,22,GSW,MIN,
2027-04-02,22,MEM,HOU,
2027-04-02,22,MIA,BOS,
2027-04-02,22,NYK,BRK,
2027-04-02,22,PHI,WAS,
2027-04-02,22,SAC,DAL,
2027-04-02,22,SAS,LAC,
2027-04-02,22,UTA,POR,
2027-04-03,22,NOP,OKC,
2027-04-03,22,WAS,ORL,
2027-04-04,22,ATL,PHI,
2027-04-04,22,BOS,NYK,
2027-04-04,22,BRK,MIL,
2027-04-04,22,CHI,HOU,
2027-04-04,22,CHO,CLE,
2027-04-04,22,GSW,SAC,
2027-04-04,22,IND,TOR,
2027-04-04,22,MEM,DEN,
2027-04-04,22,MIA,DET,
2027-04-04,22,MIN,DAL,
2027-04-04,22,PHO,LAC,
2027-04-04,22,POR,UTA,
2027-04-04,22,SAS,LAL,
2027-04-05,23,BRK,CLE,
2027-04-05,23,MIA,ORL,
2027-04-05,23,WAS,NOP,
2027-04-06,23,CHI,MIL,
2027-04-06,23,DAL,LAL,
2027-04-06,23,DET,MEM,
2027-04-06,23,IND,CHO,
2027-04-06,23,MIN,LAC,
2027-04-06,23,NOP,DEN,
2027-04-06,23,NYK,ATL,
2027-04-06,23,OKC,UTA,
2027-04-06,23,PHI,TOR,
2027-04-06,23,PHO,GSW,
2027-04-06,23,SAC,SAS,
2027-04-07,23,BOS,ORL,
2027-04-07,23,BRK,TOR,
2027-04-07,23,CHO,CHI,
2027-04-07,23,CLE,SAS,
2027-04-07,23,DAL,POR,
2027-04-07,23,IND,DET,
2027-04-07,23,MIN,LAL,
2027-04-07,23,SAC,HOU,
2027-04-07,23,WAS,MEM,
2027-04-08,23,GSW,OKC,
2027-04-08,23,LAC,DEN,
2027-04-08,23,NOP,UTA,
2027-04-08,23,NYK,MIL,
2027-04-08,23,PHI,MIA,
2027-04-09,23,BOS,ATL,
2027-04-09,23,BRK,CHO,
2027-04-09,23,CLE,IND,
2027-04-09,23,DAL,SAC,
2027-04-09,23,DEN,SAS,
2027-04-09,23,DET,NYK,
2027-04-09,23,GSW,OKC,
2027-04-09,23,LAC,UTA,
2027-04-09,23,MEM,PHO,
2027-04-09,23,MIL,CHI,
2027-04-09,23,MIN,LAL,
2027-04-09,23,POR,HOU,
2027-04-09,23,TOR,ORL,
2027-04-09,23,WAS,MIA,
2027-04-11,23,ATL,CLE,
2027-04-11,23,CHI,NOP,
2027-04-11,23,CHO,PHI,
2027-04-11,23,DET,WAS,
2027-04-11,23,HOU,MIN,
2027-04-11,23,IND,NYK,
2027-04-11,23,MEM,DAL,
2027-04-11,23,MIL,BOS,
2027-04-11,23,OKC,DEN,
2027-04-11,23,ORL,MIA,
2027-04-11,23,PHO,LAL,
2027-04-11,23,POR,SAS,
2027-04-11,23,SAC,LAC,
2027-04-11,23,TOR,BRK,
2027-04-11,23,UTA,GSW,
