team,w1,w2,w3,w4,w5,w6,w7,w8,w9,w10,w11,w12,w13,w14,w15,w16,w17,w18,w19,w20,w21,w22,w23,dated_total,undated_knockout,b2b_total,b2b_w19_21,po_w19_21,po_w20_22
ATL,3,4,4,3,3,2,3,4,3,3,4,3,4,3,4,4,5,3,4,4,3,4,3,80,2,14,2,11,11
BOS,2,4,4,3,4,3,3,4,2,4,3,3,4,4,4,4,4,3,4,3,4,4,3,80,2,16,3,11,11
BRK,3,3,4,2,3,4,3,4,4,3,4,4,3,4,3,4,3,4,3,4,3,4,4,80,2,16,1,10,11
CHI,3,3,3,3,4,3,3,4,3,3,5,3,3,4,3,4,4,4,3,3,4,4,4,80,2,15,1,10,11
CHO,3,4,3,3,2,3,3,4,4,4,4,3,3,4,4,3,5,2,4,3,4,4,4,80,2,13,1,11,11
CLE,2,4,4,4,3,3,3,4,3,4,3,4,3,4,4,4,4,3,4,3,2,4,4,80,2,16,1,9,9
DAL,3,3,4,4,3,2,2,4,3,3,4,3,4,4,4,3,5,2,4,4,4,4,4,80,2,16,2,12,12
DEN,2,3,3,3,4,3,3,3,4,4,3,5,3,4,4,4,3,3,4,4,3,4,4,80,2,14,3,11,11
DET,3,3,3,3,4,3,3,4,4,3,4,3,3,4,4,3,4,3,4,3,4,4,4,80,2,15,2,11,11
GSW,3,4,3,3,4,3,2,4,4,3,3,4,4,3,4,3,3,4,4,3,4,4,4,80,2,15,3,11,11
HOU,3,4,3,4,3,3,3,4,2,4,3,4,4,4,3,4,4,4,3,3,4,4,3,80,2,14,3,10,11
IND,3,4,3,4,3,3,3,3,4,3,4,4,3,3,3,4,5,3,3,4,3,4,4,80,2,15,2,10,11
LAC,3,3,3,3,3,4,3,3,4,4,3,3,4,3,4,4,4,3,4,3,4,4,4,80,2,13,2,11,11
LAL,3,4,4,3,3,3,2,4,4,4,3,4,4,4,3,3,4,4,3,4,3,3,4,80,2,15,2,10,10
MEM,3,3,3,4,4,4,3,4,4,2,4,3,3,3,3,3,5,3,4,4,4,3,4,80,2,13,3,12,11
MIA,3,3,4,3,3,3,3,4,4,3,4,4,3,3,4,4,4,3,4,3,3,4,4,80,2,13,0,10,10
MIL,3,3,4,4,3,4,3,4,3,4,3,4,3,3,3,4,4,3,3,3,4,4,4,80,2,14,2,10,11
MIN,3,4,4,2,4,4,3,3,4,4,3,3,4,4,4,2,4,3,4,2,4,4,4,80,2,13,2,10,10
NOP,3,3,4,4,4,3,3,4,3,4,4,2,2,4,4,4,4,4,4,4,3,2,4,80,2,16,2,11,9
NYK,3,3,3,4,4,3,3,3,4,3,3,4,4,3,4,3,5,3,3,3,4,4,4,80,2,13,3,10,11
OKC,3,3,4,4,3,3,3,3,4,4,3,3,4,4,4,3,4,3,4,3,4,3,4,80,2,13,2,11,10
ORL,3,3,3,3,4,3,2,4,4,4,4,4,3,4,3,4,4,3,3,4,4,3,4,80,2,14,2,11,11
PHI,4,3,4,3,3,4,3,2,4,3,4,3,4,4,4,3,4,4,3,4,4,3,3,80,2,13,3,11,11
PHO,2,2,4,4,3,4,3,4,3,4,4,2,4,4,3,4,4,3,4,4,4,4,3,80,2,13,2,12,12
POR,2,3,4,3,4,4,3,3,4,2,4,4,4,3,3,5,4,4,3,4,3,4,3,80,2,15,3,10,11
SAC,3,3,4,3,3,3,3,3,3,4,4,4,3,4,3,4,4,3,4,4,3,4,4,80,2,14,2,11,11
SAS,3,3,4,4,3,4,3,4,4,4,3,2,3,3,4,3,5,3,3,4,3,4,4,80,2,13,2,10,11
TOR,3,3,3,4,3,3,3,4,3,4,4,4,3,4,4,3,4,3,3,4,4,3,4,80,2,15,3,11,11
UTA,3,3,4,4,4,3,3,4,3,3,4,4,4,3,4,2,4,4,3,3,4,3,4,80,2,13,2,10,10
WAS,3,3,4,4,4,2,3,4,4,3,3,4,4,3,3,4,4,4,3,3,4,3,4,80,2,14,1,10,10
