Rank,Player,Pos,Team,vs '25,Fantrax ADP,'25-26 FPPG,Avg rank
1,Nikola Jokić,C,DEN,+1,1.5,,1.4
2,Victor Wembanyama,C,SAS,-1,1.6,,1.8
3,Shai Gilgeous-Alexander,PG,OKC,,3.4,,2.9
4,Luka Dončić,PG,LAL,,3.7,,3.9
5,Anthony Edwards,SG/SF,MIN,+4,8.8,,7.2
6,Cade Cunningham,PG,DET,+10,5.5,,7.7
7,Tyrese Maxey,PG/SG,PHI,-1,8.6,,7.9
8,Giannis Antetokounmpo,PF/C,MIA,+27,8.9,,9.3
9,Jayson Tatum,SF/PF,BOS,-2,7.9,,10.0
10,Tyrese Haliburton,PG/SG,IND,-2,12.1,,11.7
11,Cooper Flagg,SF/PF,DAL,+2,11.2,,12.1
12,Donovan Mitchell,PG/SG,CLE,+2,14.4,,12.3
13,Scottie Barnes,SG/SF,TOR,+9,12.1,,13.6
14,Kevin Durant,SF/PF,HOU,+4,16.9,,16.3
15,Stephen Curry,PG,GSW,-4,19.8,,16.3
16,Jalen Johnson,PF,ATL,+15,9.9,,16.7
17,Jamal Murray,PG,DEN,-2,20.4,,16.9
18,Kawhi Leonard,SF/PF,TOR,-13,28.9,,18.1
19,Karl-Anthony Towns,C,NYK,-2,16.7,,18.1
20,Chet Holmgren,PF/C,OKC,-1,24.9,,19.8
21,Amen Thompson,SG/SF,HOU,-1,21.5,,22.0
22,Anthony Davis,PF/C,WAS,-12,28.5,,23.6
23,Trey Murphy III,SG/SF,NOP,-11,30.4,,25.7
24,Austin Reaves,PG/SG,LAL,,23.1,,26.6
25,Evan Mobley,PF/C,CLE,+11,29.8,,27.1
26,LaMelo Ball,PG,MIN,+13,25.1,,27.9
27,Lauri Markkanen,SF/PF,UTA,-2,35.2,,30.8
28,James Harden,PG/SG,CLE,+24,28.2,,31.4
29,Josh Giddey,PG/SG,CHI,+28,26.5,,31.8
30,Derrick White,PG/SG,BOS,-3,35.0,,32.9
31,Alperen Sengun,C,HOU,+28,20.4,,35.7
32,Bam Adebayo,PF/C,MIA,-6,35.0,,35.8
33,Devin Booker,PG/SG,PHX,+35,27.2,,36.7
34,Jalen Duren,C,DET,-1,42.1,,36.8
35,Trae Young,PG,WAS,+23,23.6,,36.9
36,Jaren Jackson Jr.,PF/C,UTA,-8,41.0,,38.4
37,Jalen Williams,SF/PF,OKC,-5,38.0,,38.6
38,Domantas Sabonis,PF/C,SAC,+10,38.2,,38.7
39,Walker Kessler,C,LAL,-1,36.6,,38.9
40,Desmond Bane,SG/SF,ORL,,48.9,,39.3
41,Kyrie Irving,PG,DAL,-20,51.7,,39.6
42,Jalen Brunson,PG,NYK,+19,31.5,,42.4
43,Brandon Miller,SG/SF,CHA,+3,43.4,,43.6
44,Donovan Clingan,C,POR,-1,49.1,,47.0
45,Darius Garland,PG,LAC,+6,54.0,,48.1
46,Onyeka Okongwu,C,ATL,-5,47.7,,48.4
47,Matas Buzelis,SF/PF,CHI,+2,58.7,,50.4
48,Dyson Daniels,PG/SG,ATL,-25,57.5,,51.1
49,Dejounte Murray,PG/SG,NOP,+5,54.8,,51.7
50,OG Anunoby,SF/PF,NYK,-8,58.4,,52.2
