expert_rank,player,team,pos,avg_rank,fantrax_adp,vs_25,our_rank,z_adj,yahoo_xrank,yahoo_adp,expert_name
1,Nikola Jokic,DEN,C,1.4,1.5,+1,3,9.969,2,2.0,Nikola Jokić
2,Victor Wembanyama,SAS,C,1.8,1.6,-1,2,10.003,1,1.6,Victor Wembanyama
3,Shai Gilgeous-Alexander,OKC,PG,2.9,3.4,,1,10.306,4,4.4,Shai Gilgeous-Alexander
4,Luka Doncic,LAL,"PG,SG",3.9,3.7,,4,4.77,3,3.7,Luka Dončić
5,Anthony Edwards,MIN,"PG,SG",7.2,8.8,+4,8,3.845,7,9.5,Anthony Edwards
6,Cade Cunningham,DET,"PG,SG",7.7,5.5,+10,11,3.159,5,6.5,Cade Cunningham
7,Tyrese Maxey,PHI,PG,7.9,8.6,-1,5,4.061,6,9.2,Tyrese Maxey
8,Giannis Antetokounmpo,MIA,"PF,C",9.3,8.9,+27,59,0.254,9,8.5,Giannis Antetokounmpo
9,Jayson Tatum,BOS,"SF,PF",10.0,7.9,-2,17,2.517,8,10.4,Jayson Tatum
10,Tyrese Haliburton,IND,"PG,SG",11.7,12.1,-2,27,2.095,12,17.8,Tyrese Haliburton
11,Cooper Flagg,DAL,"SG,SF,PF",12.1,11.2,+2,14,2.806,13,10.0,Cooper Flagg
12,Donovan Mitchell,CLE,"SG,PG",12.3,14.4,+2,15,2.774,11,14.8,Donovan Mitchell
13,Scottie Barnes,TOR,"SF,PF,C",13.6,12.1,+9,35,1.551,14,13.9,Scottie Barnes
14,Kevin Durant,HOU,"SF,PF,SG",16.3,16.9,+4,31,1.964,15,17.3,Kevin Durant
15,Stephen Curry,GSW,PG,16.3,19.8,-4,12,2.912,26,24.5,Stephen Curry
16,Jalen Johnson,ATL,"PF,SF",16.7,9.9,+15,28,2.083,10,12.5,Jalen Johnson
17,Jamal Murray,DEN,PG,16.9,20.4,-2,26,2.099,17,20.2,Jamal Murray
18,Kawhi Leonard,TOR,"SG,SF,PF",18.1,28.9,-13,25,2.106,33,27.3,Kawhi Leonard
19,Karl-Anthony Towns,NYK,"C,PF",18.1,16.7,-2,6,4.026,16,15.0,Karl-Anthony Towns
20,Chet Holmgren,OKC,"PF,C",19.8,24.9,-1,10,3.463,27,26.3,Chet Holmgren
21,Amen Thompson,HOU,"PG,SG",22.0,21.5,-1,30,1.98,21,24.1,Amen Thompson
22,Anthony Davis,WAS,"PF,C",23.6,28.5,-12,7,3.899,44,37.2,Anthony Davis
23,Trey Murphy III,NOP,"SG,SF",25.7,30.4,-11,21,2.423,35,39.5,Trey Murphy III
24,Austin Reaves,LAL,"SG,PG,SF",26.6,23.1,,18,2.493,20,21.9,Austin Reaves
25,Evan Mobley,CLE,"C,PF",27.1,29.8,+11,19,2.471,28,30.2,Evan Mobley
26,LaMelo Ball,MIN,PG,27.9,25.1,+13,42,1.06,23,25.0,LaMelo Ball
27,Lauri Markkanen,UTA,"PF,SF",30.8,35.2,-2,49,0.71,34,39.9,Lauri Markkanen
28,James Harden,CLE,"SG,PG",31.4,28.2,+24,36,1.533,30,36.1,James Harden
29,Josh Giddey,CHI,"PG,SG",31.8,26.5,+28,32,1.954,18,24.6,Josh Giddey
30,Derrick White,BOS,"SG,PG",32.9,35.0,-3,24,2.163,41,46.8,Derrick White
31,Alperen Sengun,HOU,"C,PF",35.7,20.4,+28,57,0.381,25,18.0,Alperen Sengun
32,Bam Adebayo,MIA,"C,PF",35.8,35.0,-6,33,1.769,32,30.7,Bam Adebayo
33,Devin Booker,PHX,"SG,PG",36.7,27.2,+35,13,2.873,24,27.8,Devin Booker
34,Jalen Duren,DET,C,36.8,42.1,-1,58,0.334,36,35.3,Jalen Duren
35,Trae Young,WAS,PG,36.9,23.6,+23,41,1.082,19,26.8,Trae Young
36,Jaren Jackson Jr,UTA,"C,PF",38.4,41.0,-8,34,1.695,43,51.0,Jaren Jackson Jr.
37,Jalen Williams,OKC,"SF,PF",38.6,38.0,-5,29,2.024,38,42.9,Jalen Williams
38,Domantas Sabonis,SAC,"C,PF",38.7,38.2,+10,20,2.456,22,29.5,Domantas Sabonis
39,Walker Kessler,LAL,C,38.9,36.6,-1,37,1.388,37,36.2,Walker Kessler
40,Desmond Bane,ORL,"SF,SG",39.3,48.9,,38,1.279,46,53.1,Desmond Bane
41,Kyrie Irving,DAL,PG,39.6,51.7,-20,16,2.733,48,52.1,Kyrie Irving
42,Jalen Brunson,NYK,PG,42.4,31.5,+19,47,0.846,29,22.5,Jalen Brunson
43,Brandon Miller,CHA,"SF,PF",43.6,43.4,+3,60,0.238,40,47.2,Brandon Miller
44,Donovan Clingan,POR,C,47.0,49.1,-1,119,-1.206,39,40.6,Donovan Clingan
45,Darius Garland,LAC,PG,48.1,54.0,+6,23,2.173,61,64.2,Darius Garland
46,Onyeka Okongwu,ATL,C,48.4,47.7,-5,45,0.98,50,54.9,Onyeka Okongwu
47,Matas Buzelis,CHI,"SF,PF",50.4,58.7,+2,79,-0.271,80,59.3,Matas Buzelis
48,Dyson Daniels,ATL,"SG,SF",51.1,57.5,-25,9,3.697,60,61.6,Dyson Daniels
49,Dejounte Murray,NOP,PG,51.7,54.8,+5,75,-0.168,64,71.1,Dejounte Murray
50,OG Anunoby,NYK,"SF,PF",52.2,58.4,-8,44,0.988,71,66.0,OG Anunoby
