Player,Pos,Team,Section,Tier,Claim
Derrick White,G,Celtics,sleepers,named,Brown gone; becomes Tatum's first mate; buy the dip after the slump
Walker Kessler,C,Lakers,sleepers,named,Dončić and Reaves feed easy buckets; rebounds and blocks if healthy
Coby White,G,Hornets,sleepers,named,18.3/5.3/4.0/1.3 on 46.8/40.0/86.7 without LaMelo and Bridges; paid by Charlotte
Kel'el Ware,F/C,Bucks,sleepers,named,fresh start in Milwaukee; a Turner trade would open minutes; 22 mpg last season
Cedric Coward,G/F,Grizzlies,sleepers,named,"All-Rookie first team, 13.6/5.9/2.8; Morant and Jackson vacate ~70% of usage"
Day'Ron Sharpe,C,Nets,sleepers,named,projected starting center; per-36 16.3/13.7/3.4/1.4/1.5; never 19 mpg
Alex Sarr,F/C,Wizards,sleepers,other,listed among other top values
Ivica Zubac,C,Pacers,sleepers,other,listed among other top values
OG Anunoby,F,Knicks,sleepers,other,listed among other top values
Paul George,F,Celtics,sleepers,other,listed among other top values
Norman Powell,G,Bulls,sleepers,other,listed among other top values
Julian Champagnie,F,Spurs,sleepers,other,listed among other top values
Cooper Flagg,G/F,Mavericks,breakouts,named,healthier cast; Kyrie healthy; consistent jumper the remaining step
Austin Reaves,G/F,Lakers,breakouts,named,28.8/5.8/6.8/1.3 on 52.2/36.1/87.9 in the 15 games LeBron missed in Oct-Nov
Brandon Miller,G/F,Hornets,breakouts,named,LaMelo and Bridges gone; 27/6/4/1/1 upside
Ryan Rollins,G,Bucks,breakouts,named,"leads the post-Giannis offense with Herro; assists, steals, threes"
Dylan Harper,G,Spurs,breakouts,named,18/6.4/3.0 off the bench in the Finals; Fox's leash shortening
Anthony Black,G/F,Magic,breakouts,named,"17.6/4.4/4.3 from Nov 15 to Feb 19 before back, abdominal and quad injuries; healthy now"
AJ Dybantsa,F,Wizards,breakouts,other,listed among other potential breakouts
Toumani Camara,F,Trail Blazers,breakouts,other,listed among other potential breakouts
Egor Dёmin,G,Nets,breakouts,other,listed among other potential breakouts
Caleb Wilson,F,Bulls,breakouts,other,listed among other potential breakouts
Ty Jerome,G,Grizzlies,breakouts,other,listed among other potential breakouts
Collin Murray-Boyles,F/C,Raptors,breakouts,other,listed among other potential breakouts
Jaylen Brown,F,76ers,busts,named,two MVPs and an All-NBA guard alongside; perhaps 300 fewer shots; not enough defense or FT to offset
De'Aaron Fox,G,Spurs,busts,named,18.6 ppg on 24.9% usage; younger options; shorter leash expected
Ja Morant,G,Blazers,busts,named,personality and injury red flags; relies on athleticism
Zion Williamson,F,Pelicans,busts,named,"missed 20 games; career-low 21 ppg, under 6 reb; no threes"
Dillon Brooks,G/F,Suns,busts,named,seven games after the All-Star break; fourth or fifth option with Bridges added; turns 31
Nikola Vučević,F/C,Magic,busts,named,games played down three straight years; backup-role risk in Orlando
Tyler Herro,G,Bucks,busts,other,listed among other potential busts
Franz Wagner,F,Magic,busts,other,listed among other potential busts
Michael Porter Jr.,F,Nets,busts,other,listed among other potential busts
Julius Randle,F,Nets,busts,other,listed among other potential busts
Joel Embiid,C,76ers,busts,other,listed among other potential busts
Josh Hart,F,Knicks,busts,other,listed among other potential busts
Myles Turner,F/C,Bucks,busts,other,listed among other potential busts
Derik Queen,F,Pelicans,busts,other,listed among other potential busts
