section,tier,player,team_src,team_kit,our_rank,z_adj,src_rank,yahoo_xrank,yahoo_adp,claim,src_name
sleepers,named,Derrick White,BOS,BOS,22,2.218,27,39,46.8,Brown gone; becomes Tatum's first mate; buy the dip after the slump,Derrick White
sleepers,named,Walker Kessler,LAL,LAL,37,1.575,37,40,36.2,Dončić and Reaves feed easy buckets; rebounds and blocks if healthy,Walker Kessler
sleepers,named,Coby White,CHA,CHA,98,-0.912,56,70,88.0,18.3/5.3/4.0/1.3 on 46.8/40.0/86.7 without LaMelo and Bridges; paid by Charlotte,Coby White
sleepers,named,Kel'el Ware,MIL,MIL,82,-0.38,90,77,72.4,fresh start in Milwaukee; a Turner trade would open minutes; 22 mpg last season,Kel'el Ware
sleepers,named,Cedric Coward,MEM,MEM,140,-1.709,96,88,91.3,"All-Rookie first team, 13.6/5.9/2.8; Morant and Jackson vacate ~70% of usage",Cedric Coward
sleepers,named,Day'Ron Sharpe,BKN,BKN,68,-0.016,105,90,94.3,projected starting center; per-36 16.3/13.7/3.4/1.4/1.5; never 19 mpg,Day'Ron Sharpe
sleepers,other,Alex Sarr,WAS,WAS,75,-0.149,57,72,69.9,listed among other top values,Alex Sarr
sleepers,other,Ivica Zubac,IND,IND,79,-0.317,46,66,65.4,listed among other top values,Ivica Zubac
sleepers,other,OG Anunoby,NYK,NYK,44,1.053,59,52,66.0,listed among other top values,OG Anunoby
sleepers,other,Paul George,BOS,BOS,49,0.685,67,68,81.1,listed among other top values,Paul George
sleepers,other,Norman Powell,CHI,CHI,85,-0.536,78,86,93.0,listed among other top values,Norman Powell
sleepers,other,Julian Champagnie,SAS,SAS,176,-2.656,129,181,109.7,listed among other top values,Julian Champagnie
breakouts,named,Cooper Flagg,DAL,DAL,13,2.916,14,12,10.0,healthier cast; Kyrie healthy; consistent jumper the remaining step,Cooper Flagg
breakouts,named,Austin Reaves,LAL,LAL,19,2.519,19,18,21.9,28.8/5.8/6.8/1.3 on 52.2/36.1/87.9 in the 15 games LeBron missed in Oct-Nov,Austin Reaves
breakouts,named,Brandon Miller,CHA,CHA,60,0.282,43,32,47.2,LaMelo and Bridges gone; 27/6/4/1/1 upside,Brandon Miller
breakouts,named,Ryan Rollins,MIL,MIL,175,-2.529,48,60,76.0,"leads the post-Giannis offense with Herro; assists, steals, threes",Ryan Rollins
breakouts,named,Dylan Harper,SAS,SAS,168,-2.46,65,97,84.0,18/6.4/3.0 off the bench in the Finals; Fox's leash shortening,Dylan Harper
breakouts,named,Anthony Black,ORL,ORL,181,-2.78,139,126,118.8,"17.6/4.4/4.3 from Nov 15 to Feb 19 before back, abdominal and quad injuries; healthy now",Anthony Black
breakouts,other,AJ Dybantsa,WAS,WAS,173,-2.495,72,96,77.3,listed among other potential breakouts,AJ Dybantsa
breakouts,other,Toumani Camara,POR,POR,81,-0.363,117,148,112.0,listed among other potential breakouts,Toumani Camara
breakouts,other,Egor Demin,BKN,BKN,206,-3.416,115,162,120.5,listed among other potential breakouts,Egor Dёmin
breakouts,other,Caleb Wilson,CHI,CHI,145,-1.997,80,94,79.3,listed among other potential breakouts,Caleb Wilson
breakouts,other,Ty Jerome,MEM,MEM,50,0.675,114,89,107.4,listed among other potential breakouts,Ty Jerome
breakouts,other,Collin Murray-Boyles,TOR,TOR,86,-0.578,125,117,115.9,listed among other potential breakouts,Collin Murray-Boyles
busts,named,Jaylen Brown,PHI,PHI,132,-1.562,40,45,28.5,two MVPs and an All-NBA guard alongside; perhaps 300 fewer shots; not enough defense or FT to offset,Jaylen Brown
busts,named,De'Aaron Fox,SAS,SAS,53,0.562,87,71,80.1,18.6 ppg on 24.9% usage; younger options; shorter leash expected,De'Aaron Fox
busts,named,Ja Morant,POR,POR,138,-1.63,100,106,91.8,personality and injury red flags; relies on athleticism,Ja Morant
busts,named,Zion Williamson,NOP,NOP,96,-0.834,81,79,70.0,"missed 20 games; career-low 21 ppg, under 6 reb; no threes",Zion Williamson
busts,named,Dillon Brooks,PHX,PHX,216,-3.584,,163,114.7,seven games after the All-Star break; fourth or fifth option with Bridges added; turns 31,Dillon Brooks
busts,named,Nikola Vucevic,ORL,ORL,130,-1.501,,171,114.6,games played down three straight years; backup-role risk in Orlando,Nikola Vučević
busts,other,Tyler Herro,MIL,MIL,43,1.068,63,58,67.3,listed among other potential busts,Tyler Herro
busts,other,Franz Wagner,ORL,ORL,66,0.049,62,53,53.5,listed among other potential busts,Franz Wagner
busts,other,Michael Porter Jr,BKN,BKN,45,0.883,70,49,61.2,listed among other potential busts,Michael Porter Jr.
busts,other,Julius Randle,BKN,BKN,110,-1.033,83,74,67.6,listed among other potential busts,Julius Randle
busts,other,Joel Embiid,PHI,PHI,21,2.329,68,46,50.7,listed among other potential busts,Joel Embiid
busts,other,Josh Hart,NYK,NYK,51,0.622,91,84,96.0,listed among other potential busts,Josh Hart
busts,other,Myles Turner,MIL,MIL,87,-0.579,118,108,99.0,listed among other potential busts,Myles Turner
busts,other,Derik Queen,NOP,NOP,162,-2.379,,119,78.0,listed among other potential busts,Derik Queen
