src_rank,player,team_src,team_kit,our_rank,z_adj,yahoo_xrank,yahoo_adp,printed_rank,profile,claim,src_name
1,Nikola Jokic,DEN,DEN,3,10.033,1,2.0,1,1,three MVPs in six years; led the league in rebounds and assists; 28 ppg,Nikola Jokić
2,Victor Wembanyama,SAS,SAS,2,10.208,2,1.6,2,1,elite blocks; fewer turnovers and more threes than Jokić; scoring and rebounding rising yearly,Victor Wembanyama
3,Shai Gilgeous-Alexander,OKC,OKC,1,10.348,4,4.4,3,1,"second MVP; elite scoring efficiency, defense and durability",Shai Gilgeous-Alexander
4,Luka Doncic,LAL,LAL,4,4.844,3,3.7,4,1,LeBron gone so usage rises; Kessler added; historic season possible,Luka Dončić
5,Cade Cunningham,DET,DET,11,3.21,5,6.5,5,1,fifth in MVP voting; missed 11 games late (collapsed lung); Harris gone,Cade Cunningham
6,Anthony Edwards,MIN,MIN,8,3.898,7,9.5,6,1,career highs in points and FG%; LaMelo arrives and should help,Anthony Edwards
7,Jayson Tatum,BOS,BOS,17,2.564,8,10.4,7,1,"Brown traded, Tatum runs the offense; 28/10/6 possible; no injury caveat given",Jayson Tatum
8,Jalen Johnson,ATL,ATL,24,2.174,13,12.5,8,1,72 games; 22.5/10.3/7.9/1.2; improving 3PT and FT,Jalen Johnson
9,Kawhi Leonard,LAC,TOR,25,2.139,35,27.3,9,1,in limbo with the Clippers at press time; suspension risk from the cap investigation; top-10 if he plays,Kawhi Leonard
10,Giannis Antetokounmpo,MIA,MIA,57,0.428,10,8.5,10,1,"healthy, motivated, on a contender; punt-FT centerpiece",Giannis Antetokounmpo
11,Scottie Barnes,TOR,TOR,35,1.658,17,13.9,11,1,career-high 80 games; 18.1 ppg on 50/30/80 with 7.5/5.9/1.4/1.5,Scottie Barnes
12,Tyrese Haliburton,IND,IND,26,2.12,9,17.8,12,1,first-round value when healthy; punt-rebounds build,Tyrese Haliburton
13,Tyrese Maxey,PHI,PHI,6,4.084,6,9.2,13,1,"slight regression likely next to LeBron, Brown and Embiid",Tyrese Maxey
14,Cooper Flagg,DAL,DAL,13,2.916,12,10.0,14,1,Rookie of the Year; 21.0/6.7/4.5/1.2/0.9; Kyrie's return eases point-guard duty,Cooper Flagg
15,Donovan Mitchell,CLE,CLE,15,2.803,11,14.8,15,1,paid as the main man; Harden 37 with lower usage,Donovan Mitchell
16,Kevin Durant,HOU,HOU,31,2.006,14,17.3,16,1,78 games at 37; 26/5.5/4.8 with near a steal and a block,Kevin Durant
17,Karl-Anthony Towns,NYK,NYK,5,4.104,16,15.0,17,1,20/12 over 75 games; 3PT% due to rebound from 37%; Mitchell Robinson gone,Karl-Anthony Towns
18,Josh Giddey,CHI,CHI,30,2.022,19,24.6,18,1,"May ankle arthroscopy, expected full go; 17/8/9 last season",Josh Giddey
19,Austin Reaves,LAL,LAL,19,2.519,18,21.9,19,1,28.4/7.8/4.8 in 16 games without LeBron,Austin Reaves
20,Chet Holmgren,OKC,OKC,10,3.602,31,26.3,20,1,17.1/8.9/1.9 blocks on 55.7 FG%; OKC departures open usage,Chet Holmgren
21,Jamal Murray,DEN,DEN,27,2.11,15,20.2,21,1,first All-Star; 25.4/7.1/4.4 with 3.3 threes on 48.3/43.5/88.7,Jamal Murray
22,Trae Young,WAS,WAS,39,1.109,21,26.8,22,1,15 games last season; Wizards uncertainty; boom-bust,Trae Young
23,LaMelo Ball,MIN,MIN,40,1.088,20,25.0,23,1,72 games; traded to Minnesota; everything but blocks,LaMelo Ball
24,Jalen Brunson,NYK,NYK,46,0.854,30,22.5,24,1,"26 ppg, 6.8 ast, 2.6 threes; little rebounding or defense",Jalen Brunson
25,Stephen Curry,GSW,GSW,12,2.923,22,24.5,25,1,still elite when active; Golden State's direction uncertain,Stephen Curry
26,James Harden,CLE,CLE,36,1.597,23,36.1,26,1,73.7 games a season over three years; 20 ppg and three threes,James Harden
27,Derrick White,BOS,BOS,22,2.218,39,46.8,27,1,"shooting slump last season (39.4 FG%, 32.7 3P%); rebound to prior levels expected",Derrick White
28,Trey Murphy III,NOP,NOP,20,2.467,24,39.5,28,1,22nd in 9-cat last season; a trade out of New Orleans possible,Trey Murphy III
29,Alperen Sengun,HOU,HOU,55,0.491,27,18.0,29,1,"points, rebounds, FG% and assists from center; Udoka's trust and young teammates a role risk",Alperen Şengün
30,Devin Booker,PHX,PHX,14,2.883,26,27.8,30,1,26 ppg but 64.8 games a season; 3 TO; shooting regressing two years,Devin Booker
31,Evan Mobley,CLE,CLE,34,1.765,29,30.2,31,1,floor 18/9/1.5 blocks at 55 FG%; missed 60 games over three seasons; healthy now,Evan Mobley
32,Deni Avdija,POR,POR,67,0.015,48,38.8,32,1,24.2/6.9/6.7 All-Star season; usage could dip with Morant; new coach Nori,Deni Avdija
33,Bam Adebayo,MIA,MIA,32,1.879,42,30.7,33,1,deferring to Giannis; 20/10 at 25% usage hard to repeat,Bam Adebayo
34,Amen Thompson,HOU,HOU,28,2.11,28,24.1,34,1,18.3/7.8/5.3/1.5 on 53.4 FG%; missed three games,Amen Thompson
35,Jalen Williams,OKC,OKC,29,2.091,37,42.9,35,1,"injury-plagued season; bounce-back expected with Dort, Wiggins and Joe gone",Jalen Williams
36,Lauri Markkanen,UTA,UTA,47,0.747,33,39.9,36,1,top-10 per game but 42 games (hip); 47 the year before,Lauri Markkanen
37,Walker Kessler,LAL,LAL,37,1.575,40,36.2,37,1,traded to the Lakers; double-double and 2.3 blocks; some injury issues,Walker Kessler
38,Jalen Duren,DET,DET,56,0.447,25,35.3,38,1,"no contract at press time; 19.5/10.5; 65 FG%, 74.7 FT%",Jalen Duren
39,Domantas Sabonis,SAC,SAC,18,2.536,41,29.5,39,1,"February meniscus surgery, expected ready; age 30",Domantas Sabonis
40,Jaylen Brown,PHI,PHI,132,-1.562,45,28.5,40,1,to Philadelphia; shared usage; top-40 called generous,Jaylen Brown
41,Jaren Jackson Jr,UTA,UTA,33,1.809,47,51.0,41,1,injury risk priced in; elite defensive production,Jaren Jackson Jr.
42,Pascal Siakam,IND,IND,83,-0.453,55,48.8,42,1,Haliburton's return; positive shooting regression,Pascal Siakam
43,Brandon Miller,CHA,CHA,60,0.282,32,47.2,43,1,LaMelo gone; 26/6/5 with 3-4 threes possible,Brandon Miller
44,LeBron James,PHI,PHI,141,-1.712,44,39.6,44,1,to Philadelphia; could lead the league in assists; may rest games,LeBron James
45,Paolo Banchero,ORL,ORL,129,-1.5,61,34.3,45,1,22.2/8.4/5.2; 3+ turnovers; 72+ games in three of four seasons,Paolo Banchero
46,Ivica Zubac,IND,IND,79,-0.317,66,65.4,46,1,recovered from the rib injury; first full season with Haliburton,Ivica Zubac
47,Kon Knueppel,CHA,CHA,105,-0.979,62,39.3,47,1,rookie record for threes; 18.5/5.3/3.4 on 47.5/42.5/86.3; usage up with LaMelo gone,Kon Knueppel
48,Ryan Rollins,MIL,MIL,175,-2.529,60,76.0,48,1,17.3/5.6/4.6/1.5 in 32.1 minutes; Giannis gone,Ryan Rollins
49,Nickeil Alexander-Walker,ATL,ATL,100,-0.93,50,60.2,49,1,"Most Improved; 20.8 ppg, 90.2 FT%; four games missed in three seasons",Nickeil Alexander-Walker
50,Desmond Bane,ORL,ORL,38,1.313,34,53.1,50,1,20/4/4/1 over 82 games on 48.4/39.1/90.8,Desmond Bane
51,Keyonte George,UTA,UTA,116,-1.116,38,56.0,51,0,,Keyonte George
52,Anthony Davis,WAS,WAS,7,4.02,43,37.2,52,0,,Anthony Davis
53,Kyrie Irving,DAL,DAL,16,2.751,36,52.1,53,0,,Kyrie Irving
54,Donovan Clingan,POR,POR,113,-1.045,54,40.6,54,0,,Donovan Clingan
55,Darius Garland,LAC,LAC,23,2.181,56,64.2,55,0,,Darius Garland
56,Coby White,CHA,CHA,98,-0.912,70,88.0,56,0,,Coby White
57,Alex Sarr,WAS,WAS,75,-0.149,72,69.9,57,0,,Alex Sarr
58,Onyeka Okongwu,ATL,ATL,41,1.072,51,54.9,58,0,,Onyeka Okongwu
59,OG Anunoby,NYK,NYK,44,1.053,52,66.0,59,0,,OG Anunoby
60,Dyson Daniels,ATL,ATL,9,3.812,69,61.6,60,0,,Dyson Daniels
61,Stephon Castle,SAS,SAS,91,-0.796,76,55.1,61,0,,Stephon Castle
62,Franz Wagner,ORL,ORL,66,0.049,53,53.5,62,0,,Franz Wagner
63,Tyler Herro,MIL,MIL,43,1.068,58,67.3,63,0,,Tyler Herro
64,Cameron Boozer,MEM,MEM,42,1.07,65,58.2,64,0,,Cameron Boozer
65,Dylan Harper,SAS,SAS,168,-2.46,97,84.0,65,0,,Dylan Harper
66,Zach Edey,MEM,MEM,63,0.107,64,74.1,66,0,,Zach Edey
67,Paul George,BOS,BOS,49,0.685,68,81.1,67,0,,Paul George
68,Joel Embiid,PHI,PHI,21,2.329,46,50.7,68,0,,Joel Embiid
69,Damian Lillard,POR,POR,90,-0.613,57,69.4,69,0,,Damian Lillard
70,Michael Porter Jr,BKN,BKN,45,0.883,49,61.2,70,0,,Michael Porter Jr.
71,Naz Reid,CHA,CHA,92,-0.798,81,63.6,71,0,,Naz Reid
72,AJ Dybantsa,WAS,WAS,173,-2.495,96,77.3,72,0,,AJ Dybantsa
73,Brandon Ingram,TOR,LAC,120,-1.29,67,65.4,73,0,,Brandon Ingram
74,Payton Pritchard,BOS,BOS,64,0.096,73,78.7,74,0,,Payton Pritchard
75,Jarrett Allen,CLE,CLE,59,0.297,83,71.9,75,0,,Jarrett Allen
76,Immanuel Quickley,TOR,TOR,109,-1.031,85,96.9,76,0,,Immanuel Quickley
77,Rudy Gobert,MIN,MIN,84,-0.467,87,73.3,77,0,,Rudy Gobert
78,Norman Powell,CHI,CHI,85,-0.536,86,93.0,78,0,,Norman Powell
79,Mikal Bridges,NYK,NYK,54,0.501,63,79.3,79,0,,Mikal Bridges
80,Caleb Wilson,CHI,CHI,145,-1.997,94,79.3,80,0,,Caleb Wilson
81,Zion Williamson,NOP,NOP,96,-0.834,79,70.0,81,0,,Zion Williamson
82,VJ Edgecombe,PHI,PHI,108,-1.016,75,74.8,82,0,,VJ Edgecombe
83,Julius Randle,BKN,BKN,110,-1.033,74,67.6,83,0,,Julius Randle
84,Peyton Watson,DEN,CLE,150,-2.11,99,116.1,84,0,,Peyton Watson
85,Dejounte Murray,NOP,NOP,72,-0.11,59,71.1,85,0,,Dejounte Murray
86,Kyshawn George,WAS,WAS,146,-2.022,134,116.3,86,0,,Kyshawn George
87,De'Aaron Fox,SAS,SAS,53,0.562,71,80.1,87,0,,De'Aaron Fox
88,Mark Williams,PHX,PHX,122,-1.366,182,106.2,88,0,,Mark Williams
89,Kevin Porter Jr,MIL,MIL,231,-3.836,131,117.3,89,0,,Kevin Porter Jr.
90,Kel'el Ware,MIL,MIL,82,-0.38,77,72.4,90,0,,Kel'el Ware
91,Josh Hart,NYK,NYK,51,0.622,84,96.0,91,0,,Josh Hart
92,Jalen Suggs,ORL,ORL,77,-0.219,92,111.1,92,0,,Jalen Suggs
93,Jabari Smith Jr,HOU,HOU,114,-1.057,100,95.1,93,0,,Jabari Smith Jr.
94,Jalen Green,PHX,PHX,142,-1.737,144,104.4,94,0,,Jalen Green
95,Matas Buzelis,CHI,CHI,76,-0.179,82,59.3,95,0,,Matas Buzelis
96,Cedric Coward,MEM,MEM,140,-1.709,88,91.3,96,0,,Cedric Coward
97,Miles Bridges,PHX,PHX,124,-1.418,95,97.9,97,0,,Miles Bridges
98,Ausar Thompson,DET,DET,62,0.125,78,89.5,98,0,,Ausar Thompson
99,Jaden McDaniels,MIN,MIN,52,0.603,80,87.4,99,0,,Jaden McDaniels
100,Ja Morant,POR,POR,138,-1.63,106,91.8,100,0,,Ja Morant
101,Andrew Wiggins,MIA,MIA,144,-1.997,93,103.1,101,0,,Andrew Wiggins
102,Nic Claxton,CHI,CHI,58,0.338,91,91.0,102,0,,Nic Claxton
103,Saddiq Bey,NOP,NOP,99,-0.914,132,121.5,103,0,,Saddiq Bey
104,Andrew Nembhard,IND,IND,163,-2.396,113,115.8,104,0,,Andrew Nembhard
105,Day'Ron Sharpe,BKN,BKN,68,-0.016,90,94.3,105,0,,Day'Ron Sharpe
106,Zach LaVine,SAC,SAC,69,-0.059,104,106.5,106,0,,Zach LaVine
107,Fred VanVleet,HOU,HOU,73,-0.121,139,119.5,107,0,,Fred VanVleet
108,Shaedon Sharpe,POR,POR,136,-1.603,203,117.6,108,0,,Shaedon Sharpe
109,Keegan Murray,SAC,SAC,106,-0.989,101,120.7,109,0,,Keegan Murray
110,CJ McCollum,ATL,ATL,135,-1.577,107,108.4,110,0,,CJ McCollum
111,Ayo Dosunmu,MIN,MIN,156,-2.279,110,113.4,111,0,,Ayo Dosunmu
112,Isaiah Hartenstein,OKC,OKC,102,-0.951,115,105.3,112,0,,Isaiah Hartenstein
113,Neemias Queta,BOS,BOS,248,-4.279,103,112.6,113,0,,Neemias Queta
114,Ty Jerome,MEM,MEM,50,0.675,89,107.4,114,0,,Ty Jerome
115,Egor Demin,BKN,BKN,206,-3.416,162,120.5,115,0,,Egor Dёmin
116,Darryn Peterson,UTA,UTA,174,-2.523,130,98.4,116,0,,Darryn Peterson
117,Toumani Camara,POR,POR,81,-0.363,148,112.0,117,0,,Toumani Camara
118,Myles Turner,MIL,MIL,87,-0.579,108,99.0,118,0,,Myles Turner
119,John Collins,DET,DET,71,-0.108,98,117.1,119,0,,John Collins
120,Moussa Diabate,CHA,CHA,180,-2.712,153,110.3,120,0,,Moussa Diabaté
121,Kristaps Porzingis,GSW,GSW,48,0.705,137,101.1,121,0,,Kristaps Porziņģis
122,Jusuf Nurkic,UTA,UTA,283,-5.313,114,113.8,122,0,,Jusuf Nurkić
123,Brandin Podziemski,GSW,GSW,118,-1.211,118,116.1,123,0,,Brandin Podziemski
124,Jakob Poeltl,TOR,TOR,123,-1.4,123,121.6,124,0,,Jakob Poeltl
125,Collin Murray-Boyles,TOR,TOR,86,-0.578,117,115.9,125,0,,Collin Murray-Boyles
126,Bobby Portis,MIA,MIA,177,-2.67,154,115.4,126,0,,Bobby Portis Jr.
127,Davion Mitchell,MIA,MIA,228,-3.732,102,119.1,126,0,,Davion Mitchell
128,RJ Barrett,TOR,TOR,212,-3.559,128,111.1,127,0,,RJ Barrett
129,Julian Champagnie,SAS,SAS,176,-2.656,181,109.7,128,0,,Julian Champagnie
130,Jrue Holiday,POR,POR,89,-0.597,146,118.3,129,0,,Jrue Holiday
131,Devin Vassell,SAS,SAS,126,-1.463,143,116.6,130,0,,Devin Vassell
132,Jaime Jaquez Jr,MIL,MIL,237,-3.999,135,103.7,131,0,,Jaime Jaquez Jr.
133,Wendell Carter Jr,ORL,ORL,157,-2.283,125,111.5,132,0,,Wendell Carter Jr.
134,PJ Washington,DAL,DAL,74,-0.132,164,117.8,133,0,,P.J. Washington
135,Reed Sheppard,HOU,HOU,103,-0.951,141,120.2,134,0,,Reed Sheppard
136,Jimmy Butler,GSW,GSW,65,0.066,138,117.4,135,0,,Jimmy Butler III
137,Naji Marshall,DAL,DAL,186,-2.874,191,118.4,136,0,,Naji Marshall
138,Yaxel Lendeborg,GSW,GSW,119,-1.239,129,116.4,137,0,,Yaxel Lendeborg
139,Anthony Black,ORL,ORL,181,-2.78,126,118.8,138,0,,Anthony Black
140,Darius Acuff,SAC,SAC,225,-3.697,159,110.1,139,0,,Darius Acuff Jr.
141,Cason Wallace,OKC,OKC,88,-0.581,124,117.7,140,0,,Cason Wallace
142,Jerami Grant,MEM,MEM,117,-1.205,142,118.5,141,0,,Jerami Grant
143,Draymond Green,GSW,GSW,107,-0.993,157,110.8,142,0,,Draymond Green
144,DeMar DeRozan,DEN,DEN,166,-2.446,127,116.6,143,0,,DeMar DeRozan
145,Jared McCain,OKC,OKC,155,-2.27,222,107.9,144,0,,Jared McCain
