Rank,Printed,Player,Pos,Team,Profile,Claim
1,1,Nikola Jokić,C,Nuggets,1,three MVPs in six years; led the league in rebounds and assists; 28 ppg
2,2,Victor Wembanyama,F/C,Spurs,1,elite blocks; fewer turnovers and more threes than Jokić; scoring and rebounding rising yearly
3,3,Shai Gilgeous-Alexander,G,Thunder,1,"second MVP; elite scoring efficiency, defense and durability"
4,4,Luka Dončić,G,Lakers,1,LeBron gone so usage rises; Kessler added; historic season possible
5,5,Cade Cunningham,G,Pistons,1,fifth in MVP voting; missed 11 games late (collapsed lung); Harris gone
6,6,Anthony Edwards,G,Timberwolves,1,career highs in points and FG%; LaMelo arrives and should help
7,7,Jayson Tatum,F,Celtics,1,"Brown traded, Tatum runs the offense; 28/10/6 possible; no injury caveat given"
8,8,Jalen Johnson,F,Hawks,1,72 games; 22.5/10.3/7.9/1.2; improving 3PT and FT
9,9,Kawhi Leonard,F,Clippers,1,in limbo with the Clippers at press time; suspension risk from the cap investigation; top-10 if he plays
10,10,Giannis Antetokounmpo,F/C,Heat,1,"healthy, motivated, on a contender; punt-FT centerpiece"
11,11,Scottie Barnes,F,Raptors,1,career-high 80 games; 18.1 ppg on 50/30/80 with 7.5/5.9/1.4/1.5
12,12,Tyrese Haliburton,G,Pacers,1,first-round value when healthy; punt-rebounds build
13,13,Tyrese Maxey,G,76ers,1,"slight regression likely next to LeBron, Brown and Embiid"
14,14,Cooper Flagg,F,Mavericks,1,Rookie of the Year; 21.0/6.7/4.5/1.2/0.9; Kyrie's return eases point-guard duty
15,15,Donovan Mitchell,G,Cavaliers,1,paid as the main man; Harden 37 with lower usage
16,16,Kevin Durant,F,Rockets,1,78 games at 37; 26/5.5/4.8 with near a steal and a block
17,17,Karl-Anthony Towns,C,Knicks,1,20/12 over 75 games; 3PT% due to rebound from 37%; Mitchell Robinson gone
18,18,Josh Giddey,G,Bulls,1,"May ankle arthroscopy, expected full go; 17/8/9 last season"
19,19,Austin Reaves,G,Lakers,1,28.4/7.8/4.8 in 16 games without LeBron
20,20,Chet Holmgren,F/C,Thunder,1,17.1/8.9/1.9 blocks on 55.7 FG%; OKC departures open usage
21,21,Jamal Murray,G,Nuggets,1,first All-Star; 25.4/7.1/4.4 with 3.3 threes on 48.3/43.5/88.7
22,22,Trae Young,G,Wizards,1,15 games last season; Wizards uncertainty; boom-bust
23,23,LaMelo Ball,G,Timberwolves,1,72 games; traded to Minnesota; everything but blocks
24,24,Jalen Brunson,G,Knicks,1,"26 ppg, 6.8 ast, 2.6 threes; little rebounding or defense"
25,25,Stephen Curry,G,Warriors,1,still elite when active; Golden State's direction uncertain
26,26,James Harden,G,Cavaliers,1,73.7 games a season over three years; 20 ppg and three threes
27,27,Derrick White,G,Celtics,1,"shooting slump last season (39.4 FG%, 32.7 3P%); rebound to prior levels expected"
28,28,Trey Murphy III,F,Pelicans,1,22nd in 9-cat last season; a trade out of New Orleans possible
29,29,Alperen Şengün,C,Rockets,1,"points, rebounds, FG% and assists from center; Udoka's trust and young teammates a role risk"
30,30,Devin Booker,G,Suns,1,26 ppg but 64.8 games a season; 3 TO; shooting regressing two years
31,31,Evan Mobley,F/C,Cavaliers,1,floor 18/9/1.5 blocks at 55 FG%; missed 60 games over three seasons; healthy now
32,32,Deni Avdija,G/F,Trail Blazers,1,24.2/6.9/6.7 All-Star season; usage could dip with Morant; new coach Nori
33,33,Bam Adebayo,F/C,Heat,1,deferring to Giannis; 20/10 at 25% usage hard to repeat
34,34,Amen Thompson,G/F,Rockets,1,18.3/7.8/5.3/1.5 on 53.4 FG%; missed three games
35,35,Jalen Williams,F,Thunder,1,"injury-plagued season; bounce-back expected with Dort, Wiggins and Joe gone"
36,36,Lauri Markkanen,F,Jazz,1,top-10 per game but 42 games (hip); 47 the year before
37,37,Walker Kessler,C,Lakers,1,traded to the Lakers; double-double and 2.3 blocks; some injury issues
38,38,Jalen Duren,C,Pistons,1,"no contract at press time; 19.5/10.5; 65 FG%, 74.7 FT%"
39,39,Domantas Sabonis,F/C,Kings,1,"February meniscus surgery, expected ready; age 30"
40,40,Jaylen Brown,G/F,76ers,1,to Philadelphia; shared usage; top-40 called generous
41,41,Jaren Jackson Jr.,F/C,Jazz,1,injury risk priced in; elite defensive production
42,42,Pascal Siakam,F,Pacers,1,Haliburton's return; positive shooting regression
43,43,Brandon Miller,G/F,Hornets,1,LaMelo gone; 26/6/5 with 3-4 threes possible
44,44,LeBron James,F,76ers,1,to Philadelphia; could lead the league in assists; may rest games
45,45,Paolo Banchero,F,Magic,1,22.2/8.4/5.2; 3+ turnovers; 72+ games in three of four seasons
46,46,Ivica Zubac,C,Pacers,1,recovered from the rib injury; first full season with Haliburton
47,47,Kon Knueppel,SF,Hornets,1,rookie record for threes; 18.5/5.3/3.4 on 47.5/42.5/86.3; usage up with LaMelo gone
48,48,Ryan Rollins,G,Bucks,1,17.3/5.6/4.6/1.5 in 32.1 minutes; Giannis gone
49,49,Nickeil Alexander-Walker,G/F,Hawks,1,"Most Improved; 20.8 ppg, 90.2 FT%; four games missed in three seasons"
50,50,Desmond Bane,G,Magic,1,20/4/4/1 over 82 games on 48.4/39.1/90.8
51,51,Keyonte George,G,Jazz,0,
52,52,Anthony Davis,F/C,Wizards,0,
53,53,Kyrie Irving,G,Mavericks,0,
54,54,Donovan Clingan,C,Trail Blazers,0,
55,55,Darius Garland,G,Clippers,0,
56,56,Coby White,G,Hornets,0,
57,57,Alex Sarr,C,Wizards,0,
58,58,Onyeka Okongwu,C,Hawks,0,
59,59,OG Anunoby,F,Knicks,0,
60,60,Dyson Daniels,G,Hawks,0,
61,61,Stephon Castle,G,Spurs,0,
62,62,Franz Wagner,F,Magic,0,
63,63,Tyler Herro,G,Bucks,0,
64,64,Cameron Boozer,F,Grizzlies,0,
65,65,Dylan Harper,G,Spurs,0,
66,66,Zach Edey,C,Grizzlies,0,
67,67,Paul George,F,Celtics,0,
68,68,Joel Embiid,C,76ers,0,
69,69,Damian Lillard,G,Trail Blazers,0,
70,70,Michael Porter Jr.,F,Nets,0,
71,71,Naz Reid,F/C,Hornets,0,
72,72,AJ Dybantsa,F,Wizards,0,
73,73,Brandon Ingram,G/F,Raptors,0,
74,74,Payton Pritchard,G,Celtics,0,
75,75,Jarrett Allen,C,Cavaliers,0,
76,76,Immanuel Quickley,G,Raptors,0,
77,77,Rudy Gobert,C,Timberwolves,0,
78,78,Norman Powell,G,Bulls,0,
79,79,Mikal Bridges,G/F,Knicks,0,
80,80,Caleb Wilson,F,Bulls,0,
81,81,Zion Williamson,F,Pelicans,0,
82,82,VJ Edgecombe,G,76ers,0,
83,83,Julius Randle,F,Nets,0,
84,84,Peyton Watson,F,Nuggets,0,
85,85,Dejounte Murray,G,Pelicans,0,
86,86,Kyshawn George,G/F,Wizards,0,
87,87,De'Aaron Fox,G,Spurs,0,
88,88,Mark Williams,C,Suns,0,
89,89,Kevin Porter Jr.,G,Bucks,0,
90,90,Kel'el Ware,F/C,Bucks,0,
91,91,Josh Hart,F,Knicks,0,
92,92,Jalen Suggs,G,Magic,0,
93,93,Jabari Smith Jr.,F/C,Rockets,0,
94,94,Jalen Green,G,Suns,0,
95,95,Matas Buzelis,F,Bulls,0,
96,96,Cedric Coward,G/F,Grizzlies,0,
97,97,Miles Bridges,F,Suns,0,
98,98,Ausar Thompson,G/F,Pistons,0,
99,99,Jaden McDaniels,F,Timberwolves,0,
100,100,Ja Morant,G,Trail Blazers,0,
101,101,Andrew Wiggins,F,Heat,0,
102,102,Nic Claxton,C,Bulls,0,
103,103,Saddiq Bey,F,Pelican,0,
104,104,Andrew Nembhard,G,Pacers,0,
105,105,Day'Ron Sharpe,C,Nets,0,
106,106,Zach LaVine,G/F,Kings,0,
107,107,Fred VanVleet,G,Rockets,0,
108,108,Shaedon Sharpe,G/F,Trail Blazers,0,
109,109,Keegan Murray,F,Kings,0,
110,110,CJ McCollum,G,Hawks,0,
111,111,Ayo Dosunmu,G/F,Timberwolves,0,
112,112,Isaiah Hartenstein,C,Thunder,0,
113,113,Neemias Queta,F/C,Celtics,0,
114,114,Ty Jerome,G,Grizzlies,0,
115,115,Egor Dёmin,G,Nets,0,
116,116,Darryn Peterson,G,Jazz,0,
117,117,Toumani Camara,F,Trail Blazers,0,
118,118,Myles Turner,C,Bucks,0,
119,119,John Collins,F/C,Pistons,0,
120,120,Moussa Diabaté,F/C,Hornets,0,
121,121,Kristaps Porziņģis,F/C,Warriors,0,
122,122,Jusuf Nurkić,C,Jazz,0,
123,123,Brandin Podziemski,G,Warriors,0,
124,124,Jakob Poeltl,C,Raptors,0,
125,125,Collin Murray-Boyles,F/C,Raptors,0,
126,126,Bobby Portis Jr.,F/C,Heat,0,
127,126,Davion Mitchell,G,Heat,0,
128,127,RJ Barrett,G/F,Raptors,0,
129,128,Julian Champagnie,F,Spurs,0,
130,129,Jrue Holiday,G,Trail Blazers,0,
131,130,Devin Vassell,G,Spurs,0,
132,131,Jaime Jaquez Jr.,G/F,Bucks,0,
133,132,Wendell Carter Jr.,C,Magic,0,
134,133,P.J. Washington,F/C,Mavericks,0,
135,134,Reed Sheppard,G,Rockets,0,
136,135,Jimmy Butler III,G/F,Warriors,0,
137,136,Naji Marshall,G/F,Mavericks,0,
138,137,Yaxel Lendeborg,F,Warriors,0,
139,138,Anthony Black,G/F,Magic,0,
140,139,Darius Acuff Jr.,G,Kings,0,
141,140,Cason Wallace,G/F,Thunder,0,
142,141,Jerami Grant,F,Grizzlies,0,
143,142,Draymond Green,F/C,Warriors,0,
144,143,DeMar DeRozan,F,Denver,0,
145,144,Jared McCain,G,Thunder,0,
