rank,player,team,gp,pts,tpm,reb,ast,stl,blk,tov,fg_pct,ft_pct,value,yahoo_adp_0926,yahoo_prerank_0926
1,Nikola Jokić,DEN,65,27.7,1.7,12.9,10.7,1.4,0.8,3.7,56.9,83.1,5.64,1.9,1
2,Victor Wembanyama,SAS,64,25.0,1.9,11.5,3.1,1.0,3.1,2.4,51.2,82.7,5.27,1.6,3
3,Shai Gilgeous-Alexander,OKC,68,31.1,1.7,4.3,6.6,1.4,0.8,2.2,55.3,87.9,5.42,4.1,2
4,Luka Dončić,LAL,64,33.4,4.0,7.7,8.2,1.6,0.5,4.0,47.6,78.0,3.95,3.5,5
5,Donovan Mitchell,CLE,70,27.9,3.2,4.5,5.7,1.5,0.3,2.8,48.3,86.5,3.27,13.8,8
6,Anthony Edwards,MIN,61,28.8,3.4,5.0,3.7,1.4,0.8,2.9,48.9,79.6,2.92,8.3,6
7,Jamal Murray,DEN,75,25.4,3.3,4.4,7.1,0.9,0.4,2.3,48.3,88.7,3.08,20.5,9
8,Giannis Antetokounmpo,MIA,36,27.6,0.4,9.8,5.4,0.9,0.7,3.2,62.4,65.0,2.00,7.8,50
9,Tyrese Maxey,PHI,70,28.3,3.1,4.1,6.6,1.9,0.8,2.4,46.2,89.2,4.23,8.8,4
10,Cade Cunningham,DET,64,23.9,2.0,5.5,9.9,1.4,0.8,3.7,46.1,81.1,2.78,6.2,25
11,Jalen Johnson,ATL,72,22.5,1.7,10.3,7.9,1.2,0.4,3.4,48.9,78.8,2.55,11.8,16
12,Austin Reaves,LAL,51,22.9,2.3,4.7,5.5,1.1,0.4,2.9,48.7,86.8,2.50,22.3,17
13,Jayson Tatum,BOS,16,21.8,2.9,10.0,5.3,1.4,0.2,2.4,41.1,82.3,2.46,9.8,14
14,Kawhi Leonard,TOR,65,27.5,2.6,6.2,3.6,1.8,0.4,2.0,50.8,88.8,4.17,29.3,15
15,Scottie Barnes,TOR,80,18.1,0.8,7.5,5.9,1.4,1.4,2.6,50.7,81.5,2.62,14.1,22
16,Cooper Flagg,DAL,70,21.0,1.0,6.7,4.5,1.2,0.9,2.3,46.8,82.7,1.90,10.1,7
17,Karl-Anthony Towns,NYK,75,20.1,1.5,11.9,3.0,0.9,0.5,2.5,50.1,85.8,2.38,15.0,13
18,Kevin Durant,HOU,78,26.0,2.4,5.5,4.8,0.8,0.9,3.2,52.0,87.4,3.01,16.9,27
19,Stephen Curry,GSW,43,26.5,4.4,3.6,4.7,1.1,0.4,2.8,47.0,92.2,3.09,23.9,11
20,Lauri Markkanen,UTA,42,26.6,2.7,6.8,2.1,1.0,0.5,1.5,47.8,89.6,3.29,38.7,18
21,Tyrese Haliburton,IND,,,,,,,,,,,,16.5,12
22,Amen Thompson,HOU,79,18.3,0.3,7.8,5.3,1.5,0.6,2.4,53.4,77.9,1.86,23.6,10
23,Chet Holmgren,OKC,69,17.1,1.3,8.9,1.7,0.6,1.9,1.6,55.7,79.2,2.26,27.7,19
24,Trey Murphy III,NOP,66,21.5,3.2,5.7,3.8,1.5,0.4,1.8,47.0,88.6,2.59,40.1,21
25,Bam Adebayo,MIA,73,20.1,1.7,10.0,3.2,1.2,0.7,1.6,44.2,77.8,2.04,30.1,30
26,James Harden,CLE,70,23.2,3.0,4.8,7.9,1.1,0.4,3.5,43.2,88.2,3.00,35.1,49
27,Alperen Sengun,HOU,72,20.4,0.6,8.9,6.2,1.2,1.1,3.2,51.9,69.1,1.86,18.4,57
28,Devin Booker,PHX,64,26.1,1.9,3.9,6.0,0.8,0.3,3.2,45.6,87.3,2.17,26.9,40
29,Derrick White,BOS,77,16.5,2.7,4.4,5.4,1.1,1.3,1.7,39.5,90.2,2.08,47.1,26
30,Evan Mobley,CLE,65,18.2,1.0,9.0,3.6,0.7,1.7,1.9,54.6,60.6,1.98,30.0,45
31,Jalen Brunson,NYK,74,26.0,2.6,3.3,6.8,0.8,0.1,2.4,46.7,84.1,1.87,21.9,42
32,Josh Giddey,CHI,54,17.0,1.9,8.3,9.1,1.0,0.5,3.6,44.8,76.3,1.58,23.8,61
33,Dyson Daniels,ATL,76,11.9,0.3,6.8,5.9,2.0,0.4,1.8,51.7,61.5,1.71,62.9,20
34,Donovan Clingan,POR,77,12.1,1.1,11.5,2.1,0.6,1.7,1.2,52.1,69.2,1.84,41.6,29
35,Jalen Duren,DET,70,19.5,0.0,10.5,2.0,0.8,0.8,1.9,65.0,74.7,1.53,36.0,28
36,Nickeil Alexander-Walker,ATL,78,20.8,3.2,3.4,3.7,1.3,0.5,2.1,45.9,90.2,2.12,60.1,24
37,Onyeka Okongwu,ATL,74,15.2,1.9,7.6,3.1,1.1,1.1,1.7,48.0,75.7,1.76,54.7,36
38,Desmond Bane,ORL,82,20.1,2.0,4.1,4.1,1.0,0.5,2.0,48.3,90.8,1.80,52.9,44
39,Domantas Sabonis,SAC,19,15.8,0.3,11.4,4.1,0.9,0.2,2.7,54.3,72.7,0.79,27.0,38
40,Michael Porter Jr.,BKN,52,24.2,3.4,7.1,3.0,1.1,0.3,2.3,46.3,85.9,2.13,59.6,55
41,Brandon Miller,CHA,65,20.2,3.1,4.9,3.3,1.0,0.7,2.5,43.5,89.2,1.56,46.8,46
42,Jaylen Brown,PHI,71,28.5,2.0,6.9,5.1,1.0,0.4,3.6,47.6,79.5,1.75,27.5,95
43,Jaren Jackson Jr.,UTA,48,19.4,1.8,5.7,2.0,1.1,1.4,2.2,47.6,80.3,1.70,50.5,54
44,Deni Avdija,POR,66,23.8,1.9,6.8,6.6,0.8,0.6,3.7,46.0,80.1,1.70,39.6,75
45,Alex Sarr,WAS,48,16.3,1.0,7.4,2.7,0.8,2.0,1.7,48.2,69.2,1.83,71.9,59
46,LeBron James,PHI,60,20.6,1.2,6.0,7.1,1.2,0.6,3.0,51.4,73.5,1.65,38.3,92
47,Joel Embiid,PHI,38,26.9,1.4,7.7,3.9,0.6,1.2,2.9,48.9,85.4,3.08,50.8,125
48,LaMelo Ball,MIN,72,20.1,3.8,4.8,7.1,1.2,0.2,2.8,40.7,89.9,1.72,26.0,62
49,OG Anunoby,NYK,67,16.7,2.3,5.2,2.2,1.6,0.7,1.8,48.4,82.8,1.72,66.6,60
50,Jalen Williams,OKC,33,17.1,0.7,4.6,5.5,1.2,0.3,1.9,48.4,83.7,1.04,42.5,35
51,Paolo Banchero,ORL,72,22.2,1.2,8.4,5.2,0.7,0.6,3.1,45.9,77.5,1.04,34.1,119
52,Franz Wagner,ORL,34,20.6,1.4,5.2,3.3,0.9,0.3,1.7,48.1,82.3,1.33,53.2,39
53,Kon Knueppel,CHA,81,18.5,3.4,5.3,3.4,0.7,0.2,2.0,47.5,86.3,1.18,40.4,23
54,Walker Kessler,LAL,5,14.4,1.2,10.8,3.0,1.4,1.8,3.2,70.3,70.0,1.66,38.0,32
55,Trae Young,WAS,15,17.9,1.8,2.0,8.0,0.9,0.1,2.6,45.8,82.5,1.11,26.8,72
56,Keyonte George,UTA,54,23.5,2.5,3.6,6.1,1.1,0.3,3.1,45.9,89.1,2.44,56.3,121
57,VJ Edgecombe,PHI,75,16.0,2.0,5.6,4.2,1.4,0.5,1.8,43.8,81.8,1.40,74.7,31
58,Anthony Davis,WAS,20,20.4,0.5,11.1,2.8,1.1,1.6,2.0,50.6,72.8,2.53,40.5,37
59,Matas Buzelis,CHI,77,16.3,2.2,5.8,2.1,0.7,1.5,2.1,46.3,78.6,1.31,61.9,34
60,Mikal Bridges,NYK,82,14.4,1.9,3.8,3.7,1.3,0.8,1.0,49.0,82.7,1.37,79.6,41
61,Ryan Rollins,MIL,74,17.3,2.5,4.6,5.6,1.5,0.4,2.7,47.2,79.6,1.45,77.7,58
62,Tyler Herro,MIL,33,20.5,2.5,4.8,4.1,0.7,0.4,1.9,48.0,91.7,1.45,68.8,48
63,Naz Reid,CHA,77,13.6,2.1,6.2,2.2,1.0,1.0,1.6,45.6,73.2,1.20,62.5,53
64,Immanuel Quickley,TOR,70,16.4,2.5,4.0,5.9,1.3,0.1,1.5,44.3,82.1,1.52,97.0,69
65,Kyrie Irving,DAL,,,,,,,,,,,,52.3,73
66,Kel'el Ware,MIL,77,11.1,1.2,9.0,0.7,0.8,1.1,0.8,53.0,74.0,1.11,73.2,51
67,Ausar Thompson,DET,73,9.9,0.1,5.7,3.1,2.0,0.9,1.5,52.5,57.1,1.09,88.5,83
68,Julius Randle,BKN,79,21.1,1.4,6.7,5.0,1.1,0.2,2.7,48.1,80.2,1.36,68.4,101
69,Brandon Ingram,LAC,77,21.5,1.8,5.6,3.7,0.8,0.7,2.4,47.7,82.0,1.28,63.0,91
70,Pascal Siakam,IND,62,24.0,1.7,6.6,3.8,1.1,0.4,2.2,48.4,69.3,1.19,49.3,79
71,Stephon Castle,SAS,68,16.6,1.2,5.3,7.4,1.1,0.3,3.2,47.1,73.4,0.60,54.4,81
72,Jalen Suggs,ORL,57,13.8,2.1,3.9,5.5,1.8,0.7,2.7,43.5,85.5,1.46,111.4,87
73,Ja Morant,POR,20,19.4,1.0,3.3,8.1,1.0,0.3,3.5,41.0,89.7,1.19,92.6,
74,Ty Jerome,MEM,15,19.7,2.8,2.8,5.7,1.1,0.3,1.8,47.4,87.5,1.76,111.3,47
75,De'Aaron Fox,SAS,72,18.6,1.8,3.8,6.2,1.2,0.3,2.3,48.6,76.0,1.19,80.1,85
76,Paul George,BOS,37,17.3,2.7,5.3,3.6,1.7,0.4,1.7,43.9,82.0,1.87,80.4,126
77,Rudy Gobert,MIN,76,10.9,0.0,11.5,1.7,0.8,1.6,1.4,68.2,52.6,0.34,72.5,89
78,Jaden McDaniels,MIN,73,14.8,1.4,4.2,2.7,1.1,1.0,1.8,51.5,83.5,1.03,89.2,43
79,Jimmy Butler III,GSW,38,19.8,0.8,5.5,4.8,1.4,0.2,1.6,52.0,86.2,2.59,117.1,
80,Kevin Porter Jr.,MIL,38,17.4,1.2,5.2,7.4,2.2,0.5,2.9,46.5,87.8,2.47,118.7,133
81,Norman Powell,CHI,58,21.7,2.7,3.5,2.5,1.1,0.2,1.9,47.0,82.7,1.37,92.4,115
82,Zion Williamson,NOP,62,21.0,0.0,5.7,3.2,1.0,0.5,2.0,60.0,71.6,0.79,69.7,107
83,Jabari Smith Jr.,HOU,77,15.8,2.3,6.9,1.9,0.7,0.9,1.4,45.0,77.5,1.20,94.1,84
84,Payton Pritchard,BOS,79,16.9,2.7,3.9,5.2,0.7,0.1,1.4,46.3,89.0,0.80,79.6,33
85,Reed Sheppard,HOU,82,13.5,2.8,2.9,3.4,1.5,0.7,1.5,43.0,80.2,1.22,120.8,56
86,Andrew Wiggins,MIA,68,15.4,2.0,4.8,2.7,1.1,1.0,1.5,47.5,78.4,1.36,100.7,103
87,Zach Edey,MEM,11,13.6,0.1,11.1,1.1,0.6,1.9,2.4,63.3,78.1,1.19,74.9,65
88,Myles Turner,MIL,71,11.9,2.1,5.3,1.5,0.7,1.6,1.2,44.0,74.0,1.26,100.3,109
89,Darius Garland,LAC,45,18.8,2.7,2.4,6.7,1.0,0.2,2.9,46.0,86.1,0.81,66.1,52
90,Donte DiVincenzo,MIN,82,12.2,3.0,4.1,3.8,1.3,0.4,1.4,40.6,74.3,1.25,,
91,Jusuf Nurkić,UTA,41,10.9,0.6,10.4,4.8,1.3,0.5,2.5,50.3,54.9,0.95,112.8,
92,Jarrett Allen,CLE,56,15.4,0.0,8.5,1.8,1.0,0.8,1.3,63.8,70.9,0.79,70.2,67
93,Josh Hart,NYK,66,12.0,1.5,7.4,4.8,1.1,0.3,1.9,50.8,72.0,0.96,96.3,68
94,Ivica Zubac,IND,48,14.0,0.0,10.5,2.2,0.4,0.8,1.8,60.0,72.1,0.44,64.8,71
95,Dejounte Murray,NOP,14,16.7,1.4,5.4,6.4,1.6,0.2,3.4,48.4,86.7,1.24,72.3,93
96,Nic Claxton,CHI,69,11.7,0.0,6.9,3.7,0.7,1.1,1.4,57.1,61.6,0.39,90.1,105
97,Nikola Vučević,ORL,64,15.1,1.6,8.4,3.3,0.6,0.6,1.3,49.3,82.8,1.10,114.7,
98,Grayson Allen,CHA,51,16.5,3.1,3.0,3.8,1.4,0.3,1.6,40.3,85.7,1.34,116.2,112
99,Damian Lillard,POR,,,,,,,,,,,,67.9,77
100,Keegan Murray,SAC,23,13.8,1.3,5.7,1.7,1.0,1.5,1.1,42.3,77.6,1.26,121.0,82
101,Miles Bridges,PHX,77,17.1,1.9,5.8,3.2,0.6,0.4,1.4,46.0,82.2,0.85,98.0,90
102,Saddiq Bey,NOP,72,17.7,2.1,5.6,2.5,0.9,0.1,0.9,45.1,84.1,1.17,120.1,108
103,Cason Wallace,OKC,77,8.6,1.3,3.1,2.6,2.0,0.4,0.9,43.2,80.9,0.74,118.2,76
104,Toumani Camara,POR,82,13.2,2.6,5.1,2.4,1.1,0.4,1.7,44.0,70.7,0.86,110.1,98
105,Derik Queen,NOP,81,11.7,0.3,7.1,3.7,1.0,0.9,2.3,47.3,79.5,0.55,79.5,80
106,Collin Gillespie,PHX,80,12.7,2.9,4.1,4.6,1.2,0.2,1.6,41.8,87.4,0.83,120.8,100
107,Coby White,CHA,50,17.4,2.3,3.4,4.0,0.5,0.1,2.6,44.6,81.7,0.08,88.5,106
108,Kyshawn George,WAS,48,14.8,2.1,5.1,4.5,1.0,0.9,2.6,43.8,80.2,0.98,118.0,131
109,Bennedict Mathurin,NOP,54,17.6,1.4,5.4,2.4,0.8,0.2,2.2,43.0,86.9,0.90,117.1,
110,CJ McCollum,ATL,76,18.7,2.5,3.3,3.9,0.8,0.5,1.8,45.5,77.2,0.84,108.3,111
111,Peyton Watson,CLE,54,14.6,1.5,4.9,2.1,0.9,1.1,1.7,49.1,73.0,0.82,115.4,127
112,Cedric Coward,MEM,62,13.6,1.5,5.9,2.8,0.6,0.4,1.7,47.1,84.3,0.30,88.6,63
113,Anthony Black,ORL,64,15.0,1.6,3.8,3.7,1.4,0.7,2.1,44.7,73.2,0.84,118.7,123
114,Bilal Coulibaly,WAS,56,11.7,1.2,4.3,2.6,1.3,1.0,1.4,42.5,74.6,0.83,,
115,Brandin Podziemski,GSW,82,13.8,1.9,5.1,3.7,1.1,0.2,1.6,45.5,79.7,0.68,116.8,99
116,Ayo Dosunmu,MIN,69,14.8,1.8,3.4,3.6,0.8,0.3,1.4,51.7,87.6,0.47,114.9,96
117,Kristaps Porziņģis,GSW,32,16.7,1.7,5.2,2.5,0.6,1.2,1.3,44.6,84.2,1.48,98.8,148
118,DeMar DeRozan,DEN,77,18.1,0.6,2.9,4.1,1.0,0.3,1.2,49.5,86.5,1.28,116.2,155
119,Andrew Nembhard,IND,57,16.9,1.9,2.8,7.7,0.9,0.1,2.4,44.2,82.5,0.86,114.3,174
120,Day'Ron Sharpe,BKN,62,8.7,0.1,6.7,2.3,1.1,0.4,1.7,60.1,67.8,-0.62,94.6,104
121,Devin Vassell,SAS,67,13.9,2.5,4.0,2.5,0.9,0.4,0.9,43.7,81.5,0.67,116.5,122
122,Ajay Mitchell,OKC,57,13.6,1.1,3.3,3.6,1.2,0.3,1.4,48.5,87.0,0.58,117.2,114
123,Jerami Grant,MEM,57,18.4,2.4,3.5,2.1,0.7,0.6,2.1,45.2,81.4,0.75,118.6,
124,P.J. Washington,DAL,56,14.2,1.4,7.0,1.8,1.0,1.1,1.7,45.0,68.7,0.87,115.8,178
125,Jay Huff,IND,82,9.5,1.5,4.0,1.5,0.5,1.9,0.9,47.6,82.8,0.69,,
126,Jrue Holiday,POR,53,16.3,2.6,4.6,6.1,1.0,0.1,2.8,45.1,83.8,0.73,117.3,160
127,RJ Barrett,TOR,57,19.3,1.7,5.3,3.3,0.7,0.3,1.7,49.1,71.7,0.60,111.5,
128,Tari Eason,HOU,60,10.4,1.6,6.3,1.5,1.2,0.5,1.4,41.6,77.6,0.48,117.1,132
129,John Collins,DET,69,13.4,1.3,5.3,1.0,0.9,0.7,1.4,55.1,76.5,0.40,116.5,102
130,Tre Jones,CHI,65,14.1,0.6,3.1,5.4,1.2,0.2,1.4,55.3,84.1,0.70,116.0,156
131,Julian Champagnie,SAS,82,11.1,2.4,5.8,1.5,0.8,0.5,0.8,43.7,84.4,0.56,110.9,128
132,Zach LaVine,SAC,39,19.2,2.5,2.8,2.3,0.7,0.3,1.9,47.9,88.0,0.66,103.7,162
133,Aaron Gordon,DEN,36,16.2,1.7,5.8,2.7,0.6,0.3,1.1,49.7,76.7,0.60,112.5,154
134,Kelly Oubre Jr.,IND,50,14.1,1.7,5.0,1.6,1.4,0.5,1.4,46.7,76.6,0.80,117.4,169
135,Davion Mitchell,MIA,70,9.3,1.3,2.7,6.5,1.0,0.2,1.5,49.0,64.6,0.39,118.6,117
136,Jaime Jaquez Jr.,MIL,75,15.4,0.8,5.0,4.7,0.7,0.3,2.0,50.7,76.9,0.20,106.1,64
137,Jalen Green,PHX,32,17.8,2.2,3.6,2.8,1.1,0.3,2.3,42.2,74.7,0.16,103.0,140
138,Neemias Queta,BOS,76,10.2,0.0,8.4,1.6,0.8,1.3,1.0,65.3,70.3,0.35,115.2,116
139,Santi Aldama,DAL,43,14.0,1.6,6.7,2.9,0.9,0.7,1.3,47.9,66.7,1.03,,180
140,Wendell Carter Jr.,ORL,78,11.8,0.9,7.4,2.0,0.8,0.6,1.3,51.2,79.2,0.47,113.4,161
141,Moses Moody,GSW,60,12.1,2.5,3.3,1.6,1.0,0.6,0.9,44.1,77.0,0.65,,
142,Herbert Jones,NOP,56,8.9,1.4,3.4,2.8,1.6,0.5,1.3,38.3,80.6,0.48,,146
143,Dillon Brooks,PHX,56,20.2,2.3,3.6,1.8,1.0,0.2,1.8,43.5,84.2,0.50,114.9,171
144,Ace Bailey,UTA,72,13.8,1.9,4.2,1.8,0.8,0.7,1.5,44.3,75.0,0.37,118.1,147
145,Isaiah Hartenstein,OKC,47,9.2,0.0,9.4,3.5,1.0,0.8,1.7,62.2,61.0,0.25,105.4,141
146,Quentin Grimes,LAL,75,13.4,1.7,3.6,3.3,0.9,0.4,1.8,45.0,84.0,0.29,120.4,129
147,Kyle Filipowski,UTA,77,11.4,1.0,7.2,2.6,0.9,0.5,1.6,49.2,75.0,0.41,114.2,170
148,Aaron Nesmith,IND,45,13.8,2.3,4.2,1.9,0.6,0.5,1.4,41.4,82.9,0.20,108.8,166
149,Mark Williams,PHX,60,11.7,0.0,8.0,1.0,0.9,0.9,1.1,64.4,77.1,0.19,108.1,
150,Isaiah Stewart,MEM,58,10.0,0.7,5.0,1.1,0.3,1.6,1.1,55.0,75.6,0.00,111.2,143
