src_rank,player,team_src,team_kit,our_rank,z_adj,yahoo_xrank,yahoo_adp,value,gp_2025_26,yahoo_adp_0926,yahoo_prerank_0926,src_pts,src_tpm,src_reb,src_ast,src_stl,src_blk,src_tov,src_fg_pct,src_ft_pct,src_name
1,Nikola Jokic,DEN,DEN,3,9.969,1,2.0,5.64,65,1.9,1,27.7,1.7,12.9,10.7,1.4,0.8,3.7,56.9,83.1,Nikola Jokić
2,Victor Wembanyama,SAS,SAS,2,10.003,2,1.6,5.27,64,1.6,3,25.0,1.9,11.5,3.1,1.0,3.1,2.4,51.2,82.7,Victor Wembanyama
3,Shai Gilgeous-Alexander,OKC,OKC,1,10.306,4,4.4,5.42,68,4.1,2,31.1,1.7,4.3,6.6,1.4,0.8,2.2,55.3,87.9,Shai Gilgeous-Alexander
4,Luka Doncic,LAL,LAL,4,4.77,3,3.7,3.95,64,3.5,5,33.4,4.0,7.7,8.2,1.6,0.5,4.0,47.6,78.0,Luka Dončić
5,Donovan Mitchell,CLE,CLE,15,2.774,11,14.8,3.27,70,13.8,8,27.9,3.2,4.5,5.7,1.5,0.3,2.8,48.3,86.5,Donovan Mitchell
6,Anthony Edwards,MIN,MIN,8,3.845,7,9.5,2.92,61,8.3,6,28.8,3.4,5.0,3.7,1.4,0.8,2.9,48.9,79.6,Anthony Edwards
7,Jamal Murray,DEN,DEN,26,2.099,15,20.2,3.08,75,20.5,9,25.4,3.3,4.4,7.1,0.9,0.4,2.3,48.3,88.7,Jamal Murray
8,Giannis Antetokounmpo,MIA,MIA,59,0.254,10,8.5,2.00,36,7.8,50,27.6,0.4,9.8,5.4,0.9,0.7,3.2,62.4,65.0,Giannis Antetokounmpo
9,Tyrese Maxey,PHI,PHI,5,4.061,6,9.2,4.23,70,8.8,4,28.3,3.1,4.1,6.6,1.9,0.8,2.4,46.2,89.2,Tyrese Maxey
10,Cade Cunningham,DET,DET,11,3.159,5,6.5,2.78,64,6.2,25,23.9,2.0,5.5,9.9,1.4,0.8,3.7,46.1,81.1,Cade Cunningham
11,Jalen Johnson,ATL,ATL,28,2.083,13,12.5,2.55,72,11.8,16,22.5,1.7,10.3,7.9,1.2,0.4,3.4,48.9,78.8,Jalen Johnson
12,Austin Reaves,LAL,LAL,18,2.493,18,21.9,2.50,51,22.3,17,22.9,2.3,4.7,5.5,1.1,0.4,2.9,48.7,86.8,Austin Reaves
13,Jayson Tatum,BOS,BOS,17,2.517,8,10.4,2.46,16,9.8,14,21.8,2.9,10.0,5.3,1.4,0.2,2.4,41.1,82.3,Jayson Tatum
14,Kawhi Leonard,TOR,TOR,25,2.106,35,27.3,4.17,65,29.3,15,27.5,2.6,6.2,3.6,1.8,0.4,2.0,50.8,88.8,Kawhi Leonard
15,Scottie Barnes,TOR,TOR,35,1.551,17,13.9,2.62,80,14.1,22,18.1,0.8,7.5,5.9,1.4,1.4,2.6,50.7,81.5,Scottie Barnes
16,Cooper Flagg,DAL,DAL,14,2.806,12,10.0,1.90,70,10.1,7,21.0,1.0,6.7,4.5,1.2,0.9,2.3,46.8,82.7,Cooper Flagg
17,Karl-Anthony Towns,NYK,NYK,6,4.026,16,15.0,2.38,75,15.0,13,20.1,1.5,11.9,3.0,0.9,0.5,2.5,50.1,85.8,Karl-Anthony Towns
18,Kevin Durant,HOU,HOU,31,1.964,14,17.3,3.01,78,16.9,27,26.0,2.4,5.5,4.8,0.8,0.9,3.2,52.0,87.4,Kevin Durant
19,Stephen Curry,GSW,GSW,12,2.912,22,24.5,3.09,43,23.9,11,26.5,4.4,3.6,4.7,1.1,0.4,2.8,47.0,92.2,Stephen Curry
20,Lauri Markkanen,UTA,UTA,49,0.71,33,39.9,3.29,42,38.7,18,26.6,2.7,6.8,2.1,1.0,0.5,1.5,47.8,89.6,Lauri Markkanen
21,Tyrese Haliburton,IND,IND,27,2.095,9,17.8,,,16.5,12,,,,,,,,,,Tyrese Haliburton
22,Amen Thompson,HOU,HOU,30,1.98,28,24.1,1.86,79,23.6,10,18.3,0.3,7.8,5.3,1.5,0.6,2.4,53.4,77.9,Amen Thompson
23,Chet Holmgren,OKC,OKC,10,3.463,31,26.3,2.26,69,27.7,19,17.1,1.3,8.9,1.7,0.6,1.9,1.6,55.7,79.2,Chet Holmgren
24,Trey Murphy III,NOP,NOP,21,2.423,24,39.5,2.59,66,40.1,21,21.5,3.2,5.7,3.8,1.5,0.4,1.8,47.0,88.6,Trey Murphy III
25,Bam Adebayo,MIA,MIA,33,1.769,42,30.7,2.04,73,30.1,30,20.1,1.7,10.0,3.2,1.2,0.7,1.6,44.2,77.8,Bam Adebayo
26,James Harden,CLE,CLE,36,1.533,23,36.1,3.00,70,35.1,49,23.2,3.0,4.8,7.9,1.1,0.4,3.5,43.2,88.2,James Harden
27,Alperen Sengun,HOU,HOU,57,0.381,27,18.0,1.86,72,18.4,57,20.4,0.6,8.9,6.2,1.2,1.1,3.2,51.9,69.1,Alperen Sengun
28,Devin Booker,PHX,PHX,13,2.873,26,27.8,2.17,64,26.9,40,26.1,1.9,3.9,6.0,0.8,0.3,3.2,45.6,87.3,Devin Booker
29,Derrick White,BOS,BOS,24,2.163,39,46.8,2.08,77,47.1,26,16.5,2.7,4.4,5.4,1.1,1.3,1.7,39.5,90.2,Derrick White
30,Evan Mobley,CLE,CLE,19,2.471,29,30.2,1.98,65,30.0,45,18.2,1.0,9.0,3.6,0.7,1.7,1.9,54.6,60.6,Evan Mobley
31,Jalen Brunson,NYK,NYK,47,0.846,30,22.5,1.87,74,21.9,42,26.0,2.6,3.3,6.8,0.8,0.1,2.4,46.7,84.1,Jalen Brunson
32,Josh Giddey,CHI,CHI,32,1.954,19,24.6,1.58,54,23.8,61,17.0,1.9,8.3,9.1,1.0,0.5,3.6,44.8,76.3,Josh Giddey
33,Dyson Daniels,ATL,ATL,9,3.697,69,61.6,1.71,76,62.9,20,11.9,0.3,6.8,5.9,2.0,0.4,1.8,51.7,61.5,Dyson Daniels
34,Donovan Clingan,POR,POR,119,-1.206,54,40.6,1.84,77,41.6,29,12.1,1.1,11.5,2.1,0.6,1.7,1.2,52.1,69.2,Donovan Clingan
35,Jalen Duren,DET,DET,58,0.334,25,35.3,1.53,70,36.0,28,19.5,0.0,10.5,2.0,0.8,0.8,1.9,65.0,74.7,Jalen Duren
36,Nickeil Alexander-Walker,ATL,ATL,105,-0.983,50,60.2,2.12,78,60.1,24,20.8,3.2,3.4,3.7,1.3,0.5,2.1,45.9,90.2,Nickeil Alexander-Walker
37,Onyeka Okongwu,ATL,ATL,45,0.98,51,54.9,1.76,74,54.7,36,15.2,1.9,7.6,3.1,1.1,1.1,1.7,48.0,75.7,Onyeka Okongwu
38,Desmond Bane,ORL,ORL,38,1.279,34,53.1,1.80,82,52.9,44,20.1,2.0,4.1,4.1,1.0,0.5,2.0,48.3,90.8,Desmond Bane
39,Domantas Sabonis,SAC,SAC,20,2.456,41,29.5,0.79,19,27.0,38,15.8,0.3,11.4,4.1,0.9,0.2,2.7,54.3,72.7,Domantas Sabonis
40,Michael Porter Jr,BKN,BKN,48,0.84,49,61.2,2.13,52,59.6,55,24.2,3.4,7.1,3.0,1.1,0.3,2.3,46.3,85.9,Michael Porter Jr.
41,Brandon Miller,CHA,CHA,60,0.238,32,47.2,1.56,65,46.8,46,20.2,3.1,4.9,3.3,1.0,0.7,2.5,43.5,89.2,Brandon Miller
42,Jaylen Brown,PHI,PHI,136,-1.635,45,28.5,1.75,71,27.5,95,28.5,2.0,6.9,5.1,1.0,0.4,3.6,47.6,79.5,Jaylen Brown
43,Jaren Jackson Jr,UTA,UTA,34,1.695,47,51.0,1.70,48,50.5,54,19.4,1.8,5.7,2.0,1.1,1.4,2.2,47.6,80.3,Jaren Jackson Jr.
44,Deni Avdija,POR,POR,71,-0.064,48,38.8,1.70,66,39.6,75,23.8,1.9,6.8,6.6,0.8,0.6,3.7,46.0,80.1,Deni Avdija
45,Alex Sarr,WAS,WAS,80,-0.287,72,69.9,1.83,48,71.9,59,16.3,1.0,7.4,2.7,0.8,2.0,1.7,48.2,69.2,Alex Sarr
46,LeBron James,PHI,PHI,144,-1.779,44,39.6,1.65,60,38.3,92,20.6,1.2,6.0,7.1,1.2,0.6,3.0,51.4,73.5,LeBron James
47,Joel Embiid,PHI,PHI,22,2.261,46,50.7,3.08,38,50.8,125,26.9,1.4,7.7,3.9,0.6,1.2,2.9,48.9,85.4,Joel Embiid
48,LaMelo Ball,MIN,MIN,42,1.06,20,25.0,1.72,72,26.0,62,20.1,3.8,4.8,7.1,1.2,0.2,2.8,40.7,89.9,LaMelo Ball
49,OG Anunoby,NYK,NYK,44,0.988,52,66.0,1.72,67,66.6,60,16.7,2.3,5.2,2.2,1.6,0.7,1.8,48.4,82.8,OG Anunoby
50,Jalen Williams,OKC,OKC,29,2.024,37,42.9,1.04,33,42.5,35,17.1,0.7,4.6,5.5,1.2,0.3,1.9,48.4,83.7,Jalen Williams
51,Paolo Banchero,ORL,ORL,133,-1.596,61,34.3,1.04,72,34.1,119,22.2,1.2,8.4,5.2,0.7,0.6,3.1,45.9,77.5,Paolo Banchero
52,Franz Wagner,ORL,ORL,69,-0.009,53,53.5,1.33,34,53.2,39,20.6,1.4,5.2,3.3,0.9,0.3,1.7,48.1,82.3,Franz Wagner
53,Kon Knueppel,CHA,CHA,108,-1.004,62,39.3,1.18,81,40.4,23,18.5,3.4,5.3,3.4,0.7,0.2,2.0,47.5,86.3,Kon Knueppel
54,Walker Kessler,LAL,LAL,37,1.388,40,36.2,1.66,5,38.0,32,14.4,1.2,10.8,3.0,1.4,1.8,3.2,70.3,70.0,Walker Kessler
55,Trae Young,WAS,WAS,41,1.082,21,26.8,1.11,15,26.8,72,17.9,1.8,2.0,8.0,0.9,0.1,2.6,45.8,82.5,Trae Young
56,Keyonte George,UTA,UTA,117,-1.14,38,56.0,2.44,54,56.3,121,23.5,2.5,3.6,6.1,1.1,0.3,3.1,45.9,89.1,Keyonte George
57,VJ Edgecombe,PHI,PHI,113,-1.087,75,74.8,1.40,75,74.7,31,16.0,2.0,5.6,4.2,1.4,0.5,1.8,43.8,81.8,VJ Edgecombe
58,Anthony Davis,WAS,WAS,7,3.899,43,37.2,2.53,20,40.5,37,20.4,0.5,11.1,2.8,1.1,1.6,2.0,50.6,72.8,Anthony Davis
59,Matas Buzelis,CHI,CHI,79,-0.271,82,59.3,1.31,77,61.9,34,16.3,2.2,5.8,2.1,0.7,1.5,2.1,46.3,78.6,Matas Buzelis
60,Mikal Bridges,NYK,NYK,56,0.464,63,79.3,1.37,82,79.6,41,14.4,1.9,3.8,3.7,1.3,0.8,1.0,49.0,82.7,Mikal Bridges
61,Ryan Rollins,MIL,MIL,174,-2.574,60,76.0,1.45,74,77.7,58,17.3,2.5,4.6,5.6,1.5,0.4,2.7,47.2,79.6,Ryan Rollins
62,Tyler Herro,MIL,MIL,43,1.059,58,67.3,1.45,33,68.8,48,20.5,2.5,4.8,4.1,0.7,0.4,1.9,48.0,91.7,Tyler Herro
63,Naz Reid,CHA,CHA,99,-0.874,81,63.6,1.20,77,62.5,53,13.6,2.1,6.2,2.2,1.0,1.0,1.6,45.6,73.2,Naz Reid
64,Immanuel Quickley,TOR,TOR,110,-1.049,85,96.9,1.52,70,97.0,69,16.4,2.5,4.0,5.9,1.3,0.1,1.5,44.3,82.1,Immanuel Quickley
65,Kyrie Irving,DAL,DAL,16,2.733,36,52.1,,,52.3,73,,,,,,,,,,Kyrie Irving
66,Kel'el Ware,MIL,MIL,39,1.15,77,72.4,1.11,77,73.2,51,11.1,1.2,9.0,0.7,0.8,1.1,0.8,53.0,74.0,Kel'el Ware
67,Ausar Thompson,DET,DET,68,0.017,78,89.5,1.09,73,88.5,83,9.9,0.1,5.7,3.1,2.0,0.9,1.5,52.5,57.1,Ausar Thompson
68,Julius Randle,BKN,BKN,115,-1.099,74,67.6,1.36,79,68.4,101,21.1,1.4,6.7,5.0,1.1,0.2,2.7,48.1,80.2,Julius Randle
69,Brandon Ingram,LAC,LAC,88,-0.487,67,65.4,1.28,77,63.0,91,21.5,1.8,5.6,3.7,0.8,0.7,2.4,47.7,82.0,Brandon Ingram
70,Pascal Siakam,IND,IND,89,-0.511,55,48.8,1.19,62,49.3,79,24.0,1.7,6.6,3.8,1.1,0.4,2.2,48.4,69.3,Pascal Siakam
71,Stephon Castle,SAS,SAS,97,-0.858,76,55.1,0.60,68,54.4,81,16.6,1.2,5.3,7.4,1.1,0.3,3.2,47.1,73.4,Stephon Castle
72,Jalen Suggs,ORL,ORL,82,-0.292,92,111.1,1.46,57,111.4,87,13.8,2.1,3.9,5.5,1.8,0.7,2.7,43.5,85.5,Jalen Suggs
73,Ja Morant,POR,POR,139,-1.68,106,91.8,1.19,20,92.6,,19.4,1.0,3.3,8.1,1.0,0.3,3.5,41.0,89.7,Ja Morant
74,Ty Jerome,MEM,MEM,50,0.658,89,107.4,1.76,15,111.3,47,19.7,2.8,2.8,5.7,1.1,0.3,1.8,47.4,87.5,Ty Jerome
75,De'Aaron Fox,SAS,SAS,55,0.495,71,80.1,1.19,72,80.1,85,18.6,1.8,3.8,6.2,1.2,0.3,2.3,48.6,76.0,De'Aaron Fox
76,Paul George,BOS,BOS,51,0.629,68,81.1,1.87,37,80.4,126,17.3,2.7,5.3,3.6,1.7,0.4,1.7,43.9,82.0,Paul George
77,Rudy Gobert,MIN,MIN,93,-0.65,87,73.3,0.34,76,72.5,89,10.9,0.0,11.5,1.7,0.8,1.6,1.4,68.2,52.6,Rudy Gobert
78,Jaden McDaniels,MIN,MIN,54,0.524,80,87.4,1.03,73,89.2,43,14.8,1.4,4.2,2.7,1.1,1.0,1.8,51.5,83.5,Jaden McDaniels
79,Jimmy Butler,GSW,GSW,66,0.043,138,117.4,2.59,38,117.1,,19.8,0.8,5.5,4.8,1.4,0.2,1.6,52.0,86.2,Jimmy Butler III
80,Kevin Porter Jr,MIL,MIL,231,-3.882,131,117.3,2.47,38,118.7,133,17.4,1.2,5.2,7.4,2.2,0.5,2.9,46.5,87.8,Kevin Porter Jr.
81,Norman Powell,CHI,CHI,90,-0.573,86,93.0,1.37,58,92.4,115,21.7,2.7,3.5,2.5,1.1,0.2,1.9,47.0,82.7,Norman Powell
82,Zion Williamson,NOP,NOP,103,-0.957,79,70.0,0.79,62,69.7,107,21.0,0.0,5.7,3.2,1.0,0.5,2.0,60.0,71.6,Zion Williamson
83,Jabari Smith Jr,HOU,HOU,116,-1.131,100,95.1,1.20,77,94.1,84,15.8,2.3,6.9,1.9,0.7,0.9,1.4,45.0,77.5,Jabari Smith Jr.
84,Payton Pritchard,BOS,BOS,65,0.084,73,78.7,0.80,79,79.6,33,16.9,2.7,3.9,5.2,0.7,0.1,1.4,46.3,89.0,Payton Pritchard
85,Reed Sheppard,HOU,HOU,107,-0.995,141,120.2,1.22,82,120.8,56,13.5,2.8,2.9,3.4,1.5,0.7,1.5,43.0,80.2,Reed Sheppard
86,Andrew Wiggins,MIA,MIA,146,-2.064,93,103.1,1.36,68,100.7,103,15.4,2.0,4.8,2.7,1.1,1.0,1.5,47.5,78.4,Andrew Wiggins
87,Zach Edey,MEM,MEM,70,-0.023,64,74.1,1.19,11,74.9,65,13.6,0.1,11.1,1.1,0.6,1.9,2.4,63.3,78.1,Zach Edey
88,Myles Turner,MIL,MIL,40,1.091,108,99.0,1.26,71,100.3,109,11.9,2.1,5.3,1.5,0.7,1.6,1.2,44.0,74.0,Myles Turner
89,Darius Garland,LAC,LAC,23,2.173,56,64.2,0.81,45,66.1,52,18.8,2.7,2.4,6.7,1.0,0.2,2.9,46.0,86.1,Darius Garland
90,Donte DiVincenzo,MIN,MIN,180,-2.714,,,1.25,82,,,12.2,3.0,4.1,3.8,1.3,0.4,1.4,40.6,74.3,Donte DiVincenzo
91,Jusuf Nurkic,UTA,UTA,280,-5.399,114,113.8,0.95,41,112.8,,10.9,0.6,10.4,4.8,1.3,0.5,2.5,50.3,54.9,Jusuf Nurkić
92,Jarrett Allen,CLE,CLE,62,0.197,83,71.9,0.79,56,70.2,67,15.4,0.0,8.5,1.8,1.0,0.8,1.3,63.8,70.9,Jarrett Allen
93,Josh Hart,NYK,NYK,53,0.556,84,96.0,0.96,66,96.3,68,12.0,1.5,7.4,4.8,1.1,0.3,1.9,50.8,72.0,Josh Hart
94,Ivica Zubac,IND,IND,86,-0.446,66,65.4,0.44,48,64.8,71,14.0,0.0,10.5,2.2,0.4,0.8,1.8,60.0,72.1,Ivica Zubac
95,Dejounte Murray,NOP,NOP,75,-0.168,59,71.1,1.24,14,72.3,93,16.7,1.4,5.4,6.4,1.6,0.2,3.4,48.4,86.7,Dejounte Murray
96,Nic Claxton,CHI,CHI,63,0.186,91,91.0,0.39,69,90.1,105,11.7,0.0,6.9,3.7,0.7,1.1,1.4,57.1,61.6,Nic Claxton
97,Nikola Vucevic,ORL,ORL,130,-1.558,171,114.6,1.10,64,114.7,,15.1,1.6,8.4,3.3,0.6,0.6,1.3,49.3,82.8,Nikola Vučević
98,Grayson Allen,CHA,CHA,191,-3.043,178,117.1,1.34,51,116.2,112,16.5,3.1,3.0,3.8,1.4,0.3,1.6,40.3,85.7,Grayson Allen
99,Damian Lillard,POR,POR,91,-0.633,57,69.4,,,67.9,77,,,,,,,,,,Damian Lillard
100,Keegan Murray,SAC,SAC,111,-1.055,101,120.7,1.26,23,121.0,82,13.8,1.3,5.7,1.7,1.0,1.5,1.1,42.3,77.6,Keegan Murray
101,Miles Bridges,PHX,PHX,124,-1.456,95,97.9,0.85,77,98.0,90,17.1,1.9,5.8,3.2,0.6,0.4,1.4,46.0,82.2,Miles Bridges
102,Saddiq Bey,NOP,NOP,102,-0.934,132,121.5,1.17,72,120.1,108,17.7,2.1,5.6,2.5,0.9,0.1,0.9,45.1,84.1,Saddiq Bey
103,Cason Wallace,OKC,OKC,92,-0.645,124,117.7,0.74,77,118.2,76,8.6,1.3,3.1,2.6,2.0,0.4,0.9,43.2,80.9,Cason Wallace
104,Toumani Camara,POR,POR,87,-0.46,148,112.0,0.86,82,110.1,98,13.2,2.6,5.1,2.4,1.1,0.4,1.7,44.0,70.7,Toumani Camara
105,Derik Queen,NOP,NOP,168,-2.48,119,78.0,0.55,81,79.5,80,11.7,0.3,7.1,3.7,1.0,0.9,2.3,47.3,79.5,Derik Queen
106,Collin Gillespie,PHX,PHX,104,-0.974,112,121.3,0.83,80,120.8,100,12.7,2.9,4.1,4.6,1.2,0.2,1.6,41.8,87.4,Collin Gillespie
107,Coby White,CHA,CHA,101,-0.934,70,88.0,0.08,50,88.5,106,17.4,2.3,3.4,4.0,0.5,0.1,2.6,44.6,81.7,Coby White
108,Kyshawn George,WAS,WAS,148,-2.112,134,116.3,0.98,48,118.0,131,14.8,2.1,5.1,4.5,1.0,0.9,2.6,43.8,80.2,Kyshawn George
109,Bennedict Mathurin,NOP,NOP,205,-3.423,151,118.0,0.90,54,117.1,,17.6,1.4,5.4,2.4,0.8,0.2,2.2,43.0,86.9,Bennedict Mathurin
110,CJ McCollum,ATL,ATL,135,-1.605,107,108.4,0.84,76,108.3,111,18.7,2.5,3.3,3.9,0.8,0.5,1.8,45.5,77.2,CJ McCollum
111,Peyton Watson,CLE,CLE,153,-2.23,99,116.1,0.82,54,115.4,127,14.6,1.5,4.9,2.1,0.9,1.1,1.7,49.1,73.0,Peyton Watson
112,Cedric Coward,MEM,MEM,140,-1.755,88,91.3,0.30,62,88.6,63,13.6,1.5,5.9,2.8,0.6,0.4,1.7,47.1,84.3,Cedric Coward
113,Anthony Black,ORL,ORL,184,-2.835,126,118.8,0.84,64,118.7,123,15.0,1.6,3.8,3.7,1.4,0.7,2.1,44.7,73.2,Anthony Black
114,Bilal Coulibaly,WAS,WAS,123,-1.43,210,,0.83,56,,,11.7,1.2,4.3,2.6,1.3,1.0,1.4,42.5,74.6,Bilal Coulibaly
115,Brandin Podziemski,GSW,GSW,120,-1.252,118,116.1,0.68,82,116.8,99,13.8,1.9,5.1,3.7,1.1,0.2,1.6,45.5,79.7,Brandin Podziemski
116,Ayo Dosunmu,MIN,MIN,158,-2.318,110,113.4,0.47,69,114.9,96,14.8,1.8,3.4,3.6,0.8,0.3,1.4,51.7,87.6,Ayo Dosunmu
117,Kristaps Porzingis,GSW,GSW,52,0.62,137,101.1,1.48,32,98.8,148,16.7,1.7,5.2,2.5,0.6,1.2,1.3,44.6,84.2,Kristaps Porziņģis
118,DeMar DeRozan,DEN,DEN,169,-2.485,127,116.6,1.28,77,116.2,155,18.1,0.6,2.9,4.1,1.0,0.3,1.2,49.5,86.5,DeMar DeRozan
119,Andrew Nembhard,IND,IND,163,-2.433,113,115.8,0.86,57,114.3,174,16.9,1.9,2.8,7.7,0.9,0.1,2.4,44.2,82.5,Andrew Nembhard
120,Day'Ron Sharpe,BKN,BKN,74,-0.146,90,94.3,-0.62,62,94.6,104,8.7,0.1,6.7,2.3,1.1,0.4,1.7,60.1,67.8,Day'Ron Sharpe
121,Devin Vassell,SAS,SAS,126,-1.506,143,116.6,0.67,67,116.5,122,13.9,2.5,4.0,2.5,0.9,0.4,0.9,43.7,81.5,Devin Vassell
122,Ajay Mitchell,OKC,OKC,73,-0.114,109,114.3,0.58,57,117.2,114,13.6,1.1,3.3,3.6,1.2,0.3,1.4,48.5,87.0,Ajay Mitchell
123,Jerami Grant,MEM,MEM,121,-1.27,142,118.5,0.75,57,118.6,,18.4,2.4,3.5,2.1,0.7,0.6,2.1,45.2,81.4,Jerami Grant
124,PJ Washington,DAL,DAL,78,-0.232,164,117.8,0.87,56,115.8,178,14.2,1.4,7.0,1.8,1.0,1.1,1.7,45.0,68.7,P.J. Washington
125,Jay Huff,IND,IND,217,-3.662,188,,0.69,82,,,9.5,1.5,4.0,1.5,0.5,1.9,0.9,47.6,82.8,Jay Huff
126,Jrue Holiday,POR,POR,94,-0.655,146,118.3,0.73,53,117.3,160,16.3,2.6,4.6,6.1,1.0,0.1,2.8,45.1,83.8,Jrue Holiday
127,RJ Barrett,TOR,TOR,214,-3.623,128,111.1,0.60,57,111.5,,19.3,1.7,5.3,3.3,0.7,0.3,1.7,49.1,71.7,RJ Barrett
128,Tari Eason,HOU,HOU,67,0.034,150,120.8,0.48,60,117.1,132,10.4,1.6,6.3,1.5,1.2,0.5,1.4,41.6,77.6,Tari Eason
129,John Collins,DET,DET,77,-0.186,98,117.1,0.40,69,116.5,102,13.4,1.3,5.3,1.0,0.9,0.7,1.4,55.1,76.5,John Collins
130,Tre Jones,CHI,CHI,149,-2.127,120,,0.70,65,116.0,156,14.1,0.6,3.1,5.4,1.2,0.2,1.4,55.3,84.1,Tre Jones
131,Julian Champagnie,SAS,SAS,178,-2.702,181,109.7,0.56,82,110.9,128,11.1,2.4,5.8,1.5,0.8,0.5,0.8,43.7,84.4,Julian Champagnie
132,Zach LaVine,SAC,SAC,72,-0.085,104,106.5,0.66,39,103.7,162,19.2,2.5,2.8,2.3,0.7,0.3,1.9,47.9,88.0,Zach LaVine
133,Aaron Gordon,DEN,DEN,100,-0.875,152,112.6,0.60,36,112.5,154,16.2,1.7,5.8,2.7,0.6,0.3,1.1,49.7,76.7,Aaron Gordon
134,Kelly Oubre,IND,IND,164,-2.434,147,117.0,0.80,50,117.4,169,14.1,1.7,5.0,1.6,1.4,0.5,1.4,46.7,76.6,Kelly Oubre Jr.
135,Davion Mitchell,MIA,MIA,226,-3.769,102,119.1,0.39,70,118.6,117,9.3,1.3,2.7,6.5,1.0,0.2,1.5,49.0,64.6,Davion Mitchell
136,Jaime Jaquez Jr,MIL,MIL,237,-4.054,135,103.7,0.20,75,106.1,64,15.4,0.8,5.0,4.7,0.7,0.3,2.0,50.7,76.9,Jaime Jaquez Jr.
137,Jalen Green,PHX,PHX,143,-1.778,144,104.4,0.16,32,103.0,140,17.8,2.2,3.6,2.8,1.1,0.3,2.3,42.2,74.7,Jalen Green
138,Neemias Queta,BOS,BOS,252,-4.383,103,112.6,0.35,76,115.2,116,10.2,0.0,8.4,1.6,0.8,1.3,1.0,65.3,70.3,Neemias Queta
139,Santi Aldama,DAL,DAL,157,-2.301,183,,1.03,43,,180,14.0,1.6,6.7,2.9,0.9,0.7,1.3,47.9,66.7,Santi Aldama
140,Wendell Carter Jr,ORL,ORL,160,-2.371,125,111.5,0.47,78,113.4,161,11.8,0.9,7.4,2.0,0.8,0.6,1.3,51.2,79.2,Wendell Carter Jr.
141,Moses Moody,GSW,GSW,222,-3.713,,,0.65,60,,,12.1,2.5,3.3,1.6,1.0,0.6,0.9,44.1,77.0,Moses Moody
142,Herb Jones,NOP,NOP,64,0.115,,,0.48,56,,146,8.9,1.4,3.4,2.8,1.6,0.5,1.3,38.3,80.6,Herbert Jones
143,Dillon Brooks,PHX,PHX,216,-3.631,163,114.7,0.50,56,114.9,171,20.2,2.3,3.6,1.8,1.0,0.2,1.8,43.5,84.2,Dillon Brooks
144,Ace Bailey,UTA,UTA,185,-2.903,160,118.7,0.37,72,118.1,147,13.8,1.9,4.2,1.8,0.8,0.7,1.5,44.3,75.0,Ace Bailey
145,Isaiah Hartenstein,OKC,OKC,112,-1.057,115,105.3,0.25,47,105.4,141,9.2,0.0,9.4,3.5,1.0,0.8,1.7,62.2,61.0,Isaiah Hartenstein
146,Quentin Grimes,LAL,LAL,171,-2.516,111,122.0,0.29,75,120.4,129,13.4,1.7,3.6,3.3,0.9,0.4,1.8,45.0,84.0,Quentin Grimes
147,Kyle Filipowski,UTA,UTA,127,-1.513,216,116.1,0.41,77,114.2,170,11.4,1.0,7.2,2.6,0.9,0.5,1.6,49.2,75.0,Kyle Filipowski
148,Aaron Nesmith,IND,IND,98,-0.871,167,104.2,0.20,45,108.8,166,13.8,2.3,4.2,1.9,0.6,0.5,1.4,41.4,82.9,Aaron Nesmith
149,Mark Williams,PHX,PHX,125,-1.488,182,106.2,0.19,60,108.1,,11.7,0.0,8.0,1.0,0.9,0.9,1.1,64.4,77.1,Mark Williams
150,Isaiah Stewart,MEM,MEM,177,-2.588,198,115.7,0.00,58,111.2,143,10.0,0.7,5.0,1.1,0.3,1.6,1.1,55.0,75.6,Isaiah Stewart
