source,url,fetched_on,rows,notes
hashtag,https://hashtagbasketball.com/fantasy-basketball-projections,2026-08-24,429,"2026-27 Rest-of-Season projections; POS/ADP source=Yahoo (DDPOSFROM=1, client platform per INPUTS default); DDSHOW=All. Per-game line + Yahoo ADP + hashtag rank(R#)/value(TOTAL). FG%/FT% cells carry pct + makes/attempts."
statdunk,https://statdunk.com/projections/categories?sport=nba&sort=val,2026-08-24,250,"StatMaxers same-origin API. Projections = /api/statdunk-nba-projections-v2 (label=Projections V4.10, asOf=2026-08-23T20:12:48.000Z). The pre-computed category board lives in the Supabase backend (off-allowlist, 403), so category value is reconstructed via statdunk's own method (attempt-weighted-nine-category-zscore-v1), VALIDATED to reproduce the published /api/statdunk-nba-projections block (Spearman 1.0000 over 250 players). rank/value=totals(season); rank_avg/value_avg=averages(per-game); z_*=totals. base(8/11 provisional) & v3(lock-in) also landed raw."
yahoo,(owner paste — no direct fetch; sports egress blocked),2026-09-16,300,"Yahoo player rankings as of 2026-09-15 per the owner, pasted into chat 2026-09-16 and transcribed verbatim to yahoo-raw-2026-09-15.txt (duplicate name lines are a copy artifact, used as a transcription check). XRank = Yahoo expert rank (668 = placeholder tier, capped at 300 for averaging); ADP on the top 189 rows only, non-decreasing (list ordered best-to-worst per owner). Parsed under invariants I1-I5 by yahoo_market.py."
yahoo-9cat-rankings,(owner paste — no direct fetch; sports egress blocked),2026-09-22,250,"Yahoo 9-cat player RANKINGS page as of 2026-09-22 per the owner, pasted into chat 2026-09-22 and transcribed verbatim to yahoo-9cat-rankings-raw-2026-09-22.txt (rank / name / pos+team, Yahoo site codes NOR/PHO/UTH mapped to NOP/PHX/UTA). XRank = the rank (1..250, contiguous); NO ADP in this paste. Parsed under invariants I1, I4-I6 by yahoo_market.py; absence gate mechanical (surname + first 3)."
yahoo,(owner paste — no direct fetch; sports egress blocked),2026-09-22,300,"Yahoo player rankings as of 2026-09-22 per the owner, pasted into chat 2026-09-22 and transcribed verbatim to yahoo-raw-2026-09-22.txt (duplicate name lines are a copy artifact, used as a transcription check). XRank = Yahoo expert rank (668 = placeholder tier, capped at 300 for averaging); ADP on the top 193 rows only, non-decreasing (list ordered best-to-worst per owner). Parsed under invariants I1-I5 by yahoo_market.py."
experts,(owner upload — consensus of experts' individual 9-cat rankings; Fantrax ADP column),2026-09-29,50,"Top-50 expert consensus uploaded by the owner on 2026-09-29 and kept verbatim as experts-raw-2026-09-29.csv (Rank, Player, Pos, Team, vs '25, Fantrax ADP, '25-26 FPPG (empty), Avg rank). Joined under the hard gate by third_party_market.py (50 matched, 0 without a pool row); reference layer only — no board row changes (fix F2)."
yahoo-9cat-rankings,(owner paste — no direct fetch; sports egress blocked),2026-09-29,250,"Yahoo 9-cat player RANKINGS page as of 2026-09-28 per the owner, pasted into chat 2026-09-29 and transcribed verbatim to yahoo-9cat-rankings-raw-2026-09-28.txt (rank / name / pos+team, Yahoo site codes NOR/PHO/UTH mapped to NOP/PHX/UTA). XRank = the rank (1..250, contiguous); NO ADP in this paste. Parsed under invariants I1, I4-I6 by yahoo_market.py; absence gate mechanical (surname + first 3)."
projected150,"(owner paste of an article — 'Projected Top 150 for 2026-27', corrected 2025-26 production; Yahoo ADP and pre-rank snapshots dated 2026-09-26)",2026-09-26,150,"Projected top 150 dated 2026-09-26 pasted by the owner on 2026-09-29; the structured fields (rank, team, 2025-26 GP and per-game line, VALUE, Yahoo ADP and pre-rank) transcribed to projected150-raw-2026-09-26.csv under invariants (ranks contiguous, stats in range); the prose was read in-session and not stored. Joined under the hard gate by third_party_market.py (150 matched, 0 without a pool row); reference only."
rotoballer,(owner upload — RotoBaller NBA overall 9-cat projected rankings CSV),2026-09-29,250,"RotoBaller overall 9-cat projected rankings, 250 rows, uploaded by the owner on 2026-09-29 and kept verbatim as rotoballer-raw-2026-09-29.csv (Rank, Player, Pos, Team, P-Rank, projected PTS/REB/AST/STL/BLK/3PM/FG%/FT%/TO, Tier). Joined under the hard gate by third_party_market.py (242 matched, 8 without a pool row); reference only — no board row changes (fix F2)."
profiles,"(owner paste of an article — outlet not named; a 9-cat top 144 with prose profiles on the top 50, and its companion sleepers / breakouts / busts piece)",2026-09-29,145,"A 9-cat top 144 pasted by the owner on 2026-09-29 (outlet not named; teams given as nicknames, mapped to codes; the list numbers 126 twice, so Rank is the list position 1..145 and Printed keeps the article's number) transcribed to profiles-raw-2026-09-29.csv with a Profile flag and a short Claim in the analyst's own words for the 50 profiled players; the companion sleepers / breakouts / busts lists transcribed to profiles-tags-raw-2026-09-29.csv (38 rows). The prose was read in-session and not stored. Joined under the hard gate by third_party_market.py (145 matched, 0 without a pool row); reference only — no board row changes (fix F2; a single unnamed outlet)."
rookies,"(owner paste of a Yahoo Sports article — ten 2026 first-round rookies to target, with a role claim, a college line and the teammates around each)",2026-09-30,10,"Transcribed verbatim to rookies-raw-2026-09-30.csv (Pick, Player, Team, RoleClaim, CollegeLine, Context, Outlet). Not a ranking list, so it does not join through third_party_market.py; each claim was checked against a second named outlet on 2026-09-30 (after-report-2026-09-30-rookies.md §1). Five lines re-derived to starter minutes under the two-outlet rule (Peterson, Wilson, Brown Jr., Acuff Jr., Lendeborg), Boozer's deck line twinned to the kit's, three notes only."
returning,"(owner paste of a Yahoo Sports article — NBC Sports' fantasy column on the top twelve players returning from injury, with games missed, injury label, availability and a role claim each)",2026-10-01,12,"Transcribed to returning-raw-2026-10-01.csv (Rank, Player, Team, GamesMissed2025-26, Injury, Availability2026-27, RoleClaim, Outlet). Not a ranking list, so it does not join through third_party_market.py; each games-missed figure was checked against the player's Basketball-Reference 2025-26 game log and each price claim against yahoo-2026-09-22.csv on 2026-10-01 (after-report-2026-10-01-returning.md §1). No pool row changed (one outlet; decisions D-RT1..D-RT5)."
