Rank,Player,Team,GamesMissed2025-26,Injury,Availability2026-27,RoleClaim,Outlet
1,Kyrie Irving,DAL,82,ACL,Full Go,"nine straight top-20 seasons before the injury; no more than 60 games in a season since 2018-19; prominent role next to Flagg","NBC Sports fantasy column via Yahoo Sports (owner paste 2026-10-01)"
2,Tyrese Haliburton,IND,82,Achilles,Full Go,"full go to open the season per Haliburton; role unchanged as floor general; first-round upside","NBC Sports fantasy column via Yahoo Sports (owner paste 2026-10-01)"
3,Damian Lillard,POR,82,Achilles,Full Go,"36 years old; 112 games missed over the four prior seasons; role next to Morant unclear; wait until the later rounds","NBC Sports fantasy column via Yahoo Sports (owner paste 2026-10-01)"
4,Ja Morant,POR,62,"Ankle, Calf, Elbow",Full Go,"79 games over the last three seasons; top-100 floor, top-50 ceiling; eighth-round ADP, a value in picks 85-100","NBC Sports fantasy column via Yahoo Sports (owner paste 2026-10-01)"
5,Fred VanVleet,HOU,82,ACL,Could be on a minutes restriction to open the season,"usage down with Durant and Thompson; late-round PG with upside; may open on a minutes restriction","NBC Sports fantasy column via Yahoo Sports (owner paste 2026-10-01)"
6,Zach Edey,MEM,71,Ankle,"Still recovering, on track for the regular-season opener","career highs in 11 games; Stewart, Post and Boozer added to the frontcourt; mid-round ADP but a late-round risk/reward profile","NBC Sports fantasy column via Yahoo Sports (owner paste 2026-10-01)"
7,Walker Kessler,LAL,77,Shoulder,Full Go,"63 games over the last two seasons; top big in LA; fully healthy; a fourth-round selection","NBC Sports fantasy column via Yahoo Sports (owner paste 2026-10-01)"
8,Dereck Lively II,DAL,75,Foot,Return timeline unclear,"98 of 246 games in three seasons; 21 minutes a game when he plays; Gafford and Morez Johnson Jr. ahead; Ujiri: the team will be patient; deep leagues only","NBC Sports fantasy column via Yahoo Sports (owner paste 2026-10-01)"
9,Jayson Tatum,BOS,66,Achilles,Full Go,"returned March 6, 16 games, 26th in per-game value; leaned on more with Brown gone; a top-10 pick","NBC Sports fantasy column via Yahoo Sports (owner paste 2026-10-01)"
10,Domantas Sabonis,SAC,63,"Back, Knee",Full Go,"lowest counting stats since 2018-19; top-20 in four of five prior seasons; the rebuilding Kings may trade him","NBC Sports fantasy column via Yahoo Sports (owner paste 2026-10-01)"
11,Dejounte Murray,NOP,68,Achilles,Full Go,"all-systems-go at media day; opens as a starter; late sixth-round ADP, a value","NBC Sports fantasy column via Yahoo Sports (owner paste 2026-10-01)"
12,Giannis Antetokounmpo,MIA,46,Achilles,Full Go,"fewest games ever; 28.9 minutes; go-to option in Miami; first-rounder; consider a punt-FT% build","NBC Sports fantasy column via Yahoo Sports (owner paste 2026-10-01)"
