Pick,Player,Team,RoleClaim,CollegeLine,Context,Outlet
1,AJ Dybantsa,WAS,sizable impact from the gate; blends into a starting group with Trae Young and Kyshawn George; fast pace under Keefe,"BYU: 25.5 pts, 6.8 reb, 3.7 ast, 1.1 stl, 51.0% FG",Wizards frontcourt of Anthony Davis and Alex Sarr,Yahoo Sports (rookie targets piece; owner paste 2026-09-30)
2,Darryn Peterson,UTA,backcourt starter next to Keyonte George; Markkanen / Jackson Jr. / Nurkic round out the first five,"Kansas: 38.2% 3PT, 1.5 stl",Jazz led the West at 106.6 possessions per game,Yahoo Sports (rookie targets piece; owner paste 2026-09-30)
3,Cameron Boozer,MEM,primary scoring option from the opening tip; sizable role after Morant and Jackson Jr. left,"Duke: 10.2 reb, 39.1% 3PT",Pippen Jr. / Coward / Grant / Edey project as the other starters,Yahoo Sports (rookie targets piece; owner paste 2026-09-30)
4,Caleb Wilson,CHI,penciled in as the starting power forward; replaces Patrick Williams,"UNC: 19.8 pts, 9.4 reb, 2.7 ast, 1.5 stl, 1.4 blk, 57.8% FG, 31.2 mpg",Giddey at the point; Powell and Buzelis on the wing; outside shot still developing,Yahoo Sports (rookie targets piece; owner paste 2026-09-30)
5,Keaton Wagler,LAC,key piece with Garland / Jones Jr. / Lopez around him; Ingram injured,"Illinois: 17.9 pts, 5.1 reb, 4.2 ast, 39.7% 3PT",Clippers moved on from Kawhi Leonard,Yahoo Sports (rookie targets piece; owner paste 2026-09-30)
6,Mikel Brown,BKN,expected starting point guard; primary ball handler feeding Porter Jr. and Randle,"Louisville: 18.2 pts, 4.7 ast, 3.3 reb, 1.2 stl, 29.0 mpg; inefficient shooter",Nets were 20-62; minutes abundant,Yahoo Sports (rookie targets piece; owner paste 2026-09-30)
7,Darius Acuff,SAC,starting point guard from day one in a veteran first five (LaVine / Hunter / Murray / Sabonis),"Arkansas: 23.5 pts, 6.4 ast, 48.4% FG, 44% 3PT",high-usage shot creator,Yahoo Sports (rookie targets piece; owner paste 2026-09-30)
8,Kingston Flemings,ATL,not a starter; primary backup to CJ McCollum at point guard; could eat into his minutes,"Houston: 1.5 stl",two-way profile,Yahoo Sports (rookie targets piece; owner paste 2026-09-30)
11,Yaxel Lendeborg,GSW,"Kerr: ""clearly going to play a ton""; can fill in at center while Porzingis is out indefinitely","Three college seasons: 15.5 pts, 9.6 reb, 3.2 ast, 1.7 blk, 1.2 stl, 51.7% FG, 36.4% 3PT",reigning Big Ten Player of the Year; national champion,Yahoo Sports (rookie targets piece; owner paste 2026-09-30)
14,Hannes Steinbach,CHA,starting center job is his to lose after LaMelo Ball and Miles Bridges left,"Washington: 18.5 pts, 11.8 reb, 1.6 ast, 1.2 stl, 1.1 blk, 57.7% FG, 34.0% 3PT",nation's top rebounder last season,Yahoo Sports (rookie targets piece; owner paste 2026-09-30)
