Rank,Player,Pos,Team,Points_Rank,Cat8_Rank,Dynasty_Rank,Profile,Age,PTS,3PM,REB,AST,STL,BLK,TO,FG%,FT%
1,Nikola Jokić,C,DEN,1,2,4,C1,31,27.7,1.7,12.9,10.7,1.4,0.8,3.7,56.9,83.1
2,Victor Wembanyama,C,SAS,3,1,1,C2,22,25.0,1.9,11.5,3.1,1.0,3.1,2.4,51.2,82.7
3,Shai Gilgeous-Alexander,G,OKC,5,4,2,G1,28,31.1,1.7,4.3,6.6,1.4,0.8,2.2,55.3,87.9
4,Luka Dončić,G,LAL,2,3,3,G2,27,33.5,4.0,7.7,8.3,1.6,0.5,4.0,47.6,78.0
5,Cade Cunningham,G,DET,6,5,6,G3,25,23.9,2.0,5.5,9.9,1.4,0.8,3.7,46.1,81.2
6,Jayson Tatum,F,BOS,7,6,10,F1,28,21.8,2.9,10.0,5.3,1.4,0.2,2.4,41.1,82.3
7,Anthony Edwards,G,MIN,8,7,8,G4,25,28.8,3.4,5.0,3.7,1.4,0.8,2.9,48.9,79.6
8,Tyrese Haliburton,G,IND,25,11,9,G5,26,,,,,,,,,
9,Jalen Johnson,F,ATL,14,18,14,F2,24,22.5,1.7,10.3,7.9,1.2,0.4,3.4,48.9,78.8
10,Cooper Flagg,F,DAL,11,14,5,F3,19,21.0,1.0,6.7,4.5,1.2,0.9,2.3,46.8,82.7
11,Karl-Anthony Towns,C,NYK,12,12,22,C3,30,20.1,1.5,11.9,3.0,0.9,0.5,2.5,50.1,85.8
12,Tyrese Maxey,G,PHI,10,8,7,G6,25,28.3,3.1,4.1,6.6,1.9,0.8,2.4,46.2,89.2
13,Scottie Barnes,F/C,TOR,15,20,13,F4,25,18.1,0.8,7.5,5.9,1.4,1.4,2.6,50.7,81.5
14,Kevin Durant,G/F,HOU,27,21,72,F5,38,26.0,2.4,5.5,4.8,0.8,0.9,3.2,52.0,87.4
15,Kawhi Leonard,F,TOR,9,9,74,F6,35,27.9,2.6,6.4,3.6,1.9,0.4,2.0,50.5,89.2
16,Giannis Antetokounmpo,F,MIA,4,10,19,F7,31,27.6,0.4,9.8,5.4,0.9,0.7,3.2,62.4,65.0
17,Donovan Mitchell,G,CLE,13,13,24,G7,30,27.9,3.2,4.5,5.7,1.5,0.3,2.8,48.3,86.5
18,Stephen Curry,G,GSW,31,16,71,G8,38,26.6,4.4,3.6,4.7,1.1,0.4,2.8,46.8,92.3
19,Devin Booker,G,PHX,38,22,27,G9,29,26.1,1.9,3.9,6.0,0.8,0.3,3.1,45.6,87.3
20,Amen Thompson,G/F,HOU,30,29,17,G10,23,18.3,0.3,7.8,5.3,1.5,0.6,2.4,53.4,77.9
21,Chet Holmgren,F/C,OKC,40,27,15,F8,24,17.1,1.3,8.9,1.7,0.6,1.9,1.6,55.7,79.2
22,Trae Young,G,WAS,18,17,31,G11,28,17.9,1.8,2.0,8.0,0.9,0.1,2.6,45.8,82.5
23,Jamal Murray,G,DEN,21,19,32,G12,29,25.4,3.3,4.4,7.1,0.9,0.4,2.3,48.3,88.7
24,Jalen Williams,F,OKC,32,34,16,F9,25,17.1,0.7,4.6,5.5,1.2,0.3,1.9,48.4,83.7
25,Alperen Şengün,C,HOU,16,24,20,C4,24,20.4,0.6,8.9,6.2,1.2,1.1,3.2,51.9,69.1
26,LaMelo Ball,G,MIN,35,15,23,G13,25,20.1,3.8,4.8,7.1,1.2,0.2,2.8,40.7,89.9
27,James Harden,G,CLE,33,23,69,G14,37,23.6,3.1,4.8,8.0,1.1,0.4,3.5,43.4,88.4
28,Anthony Davis,F/C,WAS,24,37,50,F10,33,20.4,0.5,11.1,2.8,1.1,1.6,2.0,50.6,72.8
29,Domantas Sabonis,C,SAC,29,33,47,C5,30,15.8,0.3,11.4,4.1,0.9,0.2,2.7,54.3,72.7
30,Jalen Brunson,G,NYK,23,36,43,G15,30,26.0,2.6,3.3,6.8,0.8,0.1,2.4,46.7,84.1
31,Trey Murphy,G/F,NOP,41,41,25,F11,26,21.5,3.2,5.7,3.8,1.5,0.4,1.8,47.0,88.6
32,Austin Reaves,G,LAL,42,25,41,G16,28,23.3,2.3,4.7,5.5,1.1,0.4,3.0,49.0,87.1
33,Evan Mobley,F/C,CLE,17,30,18,F12,25,18.2,1.0,9.0,3.6,0.7,1.7,1.9,54.6,60.6
34,Deni Avdija,G/F,POR,56,63,30,F13,25,24.2,1.9,6.9,6.7,0.8,0.6,3.8,46.2,80.2
35,Jaren Jackson Jr.,F/C,UTA,37,31,37,F14,27,19.4,1.8,5.7,2.0,1.1,1.4,2.2,47.6,80.3
36,Josh Giddey,G,CHI,19,26,88,G17,24,17.0,1.9,8.3,9.1,1.0,0.5,3.6,44.8,76.3
37,Bam Adebayo,C,MIA,20,47,49,C6,29,20.1,1.7,10.0,3.2,1.2,0.7,1.6,44.2,77.8
38,Desmond Bane,G/F,ORL,52,35,33,G18,28,20.1,2.0,4.1,4.1,1.0,0.5,2.0,48.4,90.8
39,Walker Kessler,C,LAL,54,39,56,C7,25,14.4,1.2,10.8,3.0,1.4,1.8,3.2,70.3,70.0
40,Kyrie Irving,G,DAL,47,28,68,G19,34,,,,,,,,,
41,Lauri Markkanen,F,UTA,44,43,36,F15,29,26.7,2.7,6.9,2.1,1.0,0.5,1.5,47.7,89.6
42,Derrick White,G,BOS,57,40,42,G20,32,16.5,2.7,4.4,5.4,1.1,1.3,1.7,39.4,90.2
43,OG Anunoby,F,NYK,82,46,51,F16,29,16.7,2.3,5.2,2.2,1.6,0.7,1.8,48.4,82.8
44,Franz Wagner,F,ORL,28,48,34,F17,25,20.6,1.4,5.2,3.3,0.9,0.3,1.7,48.1,82.3
45,Darius Garland,G,LAC,49,69,26,G21,26,18.8,2.7,2.4,6.7,1.0,0.2,2.9,46.0,86.1
46,Brandon Miller,G/F,CHA,58,44,35,F18,23,20.2,3.1,4.9,3.3,1.0,0.7,2.5,43.5,89.2
47,LeBron James,F,PHI,26,32,119,F19,41,20.9,1.3,6.1,7.2,1.2,0.6,3.0,51.5,73.7
48,Kon Knueppel,G/F,CHA,84,50,40,G22,21,18.5,3.4,5.3,3.4,0.7,0.2,2.0,47.5,86.3
49,Jaylen Brown,G/F,PHI,45,54,45,F20,29,28.7,2.0,6.9,5.1,1.0,0.4,3.6,47.7,79.5
50,Jalen Duren,C,DET,34,38,52,C8,22,19.5,0.0,10.5,2.0,0.8,0.8,1.9,65.0,74.7
51,Donovan Clingan,C,POR,61,67,58,C9,22,12.1,1.1,11.6,2.1,0.6,1.7,1.2,52.0,68.0
52,Joel Embiid,C,PHI,43,42,147,C10,32,26.9,1.4,7.7,3.9,0.6,1.2,2.9,48.9,85.4
53,Tyler Herro,G,MIL,50,51,99,G23,26,20.5,2.5,4.8,4.1,0.7,0.4,1.9,48.0,91.7
54,Alex Sarr,C,WAS,64,78,39,C11,21,16.3,1.0,7.4,2.7,0.8,2.0,1.7,48.2,69.2
55,Cameron Boozer,F,MEM,62,75,11,F21,19,,,,,,,,,
56,Dyson Daniels,G/F,ATL,77,55,53,F22,23,11.9,0.3,6.8,5.9,2.0,0.4,1.8,51.7,61.5
57,Pascal Siakam,F,IND,22,59,81,F23,32,24.0,1.7,6.6,3.8,1.1,0.4,2.2,48.4,69.3
58,Dejounte Murray,G,NOP,51,62,78,G24,30,16.7,1.4,5.4,6.4,1.6,0.2,3.4,48.4,86.7
59,Onyeka Okongwu,C,ATL,59,64,64,C12,25,15.2,1.9,7.6,3.1,1.1,1.1,1.7,48.0,75.7
60,De’Aaron Fox,G,SAS,53,68,54,G25,28,18.6,1.8,3.8,6.2,1.2,0.3,2.3,48.6,76.0
61,Keyonte George,G,UTA,71,61,65,G26,22,23.6,2.5,3.7,6.1,1.1,0.3,3.1,45.6,89.2
62,Ivica Zubac,C,IND,48,76,80,C13,29,14.1,0.0,10.6,2.2,0.4,0.8,1.8,59.8,71.1
63,Kel’el Ware,C,MIL,65,57,57,C14,22,11.1,1.2,9.0,0.7,0.8,1.1,0.8,53.0,74.0
64,Brandon Ingram,F,LAC,46,60,82,F24,29,21.5,1.8,5.6,3.7,0.8,0.7,2.4,47.7,82.0
65,Paolo Banchero,F,ORL,36,80,44,F25,23,22.2,1.2,8.4,5.2,0.7,0.6,3.1,45.9,77.5
66,Zach Edey,C,MEM,75,74,59,C15,24,13.6,0.1,11.1,1.1,0.6,1.9,2.4,63.3,78.1
67,Naz Reid,F/C,CHA,70,73,101,F26,27,13.6,2.1,6.2,2.2,1.0,1.0,1.6,45.6,73.2
68,Mikal Bridges,G/F,NYK,111,95,70,F27,30,14.4,1.9,3.8,3.7,1.3,0.8,1.0,49.0,82.7
69,Paul George,F,BOS,60,58,126,F28,36,17.3,2.7,5.3,3.6,1.7,0.4,1.7,43.9,82.0
70,Michael Porter Jr.,F,BKN,66,66,113,F29,28,24.2,3.4,7.1,3.0,1.1,0.2,2.3,46.3,85.9
71,Zion Williamson,F,NOP,39,71,76,F30,26,21.0,0.0,5.7,3.2,1.0,0.5,2.0,60.0,71.6
72,VJ Edgecombe,G,PHI,78,82,38,G27,21,16.0,2.0,5.6,4.2,1.4,0.5,1.8,43.8,81.8
73,Julius Randle,F,BKN,55,52,125,F31,31,21.1,1.4,6.7,5.0,1.1,0.2,2.7,48.1,80.2
74,Ja Morant,G,POR,72,85,73,G28,27,19.4,1.0,3.2,8.1,1.0,0.3,3.5,41.0,89.7
75,Rudy Gobert,C,MIN,74,79,146,C16,34,10.9,0.0,11.5,1.7,0.8,1.6,1.4,68.2,52.6
76,Coby White,G,CHA,98,88,90,G29,26,17.4,2.3,3.4,4.0,0.5,0.1,2.6,44.6,81.7
77,Zach LaVine,G/F,SAC,100,100,144,F32,31,19.2,2.5,2.8,2.3,0.7,0.3,1.9,47.9,88.0
78,Ryan Rollins,G,MIL,96,77,85,G30,24,17.3,2.5,4.6,5.6,1.5,0.4,2.7,47.2,79.6
79,Immanuel Quickley,G,TOR,63,70,95,G31,27,16.4,2.5,4.0,5.9,1.3,0.1,1.5,44.3,82.1
80,Stephon Castle,G,SAS,68,107,60,G32,21,16.7,1.2,5.3,7.4,1.1,0.3,3.2,47.1,73.4
81,Dylan Harper,G,SAS,97,99,21,G33,20,11.8,0.9,3.4,3.9,0.8,0.3,1.4,50.5,75.6
82,Jarrett Allen,C,CLE,94,86,97,C17,28,15.4,0.0,8.5,1.8,1.0,0.8,1.3,63.8,70.9
83,Nickeil Alexander-Walker,G,ATL,73,45,92,G34,28,20.8,3.2,3.4,3.7,1.3,0.5,2.1,45.9,90.2
84,Jalen Suggs,G,ORL,89,56,75,G35,25,13.8,2.1,3.9,5.5,1.8,0.7,2.7,43.5,85.5
85,Damian Lillard,G,POR,79,49,177,G36,36,,,,,,,,,
86,Jaden McDaniels,F,MIN,86,72,84,F33,26,14.8,1.4,4.2,2.7,1.1,1.0,1.8,51.5,83.5
87,Norman Powell,G/F,CHI,105,91,118,G37,33,21.7,2.7,3.5,2.5,1.1,0.2,1.9,47.0,82.7
88,Collin Murray-Boyles,F/C,TOR,115,104,48,F34,21,8.5,0.3,5.0,1.9,0.9,0.9,1.0,57.9,65.7
89,AJ Dybantsa,F,WAS,152,94,29,F35,19,,,,,,,,,
90,Caleb Wilson,F,CHI,76,103,28,F36,20,,,,,,,,,
91,Josh Hart,G/F,NYK,85,87,114,F37,31,12.0,1.5,7.4,4.8,1.1,0.3,1.9,50.8,72.0
92,Payton Pritchard,G,BOS,104,84,91,G38,28,17.0,2.7,3.9,5.2,0.7,0.1,1.4,46.4,89.0
93,Matas Buzelis,F,CHI,69,53,89,F38,22,16.3,2.2,5.8,2.1,0.7,1.5,2.1,46.3,78.6
94,Miles Bridges,F,PHX,80,106,171,F39,28,17.1,1.9,5.8,3.2,0.6,0.4,1.4,46.0,82.2
95,Day’Ron Sharpe,C,BKN,83,92,129,C18,24,8.7,0.1,6.7,2.3,1.1,0.4,1.7,60.1,67.8
96,Fred VanVleet,G,HOU,113,98,185,G39,32,,,,,,,,,
97,Ajay Mitchell,G,OKC,114,110,87,G40,24,13.6,1.1,3.3,3.6,1.2,0.3,1.4,48.5,87.0
98,Myles Turner,C,MIL,106,93,157,C19,30,11.9,2.1,5.3,1.5,0.7,1.6,1.2,44.0,74.0
99,Cason Wallace,G,OKC,136,81,111,G41,22,8.6,1.3,3.1,2.6,1.9,0.4,0.9,43.2,80.9
100,Isaiah Hartenstein,C,OKC,87,97,160,C20,28,9.2,0.0,9.4,3.5,1.0,0.8,1.7,62.2,61.0
101,Ty Jerome,G,MEM,99,90,124,G42,29,19.7,2.8,2.8,5.7,1.1,0.3,1.8,47.4,87.5
102,Keegan Murray,F,SAC,88,96,138,F40,26,14.0,1.3,5.7,1.7,1.0,1.6,1.2,42.0,77.6
103,Jakob Poeltl,C,TOR,109,105,174,C21,31,10.7,0.0,7.0,2.0,0.9,0.7,1.2,70.0,60.2
104,John Collins,F/C,DET,108,89,183,F41,29,13.6,1.3,5.3,1.0,0.9,0.7,1.4,55.2,76.6
105,CJ McCollum,G,ATL,95,109,198,G43,35,18.7,2.5,3.3,3.9,0.8,0.5,1.8,45.5,77.2
106,Ausar Thompson,G/F,DET,91,83,63,F42,23,9.9,0.1,5.7,3.1,2.0,0.9,1.5,52.5,57.1
107,Darryn Peterson,G,UTA,153,147,12,G44,19,,,,,,,,,
108,Nic Claxton,C,CHI,102,117,115,C22,27,11.7,0.0,6.9,3.7,0.7,1.1,1.4,57.1,61.6
109,Peyton Watson,F,CLE,129,136,105,F43,24,14.6,1.5,4.9,2.1,0.9,1.1,1.7,49.1,73.0
110,Kyshawn George,G/F,WAS,140,145,66,F44,22,14.8,2.1,5.1,4.5,1.0,0.9,2.6,43.8,80.2
111,Neemias Queta,C,BOS,119,102,130,C23,27,10.2,0.0,8.4,1.7,0.8,1.3,1.0,65.3,70.3
112,Anthony Black,G,ORL,116,130,109,,,,,,,,,,,
113,Egor Dëmin,G,BKN,145,125,86,,,,,,,,,,,
114,Brandin Podziemski,G,GSW,103,108,121,G45,23,13.8,1.9,5.1,3.7,1.1,0.2,1.6,45.5,79.7
115,Kristaps Porziņgis,F/C,GSW,67,101,107,C24,31,16.7,1.7,5.2,2.5,0.6,1.2,1.3,44.6,84.2
116,Jusuf Nurkić,C,UTA,92,153,265,C25,32,10.9,0.6,10.4,4.8,1.3,0.5,2.5,50.3,54.9
117,Cedric Coward,G/F,MEM,101,111,93,G46,23,13.6,1.5,5.9,2.8,0.6,0.4,1.7,47.1,84.3
118,Khaman Maluach,C,PHX,185,183,94,C26,20,3.0,0.0,2.9,0.1,0.1,0.7,0.5,53.3,71.0
119,Jabari Smith Jr.,F/C,HOU,107,113,102,F45,23,15.8,2.3,6.9,1.9,0.7,0.9,1.4,45.0,77.5
120,Mitchell Robinson,C,BOS,134,120,131,C27,28,5.7,0.0,8.8,0.9,0.9,1.2,0.7,72.3,40.8
121,Jalen Green,G/F,PHX,93,116,110,G47,24,17.8,2.2,3.6,2.8,1.1,0.2,2.2,42.2,74.7
122,Moussa Diabaté,C,CHA,148,129,133,C28,24,7.9,0.0,8.7,1.9,0.8,1.0,1.0,63.1,65.9
123,Andrew Wiggins,F,MIA,90,112,213,F46,31,15.4,2.0,4.8,2.7,1.1,1.0,1.5,47.5,78.4
124,Toumani Camara,F,POR,141,115,145,F47,26,13.4,2.7,5.1,2.5,1.1,0.4,1.8,44.0,70.8
125,Devin Vassell,G/F,SAS,127,131,96,,,,,,,,,,,
126,Reed Sheppard,G,HOU,143,119,79,G48,22,13.5,2.8,2.9,3.4,1.5,0.7,1.5,43.0,80.2
127,Davion Mitchell,G,MIA,162,140,170,,,,,,,,,,,
128,Jrue Holiday,G,POR,138,128,230,,,,,,,,,,,
129,Cameron Johnson,G/F,DEN,126,114,165,,,,,,,,,,,
130,Ayo Dosunmu,G,MIN,132,118,187,G49,26,14.8,1.8,3.4,3.6,0.8,0.3,1.4,51.7,87.6
131,Kevin Porter Jr.,G,MIL,120,122,245,G50,26,17.4,1.2,5.2,7.4,2.2,0.5,2.9,46.5,87.8
132,Aaron Gordon,F,DEN,128,141,205,,,,,,,,,,,
133,Jaime Jaquez Jr.,G/F,MIL,117,142,246,,,,,,,,,,,
134,Herb Jones,G/F,NOP,174,143,,,,,,,,,,,,
135,Ace Bailey,G/F,UTA,151,163,67,,,,,,,,,,,
136,Brook Lopez,C,LAC,164,132,,C29,38,8.5,1.5,3.6,1.3,0.6,1.2,0.8,42.8,75.7
137,Yaxel Lendeborg,F,GSW,178,150,112,,,,,,,,,,,
138,Paul Reed,C,DET,154,121,184,C30,27,7.8,0.2,4.5,1.2,0.9,0.9,0.9,61.7,66.4
139,Tobias Harris,F,SAS,155,124,254,,,,,,,,,,,
140,Christian Braun,G/F,DEN,135,126,166,,,,,,,,,,,
141,PJ Washington,F/C,DAL,112,154,116,F48,28,14.2,1.4,7.0,1.8,1.0,1.1,1.7,45.0,68.7
142,Wendell Carter Jr.,C,ORL,130,137,172,C31,27,11.8,0.9,7.4,2.0,0.8,0.6,1.3,51.2,79.2
143,Darius Acuff Jr.,G,SAC,150,176,61,,,,,,,,,,,
144,RJ Barrett,G/F,TOR,176,152,255,,,,,,,,,,,
145,Quentin Grimes,G/F,LAL,139,161,120,,,,,,,,,,,
146,Andrew Nembhard,G,IND,121,151,103,,,,,,,,,,,
147,Tari Eason,F,HOU,149,144,100,,,,,,,,,,,
148,Collin Gillespie,G,PHX,146,148,148,,,,,,,,,,,
149,Grayson Allen,G/F,CHA,179,157,190,,,,,,,,,,,
150,Dillon Brooks,F,PHX,131,155,,,,,,,,,,,,
151,Jimmy Butler,F,GSW,81,65,106,,,,,,,,,,,
152,Aaron Nesmith,G/F,IND,156,133,181,,,,,,,,,,,
153,Sandro Mamukelashvili,F/C,LAL,118,138,202,F49,27,11.2,1.4,4.9,1.9,0.8,0.5,0.8,52.3,74.7
154,Max Strus,G/F,LAC,170,170,189,,,,,,,,,,,
155,Maxime Raynaud,C,SAC,173,169,151,C32,23,12.5,0.3,7.5,1.4,0.5,0.5,1.3,57.1,78.6
156,Hannes Steinbach,F/C,CHA,,,132,C33,20,,,,,,,,,
157,Derik Queen,F/C,NOP,125,,77,C34,21,11.7,0.3,7.1,3.7,1.0,0.9,2.3,47.3,79.5
158,Keaton Wagler,G/F,LAC,,,62,,,,,,,,,,,
159,Joan Beringer,C,MIN,197,199,163,C35,19,3.9,0.0,2.3,0.3,0.2,0.7,0.3,66.3,70.3
160,Morez Johnson Jr.,F/C,DAL,190,181,104,,,,,,,,,,,
161,Daniel Gafford,C,DAL,167,168,195,,,,,,,,,,,
162,Tre Jones,G,CHI,144,127,196,,,,,,,,,,,
163,Anfernee Simons,G,PHI,,,218,,,,,,,,,,,
164,Kyle Filipowski,F/C,UTA,,,140,C36,22,11.4,1.0,7.2,2.6,0.9,0.5,1.6,49.2,75.0
165,Draymond Green,F/C,GSW,124,172,186,,,,,,,,,,,
166,Jaylon Tyson,G/F,CLE,,,123,,,,,,,,,,,
167,Bilal Coulibaly,G/F,WAS,,,143,,,,,,,,,,,
168,Pelle Larsson,F,MIA,188,189,294,,,,,,,,,,,
169,Saddiq Bey,F,NOP,110,135,239,,,,,,,,,,,
170,Collin Sexton,G,LAL,177,171,226,,,,,,,,,,,
171,Mikel Brown Jr.,G,BKN,183,184,55,,,,,,,,,,,
172,DeMar DeRozan,F,DEN,142,123,,F50,37,18.4,0.6,2.9,4.1,1.0,0.3,1.2,49.7,86.8
173,De’Anthony Melton,G,GSW,166,162,200,,,,,,,,,,,
174,Dereck Lively II,C,DAL,171,134,117,,,,,,,,,,,
175,Bobby Portis,F/C,MIA,123,156,,,,,,,,,,,,
176,Scotty Pippen Jr.,G,MEM,172,160,208,,,,,,,,,,,
177,Kingston Flemings,G,ATL,,,46,,,,,,,,,,,
178,Andre Drummond,C,NYK,,195,,C37,33,6.4,0.5,8.4,1.3,0.6,0.8,1.0,47.2,63.1
179,Jeremiah Fears,G,NOP,158,146,98,,,,,,,,,,,
180,Hugo Gonzalez,G/F,BOS,,,128,,,,,,,,,,,
181,Nikola Vučević,C,ORL,163,149,,,,,,,,,,,,
182,Santi Aldama,F,DAL,133,164,122,,,,,,,,,,,
183,Robert Williams III,C,POR,180,139,248,,,,,,,,,,,
184,Kris Dunn,G,LAC,199,198,,,,,,,,,,,,
185,Sam Merrill,G/F,CLE,198,188,289,,,,,,,,,,,
186,Baylor Scheierman,G/F,BOS,,,242,,,,,,,,,,,
187,Isaiah Stewart,F/C,MEM,175,159,251,C38,25,10.0,0.7,5.0,1.1,0.3,1.6,1.2,55.0,75.6
188,Ja’Kobe Walter,G,TOR,186,167,262,,,,,,,,,,,
189,Kelly Oubre Jr.,G/F,IND,160,158,191,,,,,,,,,,,
190,Max Christie,G/F,DAL,192,193,199,,,,,,,,,,,
191,Jerami Grant,F,MEM,165,174,,,,,,,,,,,,
192,Jared McCain,G,OKC,,,221,,,,,,,,,,,
193,Daniss Jenkins,G,DET,161,,193,,,,,,,,,,,
194,Julian Champagnie,F,SAS,,179,175,,,,,,,,,,,
195,Rui Hachimura,F,LAC,184,166,201,,,,,,,,,,,
196,Yves Missi,C,NOP,,,244,,,,,,,,,,,
197,Scoot Henderson,G,POR,,,83,,,,,,,,,,,
198,Alex Caruso,G/F,OKC,195,186,,,,,,,,,,,,
199,Jake LaRavia,F,LAL,196,196,227,,,,,,,,,,,
200,Shaedon Sharpe,G/F,POR,168,,231,,,,,,,,,,,
