Rank,Player,Pos,Team,P-Rank,PTS,REB,AST,STL,BLK,3PM,FG%,FT%,TO,Tier
1,Nikola Jokic,C,DEN,C1,26.4,12.5,9.8,1.4,0.8,1.7,57.3,82.2,3.3,1
2,Victor Wembanyama,PF,SA,PF1,25.5,11.6,3.3,1.0,3.2,2.1,49.5,82.6,2.6,1
3,Shai Gilgeous-Alexander,PG,OKC,PG1,31.3,4.3,6.2,1.5,0.8,1.8,54.1,88.5,2.3,1
4,Luka Doncic,PG,LAL,PG2,32.4,7.7,8.1,1.6,0.5,3.8,47.0,78.2,4.0,1
5,Jayson Tatum,SF,BOS,SF1,32.5,9.1,5.7,1.1,0.4,3.5,45.0,82.0,3.1,2
6,Cade Cunningham,PG,DET,PG3,24.2,5.8,9.5,1.3,0.8,2.1,46.2,82.8,4.0,2
7,Giannis Antetokounmpo,PF,MIA,PF2,29.3,11.1,6.3,1.0,0.9,0.3,61.3,63.9,3.1,2
8,Tyrese Maxey,PG,PHI,PG4,25.7,3.8,6.0,1.6,0.7,2.8,47.0,88.6,2.3,2
9,Anthony Edwards,SG,MIN,SG1,28.0,5.5,3.6,1.3,0.7,3.5,47.4,81.3,2.9,2
10,Donovan Mitchell,SG,CLE,SG2,26.7,4.6,5.5,1.5,0.3,3.2,47.2,85.5,2.6,2
11,Scottie Barnes,SF,TOR,SF2,18.4,7.4,5.8,1.4,1.3,1.0,48.4,79.1,2.6,2
12,Tyrese Haliburton,PG,IND,PG5,17.4,3.5,9.3,1.2,0.6,2.6,47.5,85.2,1.7,2
13,Cooper Flagg,PF,DAL,PF3,22.4,6.5,5.1,1.2,0.9,1.1,46.8,82.8,2.3,2
14,Jalen Johnson,PF,ATL,PF4,20.7,9.7,6.8,1.2,0.6,1.5,49.5,78.1,3.1,2
15,Karl-Anthony Towns,PF,NY,PF5,20.9,12.2,3.0,0.9,0.7,1.6,50.9,85.2,2.5,3
16,Kevin Durant,PF,HOU,PF6,25.1,5.3,3.8,0.8,0.9,2.2,52.3,86.3,2.9,3
17,Austin Reaves,SG,LAL,SG3,24.6,4.6,6.8,1.1,0.4,2.4,48.1,87.0,2.9,3
18,Jamal Murray,PG,DEN,PG6,22.1,4.3,6.5,1.0,0.5,2.8,48.0,88.4,2.2,3
19,Trey Murphy III,SF,NO,SF3,20.8,5.4,3.6,1.3,0.5,3.0,46.2,87.7,1.8,3
20,Kawhi Leonard,SF,TOR,SF4,24.1,6.1,3.6,1.8,0.4,2.3,50.6,87.4,2.0,3
21,LaMelo Ball,PG,MIN,PG7,21.5,5.3,7.9,1.4,0.3,3.8,41.0,87.4,3.2,3
22,Stephen Curry,PG,GS,PG8,25.4,3.9,5.2,1.2,0.4,4.4,45.9,92.6,2.9,3
23,Amen Thompson,SG,HOU,SG4,15.5,7.3,4.0,1.4,0.8,0.3,54.0,74.6,2.1,3
24,Evan Mobley,PF,CLE,PF7,18.3,9.2,3.6,0.8,1.7,1.1,55.4,70.0,2.0,3
25,Chet Holmgren,C,OKC,C2,16.3,8.3,1.6,0.7,1.8,1.3,53.5,78.3,1.5,3
26,Walker Kessler,C,LAL,C3,14.0,11.7,1.8,0.8,2.2,0.2,66.3,55.9,1.6,3
27,Bam Adebayo,C,MIA,C4,19.4,9.8,3.6,1.2,0.7,1.4,46.4,77.1,1.8,4
28,Derrick White,SG,BOS,SG5,17.1,4.4,5.0,1.0,1.1,3.1,44.0,88.5,1.8,4
29,Lauri Markkanen,PF,UTA,PF8,20.2,5.9,1.8,0.9,0.4,2.6,46.1,89.1,1.3,4
30,James Harden,SG,CLE,SG6,20.8,4.9,7.6,1.2,0.5,2.7,42.6,88.1,3.3,4
31,Anthony Davis,C,WSH,C5,20.4,10.1,2.8,1.0,1.8,0.6,52.0,76.8,2.1,4
32,Brandon Miller,SF,CHA,SF5,23.1,4.7,3.4,1.0,0.7,3.5,42.6,87.7,2.5,4
33,Devin Booker,SG,PHX,SG7,25.5,4.0,6.3,0.9,0.3,2.0,46.2,88.1,3.0,4
34,Donovan Clingan,C,POR,C6,11.0,11.2,2.2,0.6,1.9,0.9,52.5,65.6,1.3,4
35,Jalen Duren,C,DET,C7,17.2,10.6,2.3,0.8,1.0,0.0,65.6,73.7,1.9,4
36,Jalen Williams,SF,OKC,SF6,19.4,4.8,5.0,1.4,0.4,1.3,49.3,81.5,2.0,4
37,Desmond Bane,SF,ORL,SF7,19.1,4.7,4.3,1.1,0.4,2.0,48.1,90.0,2.1,4
38,Josh Giddey,SG,CHI,SG8,16.9,8.0,8.6,1.1,0.6,1.8,45.6,77.4,3.5,4
39,Trae Young,PG,WSH,PG9,19.1,2.6,8.4,0.9,0.2,2.1,42.8,85.8,3.8,4
40,Franz Wagner,SF,ORL,SF8,22.0,5.4,4.1,1.1,0.3,1.5,47.4,84.6,2.0,4
41,Alperen Sengun,C,HOU,C8,19.5,9.3,5.6,1.1,1.0,0.5,51.5,69.2,3.0,4
42,Onyeka Okongwu,C,ATL,C9,14.1,7.6,2.7,1.0,1.0,1.5,51.7,76.3,1.5,4
43,Kyrie Irving,PG,DAL,PG10,21.8,4.0,4.4,1.1,0.4,2.4,48.1,91.2,1.9,5
44,OG Anunoby,SF,NY,SF9,17.0,5.2,2.1,1.5,0.9,2.3,48.2,81.6,1.6,5
45,Jalen Brunson,PG,NY,PG11,25.9,3.2,6.9,0.8,0.1,2.5,47.4,83.7,2.4,5
46,Domantas Sabonis,C,SAC,C10,16.9,12.4,5.1,0.8,0.3,0.7,57.4,73.8,2.8,5
47,LeBron James,SF,PHI,SF10,19.1,6.6,7.0,1.1,0.6,1.5,51.7,75.2,3.0,5
48,Jaren Jackson Jr.,PF,UTA,PF9,19.4,5.2,1.9,1.1,1.2,1.7,47.5,79.7,2.0,5
49,Joel Embiid,C,PHI,C11,23.0,7.2,3.7,0.5,1.0,1.1,47.9,86.7,2.7,5
50,Matas Buzelis,SF,CHI,SF11,17.2,5.9,2.0,0.7,1.6,2.2,46.0,79.6,2.1,5
51,Cameron Boozer,PF,MEM,PF10,18.1,9.2,3.2,1.1,0.9,1.5,46.6,74.3,2.3,5
52,Deni Avdija,SF,POR,SF12,18.9,7.2,4.9,0.9,0.6,1.9,47.2,79.0,3.5,5
53,Dyson Daniels,PG,ATL,PG12,11.3,5.8,4.9,2.0,0.5,0.5,50.1,61.4,1.7,5
54,Paul George,SF,BOS,SF13,16.7,5.1,3.6,1.4,0.4,2.8,44.0,83.4,2.0,5
55,Nickeil Alexander-Walker,SG,ATL,SG9,16.1,3.2,3.3,1.0,0.5,2.6,45.2,87.1,1.7,5
56,Darius Garland,PG,LAC,PG13,19.5,2.6,7.2,1.1,0.2,2.5,46.2,86.5,2.7,5
57,Jaden McDaniels,PF,MIN,PF11,15.2,4.9,2.5,1.2,1.1,1.3,50.1,81.6,1.6,5
58,Dejounte Murray,SG,NO,SG10,15.6,5.7,6.1,1.6,0.3,1.3,43.2,83.3,3.1,5
59,Michael Porter Jr.,SF,BKN,SF14,18.7,5.8,2.5,0.9,0.4,3.0,47.6,83.8,1.9,5
60,Paolo Banchero,PF,ORL,PF12,23.6,8.1,5.2,0.8,0.6,1.4,45.6,75.5,3.1,6
61,Zach Edey,C,MEM,C12,11.4,10.3,1.2,0.6,1.5,0.3,60.2,73.9,1.8,6
62,Jaylen Brown,SG,PHI,SG11,22.7,5.8,4.2,1.1,0.4,1.7,47.6,77.7,3.4,6
63,Keyonte George,SG,UTA,SG12,20.3,3.5,5.8,1.0,0.2,2.4,43.1,87.1,2.8,6
64,Stephon Castle,SG,SA,SG13,16.2,4.8,6.2,1.1,0.3,1.2,45.6,73.2,2.8,6
65,Kel'el Ware,C,MIL,C13,9.5,7.5,0.7,0.6,1.0,0.9,53.8,72.2,0.8,6
66,Naz Reid,C,CHA,C14,15.1,6.5,2.3,0.9,1.0,2.5,46.0,74.6,1.7,6
67,Ivica Zubac,C,IND,C15,15.4,10.9,2.5,0.4,1.0,0.0,61.5,70.0,1.6,6
68,De'Aaron Fox,PG,SA,PG14,18.9,3.9,6.0,1.3,0.3,1.7,47.6,78.0,2.3,6
69,Alex Sarr,PF,WSH,PF13,14.7,6.8,2.5,0.7,1.7,1.1,45.1,68.7,1.7,6
70,Pascal Siakam,PF,IND,PF14,22.2,6.5,3.6,1.0,0.4,1.6,49.9,70.8,1.8,6
71,Ty Jerome,PG,MEM,PG15,17.5,3.1,5.0,1.4,0.1,2.2,49.8,87.6,2.0,6
72,Payton Pritchard,PG,BOS,PG16,16.6,3.9,5.8,0.7,0.1,3.0,46.7,87.5,1.3,6
73,Jarrett Allen,C,CLE,C16,14.7,9.0,1.8,1.0,0.9,0.0,65.6,71.6,1.3,6
74,Kon Knueppel,SG,CHA,SG14,19.7,5.0,3.2,0.7,0.2,3.4,47.5,86.3,1.9,6
75,Tyler Herro,SG,MIL,SG15,20.5,4.6,4.6,0.7,0.3,2.9,47.1,89.4,2.3,6
76,Dylan Harper,PG,SA,PG17,16.5,4.8,5.1,1.1,0.4,1.3,50.5,75.5,2.0,6
77,Coby White,SG,CHA,SG16,21.2,4.2,4.8,0.8,0.2,3.3,44.9,84.3,3.1,6
78,Caleb Wilson,PF,CHI,PF15,15.2,8.5,2.9,1.2,1.1,1.0,51.0,72.8,1.9,7
79,Ausar Thompson,SF,DET,SF15,10.4,6.0,3.0,2.0,1.0,0.1,52.2,59.2,1.6,7
80,Zion Williamson,PF,NO,PF16,21.3,5.8,3.9,1.0,0.6,0.0,58.6,69.7,2.2,7
81,Norman Powell,SG,CHI,SG17,23.1,3.2,2.3,1.0,0.2,2.7,47.6,82.3,1.9,7
82,Rudy Gobert,C,MIN,C17,10.4,10.6,1.6,0.8,1.4,0.0,67.6,58.3,1.2,7
83,Ryan Rollins,SG,MIL,SG18,13.9,3.7,4.5,1.3,0.4,2.0,48.0,79.2,2.2,7
84,Damian Lillard,PG,POR,PG18,16.6,3.5,5.0,1.0,0.2,2.5,44.0,92.1,2.4,7
85,Immanuel Quickley,PG,TOR,PG19,16.4,3.9,5.8,1.1,0.1,2.5,43.5,84.0,1.5,7
86,Day'Ron Sharpe,C,BKN,C18,11.1,8.3,2.8,1.3,0.8,0.2,57.3,68.8,2.1,7
87,Mikal Bridges,SF,NY,SF16,15.2,3.7,3.6,1.2,0.7,1.9,47.0,82.1,1.2,7
88,Julius Randle,PF,BKN,PF17,19.1,6.3,4.7,0.9,0.2,1.4,48.1,80.2,2.8,7
89,Keegan Murray,PF,SAC,PF18,13.3,6.0,1.5,0.9,1.2,1.8,43.6,80.5,1.0,7
90,Andrew Wiggins,SF,MIA,SF17,16.1,4.6,2.7,1.1,0.9,2.0,46.4,77.2,1.5,8
91,Cedric Coward,SG,MEM,SG19,14.2,6.0,2.9,0.7,0.5,1.6,47.1,84.6,1.8,8
92,Khaman Maluach,C,PHX,C19,8.5,8.1,0.3,0.3,1.6,0.6,53.4,71.3,1.2,8
93,Nicolas Claxton,C,BKN,C20,12.7,7.4,3.5,0.8,1.4,0.1,57.7,58.3,1.4,8
94,Josh Hart,SF,NY,SF18,12.2,8.3,5.1,1.3,0.3,1.4,50.3,75.1,2.0,8
95,VJ Edgecombe,SG,PHI,SG20,13.1,5.7,4.0,1.4,0.5,1.9,43.8,81.7,1.8,8
96,Neemias Queta,C,BOS,C21,9.7,7.7,1.5,0.7,1.2,0.0,65.2,71.5,1.0,8
97,Collin Murray-Boyles,PF,TOR,PF19,10.5,6.2,2.1,1.0,1.0,0.3,57.9,70.0,1.2,8
98,Yaxel Lendeborg,PF,GS,PF20,14.3,6.9,2.9,0.9,1.0,1.3,44.7,76.5,1.8,8
99,Jalen Suggs,SG,ORL,SG21,14.1,3.9,4.8,1.7,0.8,2.1,43.2,85.0,2.6,8
100,Ajay Mitchell,PG,OKC,PG20,12.3,2.7,2.8,1.0,0.2,0.9,48.7,86.4,1.2,8
101,Darryn Peterson,SG,UTA,SG22,14.3,4.4,4.2,1.1,0.3,2.1,46.2,78.2,1.8,8
102,Isaiah Hartenstein,C,OKC,C22,9.8,9.4,3.4,0.9,0.8,0.0,61.1,64.2,1.6,9
103,AJ Dybantsa,SF,WSH,SF19,13.5,5.0,3.0,1.2,0.5,1.4,46.3,78.0,1.6,9
104,Myles Turner,C,MIL,C23,12.7,5.4,1.4,0.7,1.6,2.0,46.3,75.7,1.4,9
105,Cameron Johnson,PF,DEN,PF21,14.2,4.0,2.7,0.8,0.4,2.1,47.4,85.4,1.1,9
106,Darius Acuff Jr.,PG,SAC,PG21,15.0,3.2,4.9,1.1,0.2,2.2,45.2,77.2,1.8,9
107,Jabari Smith Jr.,PF,HOU,PF22,14.4,6.8,1.6,0.6,0.9,2.1,44.7,79.5,1.3,9
108,Tobias Harris,SF,SA,SF20,12.2,5.0,2.1,0.8,0.5,1.2,47.4,86.6,0.9,9
109,Miles Bridges,SF,PHX,SF21,17.1,6.0,3.2,0.7,0.5,1.8,45.1,83.8,1.5,9
110,Andrew Nembhard,PG,IND,PG22,14.7,3.0,6.8,1.0,0.2,1.5,45.3,81.9,2.2,9
111,Fred VanVleet,PG,HOU,PG23,11.7,3.1,4.6,1.2,0.4,2.2,38.9,82.9,1.3,9
112,CJ McCollum,PG,ATL,PG24,19.0,3.3,3.9,0.8,0.4,2.6,45.2,76.5,1.8,10
113,Jalen Green,SG,PHX,SG23,21.3,4.6,3.7,1.2,0.3,2.8,42.3,78.7,2.6,10
114,Cason Wallace,PG,OKC,PG25,8.1,3.0,2.4,1.8,0.4,1.2,44.9,80.5,0.9,10
115,Egor Demin,PG,BKN,PG26,10.9,3.4,3.5,0.9,0.4,2.5,42.0,83.5,1.8,10
116,Derik Queen,C,NO,C24,12.3,7.5,3.8,1.1,1.0,0.3,47.3,79.5,2.5,10
117,John Collins,PF,DET,PF23,15.3,6.3,1.3,1.0,0.9,1.3,54.2,79.9,1.7,10
118,Zach LaVine,SG,SAC,SG24,19.9,3.3,3.0,0.8,0.2,2.6,48.7,85.9,2.3,10
119,Toumani Camara,SF,POR,SF22,12.3,5.3,2.3,1.3,0.5,2.3,44.6,72.2,1.6,10
120,Sandro Mamukelashvili,PF,LAL,PF24,12.0,5.6,1.8,0.8,0.5,1.6,51.2,74.3,0.9,10
121,P.J. Washington Jr.,PF,DAL,PF25,14.0,6.9,2.0,1.0,1.0,1.4,44.9,69.8,1.7,10
122,Jaime Jaquez Jr.,SF,MIL,SF23,14.3,5.0,4.3,0.8,0.3,0.8,49.5,77.2,2.1,10
123,Devin Vassell,SG,SA,SG25,13.5,3.9,2.4,0.9,0.4,2.3,44.3,81.1,1.0,10
124,Peyton Watson,SF,CLE,SF24,12.2,4.5,1.8,0.9,1.2,1.3,48.4,71.7,1.4,10
125,Pelle Larsson,SG,MIA,SG26,13.4,3.7,3.4,0.9,0.3,1.0,48.0,76.9,1.4,10
126,Kevin Porter Jr.,PG,MIL,PG27,11.8,3.7,4.7,1.4,0.3,0.9,46.0,84.5,2.0,10
127,RJ Barrett,SG,TOR,SG27,19.6,5.6,3.9,0.8,0.3,1.7,48.5,69.2,2.1,11
128,Ja Morant,PG,POR,PG28,18.6,3.7,6.7,1.1,0.3,1.4,43.5,85.7,3.6,11
129,Reed Sheppard,PG,HOU,PG29,10.5,2.4,2.7,1.2,0.6,2.2,41.2,80.4,1.3,11
130,Grayson Allen,SF,CHA,SF25,11.7,2.5,2.5,0.9,0.2,2.4,42.2,85.4,1.2,11
131,Anthony Black,PG,ORL,PG30,12.0,3.3,3.2,1.2,0.6,1.2,44.3,72.6,1.8,11
132,Ayo Dosunmu,PG,MIN,PG31,12.5,3.1,3.5,0.9,0.3,1.5,50.8,84.4,1.3,11
133,Paul Reed,PF,DET,PF26,8.7,5.3,1.5,1.2,1.1,0.3,58.2,69.1,1.1,11
134,Brandin Podziemski,SG,GS,SG28,13.0,5.0,3.5,1.1,0.2,1.9,45.2,77.3,1.5,11
135,Ace Bailey,SF,UTA,SF26,13.6,4.0,1.8,0.8,0.7,1.9,44.3,75.5,1.5,11
136,Jusuf Nurkic,C,UTA,C25,10.2,8.9,3.7,1.1,0.6,0.6,49.6,60.1,2.2,11
137,Gui Santos,SF,GS,SF27,8.7,4.1,2.3,0.9,0.3,1.1,49.3,74.3,1.5,11
138,Jared McCain,PG,OKC,PG32,14.3,2.9,2.3,0.8,0.1,2.3,44.0,87.2,1.3,12
139,DeMar DeRozan,SF,DEN,SF28,15.4,2.7,3.3,0.7,0.3,0.6,48.9,86.4,1.0,12
140,Tari Eason,SF,HOU,SF29,9.6,5.5,1.3,1.2,0.5,1.3,44.1,76.0,1.1,12
141,Moussa Diabate,PF,CHA,PF27,6.8,7.6,1.5,0.7,0.8,0.0,61.2,64.2,0.9,12
142,Davion Mitchell,PG,MIA,PG33,8.9,2.5,6.0,1.0,0.2,1.3,47.9,67.1,1.6,12
143,Saddiq Bey,PF,NO,PF28,15.4,4.8,2.2,0.8,0.1,1.8,44.3,84.1,0.8,12
144,Brook Lopez,C,LAC,C26,9.9,4.1,1.4,0.6,1.4,1.6,46.2,79.3,0.9,12
145,Jrue Holiday,PG,POR,PG34,12.6,4.1,4.6,0.9,0.2,1.9,45.2,85.5,2.1,12
146,Aaron Gordon,PF,DEN,PF30,15.1,5.3,2.8,0.5,0.3,1.5,51.8,76.7,1.2,12
147,Aaron Gordon,PF,DEN,PF30,15.1,5.3,2.8,0.5,0.3,1.5,51.8,76.7,1.2,12
148,Hannes Steinbach,C,CHA,C27,9.0,6.2,1.6,0.5,1.2,0.3,48.3,74.5,1.2,12
149,Morez Johnson Jr.,PF,DAL,PF31,11.3,6.4,1.7,0.8,0.8,1.2,44.9,75.4,1.3,12
150,Mitchell Robinson,C,BOS,C28,5.6,8.2,0.8,0.9,1.2,0.0,68.5,47.4,0.7,12
151,Collin Sexton,PG,LAL,PG35,16.1,2.3,3.4,1.0,0.1,1.6,48.4,86.0,2.1,13
152,Keaton Wagler,SG,LAC,SG29,11.6,4.5,3.2,1.0,0.4,1.4,50.8,69.7,1.5,13
153,Bobby Portis Jr.,PF,MIA,PF32,12.7,6.7,1.7,0.6,0.3,1.6,48.4,76.5,1.0,13
154,Aaron Nesmith,PF,IND,PF33,12.7,4.1,1.6,0.6,0.5,2.1,45.0,84.5,1.1,13
155,Daniel Gafford,C,DAL,C29,9.1,5.8,1.1,0.6,1.2,0.0,67.7,68.7,1.0,13
156,Collin Gillespie,PG,PHX,PG36,9.5,3.3,3.6,1.0,0.2,2.1,42.5,85.5,1.1,13
157,Joan Beringer,C,MIN,C30,7.7,4.7,0.6,0.4,1.3,0.0,66.3,71.2,0.6,13
158,Tre Jones,PG,CHI,PG37,11.7,2.7,4.8,1.0,0.2,0.5,54.3,84.1,1.2,13
159,Robert Williams III,C,POR,C31,5.8,6.1,0.9,0.5,1.4,0.1,68.7,69.2,0.7,13
160,Jakob Poeltl,C,TOR,C32,11.8,7.7,2.2,1.0,0.9,0.0,66.8,61.8,1.4,13
161,Nikola Vucevic,C,ORL,C33,11.8,6.7,2.4,0.6,0.5,1.1,50.3,82.0,1.1,13
162,Wendell Carter Jr.,C,ORL,C34,,,,,,,,,,13
163,Maxime Raynaud,C,SAC,C35,9.7,5.8,1.1,0.4,0.4,0.3,57.1,78.9,1.0,13
164,Isaiah Stewart,C,MEM,C36,7.3,4.3,1.1,0.3,1.2,0.5,54.6,75.9,0.9,13
165,Mikel Brown Jr.,PG,BKN,PG38,12.5,3.2,4.1,1.0,0.3,1.4,47.8,75.5,1.5,13
166,Isaiah Jackson,PF,LAC,PF34,6.0,4.7,0.8,0.6,0.9,0.0,63.6,62.3,0.9,13
167,Rui Hachimura,PF,LAC,PF35,10.8,3.5,0.9,0.6,0.3,1.6,51.5,72.8,0.6,14
168,Christian Braun,SG,DEN,SG30,12.0,4.5,2.4,0.7,0.4,1.0,53.1,78.6,0.9,14
169,Al Horford,C,GS,C37,7.7,4.9,2.2,0.6,0.9,1.5,43.5,86.7,0.8,14
170,Jay Huff,C,IND,C38,7.6,2.9,1.1,0.4,1.4,1.2,49.6,83.6,0.7,14
171,Oso Ighodaro,PF,PHX,PF36,5.5,4.5,1.8,0.8,0.6,0.0,64.0,49.1,1.0,14
172,Kyle Filipowski,PF,UTA,PF37,9.6,6.0,2.1,0.8,0.4,0.9,49.5,72.3,1.4,14
173,Jeremiah Fears,PG,NO,PG39,12.8,3.3,3.0,1.0,0.3,1.1,43.4,78.8,2.0,14
174,Santi Aldama,PF,DAL,PF38,10.1,4.8,2.2,0.6,0.5,1.3,47.5,67.0,0.9,14
175,Dillon Brooks,SF,PHX,SF30,17.7,3.6,1.8,1.0,0.2,2.4,43.3,83.9,1.5,14
176,Miles McBride,PG,NY,PG40,9.1,2.1,2.2,0.8,0.2,2.0,42.1,80.3,0.6,14
177,Bilal Coulibaly,SG,WSH,SG31,10.4,4.0,2.4,1.2,0.8,0.9,42.5,74.4,1.5,14
178,Scotty Pippen Jr.,PG,MEM,PG41,9.6,2.8,4.2,1.3,0.3,1.1,47.9,73.4,1.8,14
179,Sam Merrill,SG,CLE,SG32,10.8,2.6,2.2,0.7,0.2,2.6,44.0,88.5,0.7,14
180,Jonathan Kuminga,PF,MIN,PF39,13.6,5.1,2.2,0.7,0.4,0.9,46.9,70.3,1.7,14
181,Jalen Smith,PF,CHI,PF40,9.9,6.3,1.2,0.4,0.8,1.4,49.3,75.5,0.9,14
182,Max Strus,SG,LAC,SG33,9.3,4.6,2.7,0.6,0.2,2.2,43.8,80.2,1.0,14
183,Jerami Grant,PF,MEM,PF41,13.7,2.7,1.8,0.6,0.5,1.9,43.1,82.3,1.4,14
184,De'Anthony Melton,SG,GS,SG34,10.8,3.0,2.4,1.4,0.4,1.5,40.4,81.0,1.6,14
185,Derrick Jones Jr.,SF,LAC,SF31,10.0,3.4,1.1,0.9,0.8,1.1,50.4,74.1,0.8,14
186,Julian Champagnie,SF,SA,SF32,9.4,4.6,1.3,0.7,0.4,2.0,42.8,85.6,0.7,14
187,Jaylon Tyson,SG,CLE,SG35,11.3,4.7,2.1,0.7,0.4,1.7,47.7,75.1,1.3,15
188,Dru Smith,PG,MIA,PG42,5.3,2.3,2.2,1.4,0.3,0.6,44.6,81.1,0.8,15
189,Kristaps Porzingis,C,GS,C39,17.3,5.6,2.2,0.8,1.2,2.0,47.2,83.2,1.3,15
190,Naji Marshall,SF,DAL,SF33,11.4,3.7,2.6,0.8,0.1,0.7,50.5,77.5,1.2,15
191,Cam Spencer,SG,MEM,SG36,6.3,1.5,3.0,0.4,0.1,1.1,46.4,95.3,0.7,15
192,Keldon Johnson,SF,SA,SF34,11.3,4.5,1.2,0.5,0.1,1.0,50.2,78.7,0.8,15
193,Jamal Shead,PG,TOR,PG43,7.1,1.8,5.1,0.9,0.2,1.1,38.0,77.8,1.5,15
194,Dylan Cardwell,C,SAC,C40,3.1,4.3,0.8,0.4,0.9,0.0,58.7,50.8,0.5,15
195,Nique Clifford,SF,SAC,SF35,7.5,3.2,2.1,0.8,0.3,0.9,41.8,72.3,1.3,15
196,Brayden Burries,SG,MIL,SG37,10.7,2.4,2.9,0.9,0.1,1.7,42.9,79.8,1.4,15
197,Bennedict Mathurin,SG,NO,SG38,13.2,4.2,1.6,0.6,0.2,1.0,44.0,85.5,1.6,15
198,Scoot Henderson,PG,POR,PG44,11.5,2.5,3.7,0.9,0.2,1.5,41.4,80.9,2.2,15
199,Nate Ament,SF,MIL,SF36,8.4,4.4,1.3,0.6,0.6,1.0,49.0,69.9,0.9,15
200,Sergio De Larrea,SF,DAL,SF37,7.6,3.0,2.0,0.6,0.2,1.7,42.4,76.8,0.9,15
201,Duncan Robinson,SF,DET,SF38,11.6,2.5,2.1,0.6,0.2,2.7,45.0,79.8,0.9,15
202,Brandon Ingram,SF,LAC,SF39,15.0,4.0,2.0,0.8,0.7,1.0,47.5,82.6,2.7,16
203,Baylor Scheierman,SG,BOS,SG39,5.2,3.1,1.3,0.5,0.1,1.2,42.0,86.4,0.6,16
204,Isaiah Joe,SG,DET,SG40,10.4,2.7,1.4,0.7,0.2,2.4,45.1,87.8,0.6,16
205,Tristan da Silva,PF,ORL,PF42,7.8,3.2,1.4,0.7,0.3,1.2,43.9,88.5,0.8,16
206,Aday Mara,C,OKC,C41,4.4,3.3,0.8,0.3,0.6,0.3,47.8,75.4,0.5,16
207,Will Riley,SF,WSH,SF40,8.7,2.5,1.7,0.6,0.1,0.8,43.9,80.4,1.1,16
208,Adem Bona,C,PHI,C42,4.5,3.9,0.4,0.4,1.1,0.0,63.3,69.4,0.8,16
209,Isaiah Collier,PG,UTA,PG45,9.7,2.6,6.3,1.0,0.3,0.5,47.1,71.4,2.4,16
210,Zaccharie Risacher,SF,DAL,SF41,9.1,3.2,1.0,0.7,0.5,1.2,45.7,67.0,0.8,16
211,Luke Kornet,C,SA,C43,5.6,5.0,1.5,0.4,0.8,0.0,65.6,80.4,0.4,16
212,Moussa Cisse,C,DAL,C44,4.5,5.7,0.2,0.5,1.2,0.0,57.4,46.9,0.8,16
213,Marvin Bagley III,PF,DEN,PF43,7.8,4.6,1.0,0.4,0.5,0.3,59.4,67.3,0.7,16
214,Daniss Jenkins,PG,DET,PG46,7.3,1.9,3.0,0.7,0.2,0.8,40.5,81.4,1.2,16
215,Klay Thompson,SG,MIA,SG41,11.7,2.4,1.6,0.6,0.3,2.8,40.3,83.5,0.9,16
216,Max Christie,SG,DAL,SG42,12.1,3.4,2.1,0.7,0.4,2.2,43.6,86.9,1.2,16
217,Ron Holland II,SF,DET,SF42,7.0,3.4,1.1,0.9,0.3,0.5,44.4,79.3,1.0,17
218,Jaylen Wells,SF,MEM,SF43,8.5,2.3,1.2,0.6,0.1,1.3,42.9,79.3,0.7,17
219,Jock Landale,C,ATL,C45,7.7,4.2,1.3,0.4,0.4,0.7,51.8,66.3,0.7,17
220,Terrence Shannon Jr.,SG,MIN,SG43,4.9,1.2,0.9,0.3,0.1,0.5,46.3,80.9,0.5,17
221,Keon Ellis,SG,BKN,SG44,6.2,1.8,1.0,1.1,0.6,1.2,45.6,76.4,0.6,17
222,Hugo Gonzalez,SF,BOS,SF44,4.2,3.5,0.6,0.6,0.3,0.6,47.5,52.7,0.6,17
223,GG Jackson,PF,MEM,PF44,7.4,2.7,0.9,0.4,0.4,0.8,46.8,73.9,1.0,17
224,Taylor Hendricks,PF,MEM,PF45,6.0,3.5,0.8,0.9,0.6,0.9,41.7,71.0,0.7,17
225,De'Andre Hunter,SF,SAC,SF45,14.3,3.9,1.7,0.7,0.2,1.8,43.8,85.7,1.5,17
226,Jake LaRavia,PF,LAL,PF46,7.5,3.8,1.8,1.1,0.4,0.9,45.4,75.0,1.1,17
227,Kyle Kuzma,PF,MIL,PF47,12.2,4.3,2.3,0.6,0.3,1.2,47.1,70.4,1.7,18
228,Bub Carrington,PG,WSH,PG47,8.9,3.2,3.9,0.6,0.2,1.6,41.6,75.7,1.9,18
229,Tre Johnson,SG,WSH,SG45,10.1,2.4,1.7,0.5,0.3,1.5,41.9,87.9,1.3,18
230,Jordan Poole,PG,NO,PG48,10.1,1.5,2.3,0.5,0.3,1.8,39.9,87.1,1.4,18
231,Royce O'Neale,PF,CHA,PF48,8.7,4.2,2.2,0.9,0.4,2.4,41.9,72.7,1.0,18
232,Andre Drummond,C,NY,C46,5.9,7.5,1.0,0.6,0.6,0.4,48.8,62.7,0.9,18
233,Tim Hardaway Jr.,SF,MIA,SF46,12.4,2.5,1.5,0.6,0.1,2.5,43.0,83.1,0.6,18
234,Carter Bryant,SF,SA,SF47,5.4,3.3,0.9,0.3,0.4,1.0,40.7,71.4,0.6,18
235,Sam Hauser,SF,BOS,SF48,9.1,3.6,1.2,0.5,0.2,2.5,43.2,89.8,0.4,18
236,T.J. McConnell,PG,IND,PG49,8.6,2.1,4.4,0.9,0.2,0.2,53.5,81.4,1.1,19
237,Jimmy Butler III,SF,GS,SF49,15.3,4.4,4.1,1.2,0.2,0.6,51.2,85.6,1.2,19
238,Allen Graves,PF,TOR,PF49,7.3,2.7,2.3,1.0,0.2,1.5,43.8,78.0,0.9,19
239,Donte DiVincenzo,SG,MIN,SG46,7.3,2.4,2.3,0.8,0.2,1.8,41.0,75.9,0.9,19
240,Danny Wolf,PF,BKN,PF50,8.0,4.4,2.0,0.5,0.5,1.1,40.5,77.6,1.1,19
241,Justin Champagnie,SG,WSH,SG47,7.6,4.9,1.0,0.8,0.6,0.8,49.4,76.6,0.6,19
242,Javonte Green,SG,DET,SG48,4.4,2.0,0.5,0.8,0.3,0.7,44.3,82.1,0.4,19
243,Luke Kennard,SG,PHX,SG49,7.8,2.3,2.3,0.7,0.1,1.5,50.6,90.9,0.8,19
244,Ja'Kobe Walter,SG,TOR,SG50,7.4,2.6,1.2,0.9,0.2,1.4,43.0,79.0,0.6,19
245,Brice Sensabaugh,SF,UTA,SF50,12.0,2.7,1.6,0.7,0.1,1.9,45.2,84.8,1.4,19
246,Jordan Goodwin,PG,PHX,PG50,6.9,4.1,1.8,1.3,0.2,1.2,41.4,72.6,0.8,19
247,AJ Green,SG,MIL,SG51,6.4,1.8,1.2,0.3,0.1,1.8,42.5,85.2,0.6,19
248,Moses Moody,SG,GS,SG52,9.3,2.5,1.2,0.8,0.4,1.8,44.0,77.9,0.7,19
249,Goga Bitadze,C,ORL,C47,5.4,4.9,1.3,0.6,1.0,0.0,64.7,68.3,0.7,19
250,Dennis Schroder,PG,CHA,PG51,10.6,2.5,4.5,0.7,0.1,1.3,40.9,83.8,1.7,19