player,pos,team,cat9_rank,cat8_rank,points_rank,dynasty_rank,team_dynasty
Nikola Jokić,C,DEN,1,2,1,4,
Victor Wembanyama,C,SAS,2,1,3,1,
Shai Gilgeous-Alexander,G,OKC,3,4,5,2,
Luka Dončić,G,LAL,4,3,2,3,
Cade Cunningham,G,DET,5,5,6,6,
Jayson Tatum,F,BOS,6,6,7,10,
Anthony Edwards,G,MIN,7,7,8,8,
Tyrese Haliburton,G,IND,8,11,25,9,
Jalen Johnson,F,ATL,9,18,14,14,
Cooper Flagg,F,DAL,10,14,11,5,
Karl-Anthony Towns,C,NYK,11,12,12,22,
Tyrese Maxey,G,PHI,12,8,10,7,
Scottie Barnes,F/C,TOR,13,20,15,13,
Kevin Durant,G/F,HOU,14,21,27,72,
Kawhi Leonard,F,TOR,15,9,9,74,
Giannis Antetokounmpo,F,MIA,16,10,4,19,
Donovan Mitchell,G,CLE,17,13,13,24,
Stephen Curry,G,GSW,18,16,31,71,
Devin Booker,G,PHX,19,22,38,27,
Amen Thompson,G/F,HOU,20,29,30,17,
Chet Holmgren,F/C,OKC,21,27,40,15,
Trae Young,G,WAS,22,17,18,31,
Jamal Murray,G,DEN,23,19,21,32,
Jalen Williams,F,OKC,24,34,32,16,
Alperen Şengün,C,HOU,25,24,16,20,
LaMelo Ball,G,MIN,26,15,35,23,
James Harden,G,CLE,27,23,33,69,
Anthony Davis,F/C,WAS,28,37,24,50,
Domantas Sabonis,C,SAC,29,33,29,47,
Jalen Brunson,G,NYK,30,36,23,43,
Trey Murphy,G/F,NOP,31,41,41,25,
Austin Reaves,G,LAL,32,25,42,41,
Evan Mobley,F/C,CLE,33,30,17,18,
Deni Avdija,G/F,POR,34,63,56,30,
Jaren Jackson Jr.,F/C,UTA,35,31,37,37,
Josh Giddey,G,CHI,36,26,19,88,
Bam Adebayo,C,MIA,37,47,20,49,
Desmond Bane,G/F,ORL,38,35,52,33,
Walker Kessler,C,LAL,39,39,54,56,
Kyrie Irving,G,DAL,40,28,47,68,
Lauri Markkanen,F,UTA,41,43,44,36,
Derrick White,G,BOS,42,40,57,42,
OG Anunoby,F,NYK,43,46,82,51,
Franz Wagner,F,ORL,44,48,28,34,
Darius Garland,G,LAC,45,69,49,26,
Brandon Miller,G/F,CHA,46,44,58,35,
LeBron James,F,PHI,47,32,26,119,
Kon Knueppel,G/F,CHA,48,50,84,40,
Jaylen Brown,G/F,PHI,49,54,45,45,
Jalen Duren,C,DET,50,38,34,52,
Donovan Clingan,C,POR,51,67,61,58,
Joel Embiid,C,PHI,52,42,43,147,
Tyler Herro,G,MIL,53,51,50,99,
Alex Sarr,C,WAS,54,78,64,39,
Cameron Boozer,F,MEM,55,75,62,11,
Dyson Daniels,G/F,ATL,56,55,77,53,
Pascal Siakam,F,IND,57,59,22,81,
Dejounte Murray,G,NOP,58,62,51,78,
Onyeka Okongwu,C,ATL,59,64,59,64,
De’Aaron Fox,G,SAS,60,68,53,54,
Keyonte George,G,UTA,61,61,71,65,
Ivica Zubac,C,IND,62,76,48,80,
Kel’el Ware,C,MIL,63,57,65,57,
Brandon Ingram,F,LAC,64,60,46,82,
Paolo Banchero,F,ORL,65,80,36,44,
Zach Edey,C,MEM,66,74,75,59,
Naz Reid,F/C,CHA,67,73,70,101,
Mikal Bridges,G/F,NYK,68,95,111,70,
Paul George,F,BOS,69,58,60,126,
Michael Porter Jr.,F,BKN,70,66,66,113,
Zion Williamson,F,NOP,71,71,39,76,
VJ Edgecombe,G,PHI,72,82,78,38,
Julius Randle,F,BKN,73,52,55,125,
Ja Morant,G,POR,74,85,72,73,
Rudy Gobert,C,MIN,75,79,74,146,
Coby White,G,CHA,76,88,98,90,
Zach LaVine,G/F,SAC,77,100,100,144,
Ryan Rollins,G,MIL,78,77,96,85,
Immanuel Quickley,G,TOR,79,70,63,95,
Stephon Castle,G,SAS,80,107,68,60,
Dylan Harper,G,SAS,81,99,97,21,
Jarrett Allen,C,CLE,82,86,94,97,
Nickeil Alexander-Walker,G,ATL,83,45,73,92,
Jalen Suggs,G,ORL,84,56,89,75,
Damian Lillard,G,POR,85,49,79,177,
Jaden McDaniels,F,MIN,86,72,86,84,
Norman Powell,G/F,CHI,87,91,105,118,
Collin Murray-Boyles,F/C,TOR,88,104,115,48,
AJ Dybantsa,F,WAS,89,94,152,29,
Caleb Wilson,F,CHI,90,103,76,28,
Josh Hart,G/F,NYK,91,87,85,114,
Payton Pritchard,G,BOS,92,84,104,91,
Matas Buzelis,F,CHI,93,53,69,89,
Miles Bridges,F,PHX,94,106,80,171,
Day’Ron Sharpe,C,BKN,95,92,83,129,CHI
Fred VanVleet,G,HOU,96,98,113,185,
Ajay Mitchell,G,OKC,97,110,114,87,
Myles Turner,C,MIL,98,93,106,157,
Cason Wallace,G,OKC,99,81,136,111,
Isaiah Hartenstein,C,OKC,100,97,87,160,
Ty Jerome,G,MEM,101,90,99,124,
Keegan Murray,F,SAC,102,96,88,138,
Jakob Poeltl,C,TOR,103,105,109,174,
John Collins,F/C,DET,104,89,108,183,
CJ McCollum,G,ATL,105,109,95,198,
Ausar Thompson,G/F,DET,106,83,91,63,
Darryn Peterson,G,UTA,107,147,153,12,
Nic Claxton,C,CHI,108,117,102,115,
Peyton Watson,F,CLE,109,136,129,105,
Kyshawn George,G/F,WAS,110,145,140,66,
Neemias Queta,C,BOS,111,102,119,130,
Anthony Black,G,ORL,112,130,116,109,
Egor Dëmin,G,BKN,113,125,145,86,
Brandin Podziemski,G,GSW,114,108,103,121,
Kristaps Porziņgis,F/C,GSW,115,101,67,107,
Jusuf Nurkić,C,UTA,116,153,92,265,
Cedric Coward,G/F,MEM,117,111,101,93,
Khaman Maluach,C,PHX,118,183,185,94,
Jabari Smith Jr.,F/C,HOU,119,113,107,102,
Mitchell Robinson,C,BOS,120,120,134,131,
Jalen Green,G/F,PHX,121,116,93,110,
Moussa Diabaté,C,CHA,122,129,148,133,
Andrew Wiggins,F,MIA,123,112,90,213,
Toumani Camara,F,POR,124,115,141,145,
Devin Vassell,G/F,SAS,125,131,127,96,
Reed Sheppard,G,HOU,126,119,143,79,
Davion Mitchell,G,MIA,127,140,162,170,
Jrue Holiday,G,POR,128,128,138,230,
Cameron Johnson,G/F,DEN,129,114,126,165,
Ayo Dosunmu,G,MIN,130,118,132,187,
Kevin Porter Jr.,G,MIL,131,122,120,245,
Aaron Gordon,F,DEN,132,141,128,205,
Jaime Jaquez Jr.,G/F,MIL,133,142,117,246,
Herb Jones,G/F,NOP,134,143,174,,
Ace Bailey,G/F,UTA,135,163,151,67,
Brook Lopez,C,LAC,136,132,164,,
Yaxel Lendeborg,F,GSW,137,150,178,112,
Paul Reed,C,DET,138,121,154,184,
Tobias Harris,F,SAS,139,124,155,254,
Christian Braun,G/F,DEN,140,126,135,166,
PJ Washington,F/C,DAL,141,154,112,116,
Wendell Carter Jr.,C,ORL,142,137,130,172,
Darius Acuff Jr.,G,SAC,143,176,150,61,
RJ Barrett,G/F,TOR,144,152,176,255,
Quentin Grimes,G/F,LAL,145,161,139,120,
Andrew Nembhard,G,IND,146,151,121,103,
Tari Eason,F,HOU,147,144,149,100,
Collin Gillespie,G,PHX,148,148,146,148,
Grayson Allen,G/F,CHA,149,157,179,190,
Dillon Brooks,F,PHX,150,155,131,,
Jimmy Butler,F,GSW,151,65,81,106,
Aaron Nesmith,G/F,IND,152,133,156,181,
Sandro Mamukelashvili,F/C,LAL,153,138,118,202,
Max Strus,G/F,LAC,154,170,170,189,
Maxime Raynaud,C,SAC,155,169,173,151,
Hannes Steinbach,F/C,CHA,156,,,132,
Derik Queen,F/C,NOP,157,,125,77,
Keaton Wagler,G/F,LAC,158,,,62,
Joan Beringer,C,MIN,159,199,197,163,
Morez Johnson Jr.,F/C,DAL,160,181,190,104,
Daniel Gafford,C,DAL,161,168,167,195,
Tre Jones,G,CHI,162,127,144,196,
Anfernee Simons,G,PHI,163,,,218,
Kyle Filipowski,F/C,UTA,164,,,140,
Draymond Green,F/C,GSW,165,172,124,186,
Jaylon Tyson,G/F,CLE,166,,,123,
Bilal Coulibaly,G/F,WAS,167,,,143,
Pelle Larsson,F,MIA,168,189,188,294,
Saddiq Bey,F,NOP,169,135,110,239,
Collin Sexton,G,LAL,170,171,177,226,
Mikel Brown Jr.,G,BKN,171,184,183,55,
DeMar DeRozan,F,DEN,172,123,142,,
De’Anthony Melton,G,GSW,173,162,166,200,
Dereck Lively II,C,DAL,174,134,171,117,
Bobby Portis,F/C,MIA,175,156,123,,
Scotty Pippen Jr.,G,MEM,176,160,172,208,
Kingston Flemings,G,ATL,177,,,46,
Andre Drummond,C,NYK,178,195,,,
Jeremiah Fears,G,NOP,179,146,158,98,
Hugo Gonzalez,G/F,BOS,180,,,128,
Nikola Vučević,C,ORL,181,149,163,,
Santi Aldama,F,DAL,182,164,133,122,
Robert Williams III,C,POR,183,139,180,248,
Kris Dunn,G,LAC,184,198,199,,
Sam Merrill,G/F,CLE,185,188,198,289,
Baylor Scheierman,G/F,BOS,186,,,242,
Isaiah Stewart,F/C,MEM,187,159,175,251,
Ja’Kobe Walter,G,TOR,188,167,186,262,
Kelly Oubre Jr.,G/F,IND,189,158,160,191,
Max Christie,G/F,DAL,190,193,192,199,
Jerami Grant,F,MEM,191,174,165,,
Jared McCain,G,OKC,192,,,221,
Daniss Jenkins,G,DET,193,,161,193,
Julian Champagnie,F,SAS,194,179,,175,
Rui Hachimura,F,LAC,195,166,184,201,
Yves Missi,C,NOP,196,,,244,
Scoot Henderson,G,POR,197,,,83,
Alex Caruso,G/F,OKC,198,186,195,,
Jake LaRavia,F,LAL,199,196,196,227,
Shaedon Sharpe,G/F,POR,200,,168,231,
Jonathan Kuminga,F,MIN,,180,122,212,
Gui Santos,F,GSW,,187,137,192,
Naji Marshall,F,DAL,,173,147,164,
Bradley Beal,G,LAC,,,157,,
Malik Monk,G,SAC,,,159,216,
Cam Spencer,G,MEM,,,169,295,
Oso Ighodaro,C,PHX,,177,181,161,
De’Andre Hunter,F,SAC,,175,182,,
Dennis Schröder,G,CHA,,,187,,
Tristan da Silva,F,ORL,,178,189,,
Jordan Goodwin,G,PHX,,165,191,297,
Jalen Smith,F/C,CHI,,182,193,249,
Jay Huff,C,IND,,185,194,220,
Ryan Kalkbrenner,C,CHA,,191,200,270,
Brayden Burries,G,MIL,,,,108,
Dailyn Swain,F,CHI,,,,127,
Bennett Stirtz,G,OKC,,,,134,
Ebuka Okorie,G,DET,,,,135,
Allen Graves,F,TOR,,,,136,
Thomas Sorber,C,OKC,,,,137,
Aday Mara,C,OKC,,,,139,
Ronald Holland II,F,DET,,,,141,
Tre Johnson,G,WAS,,,,142,
Christian Anderson,G,CHA,,,,149,
Yang Hansen,C,POR,,,,150,
Labaron Philon,G,PHI,,,,152,
Carter Bryant,F,SAS,,,,153,
Will Riley,G/F,WAS,,,,154,
Brice Sensabaugh,G,UTA,,,,155,
Donte DiVincenzo,G,MIN,,,,156,
Kasparas Jakučionis,G,MIL,,,,158,
Mark Williams,C,PHX,,190,,159,
Herbert Jones,G/F,NOP,,,,162,
Zuby Ejiofor,F/C,ATL,,,,167,
Jordan Walsh,F,BOS,,,,168,
Cameron Carr,G/F,LAL,,,,169,
Isaiah Collier,G,UTA,,,,173,
Nique Clifford,G,SAC,,,,176,
Nikola Topić,G,OKC,,,,178,
Goga Bitadze,C,ORL,,,,179,
Moses Moody,G/F,GSW,,,,180,
Jarace Walker,F,IND,,,,182,
Bennedict Mathurin,G/F,NOP,,,,188,
Obi Toppin,F,IND,,,,194,
Yanic Konan Niederhäuser,C,LAC,,,,197,
Bruce Thornton,G,HOU,,,,203,
Karim Lopez,F,MEM,,,,204,
Baba Miller,F,LAC,,,,206,
Nate Ament,F,MIL,,,,207,
Noa Essengue,F,CHI,,,,209,
Craig Porter Jr.,G,CLE,,,,210,
Noah Clowney,F/C,BKN,,,,211,
Jayden Quaintance,C,SAS,,,,214,
Asa Newell,F,ATL,,,,215,
Miles McBride,G,NYK,,200,,217,
Noah Penda,F,ORL,,,,219,
Ousmane Dieng,F,MIL,,,,222,
Rasheer Fleming,F,PHX,,,,223,
Ryan Dunn,F,PHX,,,,224,
Walter Clayton Jr.,G,MEM,,,,225,
Adou Thiero,F,LAL,,,,228,
Dylan Cardwell,F,SAC,,,,229,
Isaiah Jackson,C,LAC,,,,232,
Jamal Shead,G,TOR,,,,233,
Tarris Reed Jr.,C,SAS,,,,234,
Jase Richardson,G,ORL,,,,235,
Sergio De Larrea,G,DAL,,,,236,
GG Jackson,F,MEM,,,,237,
Jordan Poole,G,NOP,,,,238,
Danny Wolf,F,BKN,,,,240,
Keon Ellis,G,BKN,,192,,241,
Josh Minott,F,BKN,,,,243,
Jonathan Mogbo,F,SAC,,,,247,
Leonard Miller,F,CHI,,,,250,
Deandre Ayton,C,WAS,,,,252,
Tristan Vukčević,C,WAS,,,,253,
Joshua Jefferson,F,BKN,,,,256,
Henri Veesaar,C,ATL,,,,257,
Trevon Brazile,F,DEN,,,,258,
Julian Strawther,G/F,DEN,,,,259,
Richie Saunders,G/F,MEM,,,,260,
Isaiah Evans,G/F,MIN,,,,261,
Bub Carrington,G,WAS,,,,263,
John Konchar,F,NYK,,,,264,
Cody Williams,F,MIN,,,,266,
Jose Alvarado,G,NYK,,,,267,
Rob Dillingham,G,CHI,,,,268,
Nolan Traore,G,BKN,,,,269,
Chris Cenac,F,BOS,,,,271,
Aaron Wiggins,F,ATL,,,,272,
Mouhamed Gueye,F/C,ATL,,,,273,
Jaylen Wells,G/F,MEM,,,,274,
Ben Saraf,G,BKN,,,,275,
Zaccharie Risacher,F,DAL,,,,276,
Tidjane Salaün,F,CHA,,,,277,
Amari Williams,C,BOS,,,,278,
Tyus Jones,G,DEN,,,,279,
Ryan Nembhard,G,DAL,,,,280,
Jalen Pickett,G,LAC,,,,281,
Tre Mann,G,WAS,,,,282,
Sion James,G,CHA,,,,283,
Ugonna Onyenso,C,DET,,,,284,
Sam Hauser,F,BOS,,194,,285,
Klay Thompson,G/F,MIA,,,,286,
Khris Middleton,F,WAS,,,,287,
Nick Richards,C,MIA,,,,288,
Tyrese Proctor,G,CLE,,,,290,
Meleek Thomas,G/F,CLE,,,,291,
Ja’Kobi Gillespie,G,SAS,,,,292,
Terrence Shannon Jr.,G/F,MIN,,,,293,
Jaylin Williams,C,OKC,,,,296,
Taylor Hendricks,F,MEM,,,,298,
Koa Peat,F,PHX,,,,299,
Derrick Jones Jr.,F,LAC,,,,300,
Luke Kornet,C,SAS,,197,,,
