src_rank,player,team_src,team_kit,our_rank,z_adj,yahoo_xrank,yahoo_adp,points_rank,cat8_rank,dynasty_rank,profile,age,src_pts,src_tpm,src_reb,src_ast,src_stl,src_blk,src_tov,src_fg_pct,src_ft_pct,src_name
1,Nikola Jokic,DEN,DEN,3,9.935,1,1.9,1,2,4,C1,31,27.7,1.7,12.9,10.7,1.4,0.8,3.7,56.9,83.1,Nikola Jokić
2,Victor Wembanyama,SAS,SAS,2,10.137,2,1.6,3,1,1,C2,22,25.0,1.9,11.5,3.1,1.0,3.1,2.4,51.2,82.7,Victor Wembanyama
3,Shai Gilgeous-Alexander,OKC,OKC,1,10.263,4,4.0,5,4,2,G1,28,31.1,1.7,4.3,6.6,1.4,0.8,2.2,55.3,87.9,Shai Gilgeous-Alexander
4,Luka Doncic,LAL,LAL,4,6.065,3,3.5,2,3,3,G2,27,33.5,4.0,7.7,8.3,1.6,0.5,4.0,47.6,78.0,Luka Dončić
5,Cade Cunningham,DET,DET,11,3.157,5,6.0,6,5,6,G3,25,23.9,2.0,5.5,9.9,1.4,0.8,3.7,46.1,81.2,Cade Cunningham
6,Jayson Tatum,BOS,BOS,18,2.514,8,9.3,7,6,10,F1,28,21.8,2.9,10.0,5.3,1.4,0.2,2.4,41.1,82.3,Jayson Tatum
7,Anthony Edwards,MIN,MIN,8,3.846,7,7.8,8,7,8,G4,25,28.8,3.4,5.0,3.7,1.4,0.8,2.9,48.9,79.6,Anthony Edwards
8,Tyrese Haliburton,IND,IND,26,2.089,9,15.7,25,11,9,G5,26,,,,,,,,,,Tyrese Haliburton
9,Jalen Johnson,ATL,ATL,25,2.112,13,11.6,14,18,14,F2,24,22.5,1.7,10.3,7.9,1.2,0.4,3.4,48.9,78.8,Jalen Johnson
10,Cooper Flagg,DAL,DAL,14,2.846,12,10.3,11,14,5,F3,19,21.0,1.0,6.7,4.5,1.2,0.9,2.3,46.8,82.7,Cooper Flagg
11,Karl-Anthony Towns,NYK,NYK,5,4.046,16,15.3,12,12,22,C3,30,20.1,1.5,11.9,3.0,0.9,0.5,2.5,50.1,85.8,Karl-Anthony Towns
12,Tyrese Maxey,PHI,PHI,6,4.031,6,8.6,10,8,7,G6,25,28.3,3.1,4.1,6.6,1.9,0.8,2.4,46.2,89.2,Tyrese Maxey
13,Scottie Barnes,TOR,TOR,35,1.589,17,14.3,15,20,13,F4,25,18.1,0.8,7.5,5.9,1.4,1.4,2.6,50.7,81.5,Scottie Barnes
14,Kevin Durant,HOU,HOU,30,1.987,14,16.6,27,21,72,F5,38,26.0,2.4,5.5,4.8,0.8,0.9,3.2,52.0,87.4,Kevin Durant
15,Kawhi Leonard,TOR,TOR,12,3.048,35,30.4,9,9,74,F6,35,27.9,2.6,6.4,3.6,1.9,0.4,2.0,50.5,89.2,Kawhi Leonard
16,Giannis Antetokounmpo,MIA,MIA,59,0.346,10,7.5,4,10,19,F7,31,27.6,0.4,9.8,5.4,0.9,0.7,3.2,62.4,65.0,Giannis Antetokounmpo
17,Donovan Mitchell,CLE,CLE,16,2.756,11,13.3,13,13,24,G7,30,27.9,3.2,4.5,5.7,1.5,0.3,2.8,48.3,86.5,Donovan Mitchell
18,Stephen Curry,GSW,GSW,13,2.897,22,23.6,31,16,71,G8,38,26.6,4.4,3.6,4.7,1.1,0.4,2.8,46.8,92.3,Stephen Curry
19,Devin Booker,PHX,PHX,15,2.844,26,26.2,38,22,27,G9,29,26.1,1.9,3.9,6.0,0.8,0.3,3.1,45.6,87.3,Devin Booker
20,Amen Thompson,HOU,HOU,28,2.032,28,23.6,30,29,17,G10,23,18.3,0.3,7.8,5.3,1.5,0.6,2.4,53.4,77.9,Amen Thompson
21,Chet Holmgren,OKC,OKC,10,3.562,31,28.3,40,27,15,F8,24,17.1,1.3,8.9,1.7,0.6,1.9,1.6,55.7,79.2,Chet Holmgren
22,Trae Young,WAS,WAS,39,1.067,21,26.6,18,17,31,G11,28,17.9,1.8,2.0,8.0,0.9,0.1,2.6,45.8,82.5,Trae Young
23,Jamal Murray,DEN,DEN,27,2.077,15,20.6,21,19,32,G12,29,25.4,3.3,4.4,7.1,0.9,0.4,2.3,48.3,88.7,Jamal Murray
24,Jalen Williams,OKC,OKC,29,2.025,37,41.8,32,34,16,F9,25,17.1,0.7,4.6,5.5,1.2,0.3,1.9,48.4,83.7,Jalen Williams
25,Alperen Sengun,HOU,HOU,57,0.425,27,18.8,16,24,20,C4,24,20.4,0.6,8.9,6.2,1.2,1.1,3.2,51.9,69.1,Alperen Şengün
26,LaMelo Ball,MIN,MIN,40,1.05,20,26.3,35,15,23,G13,25,20.1,3.8,4.8,7.1,1.2,0.2,2.8,40.7,89.9,LaMelo Ball
27,James Harden,CLE,CLE,36,1.548,23,34.5,33,23,69,G14,37,23.6,3.1,4.8,8.0,1.1,0.4,3.5,43.4,88.4,James Harden
28,Anthony Davis,WAS,WAS,7,3.959,43,42.2,24,37,50,F10,33,20.4,0.5,11.1,2.8,1.1,1.6,2.0,50.6,72.8,Anthony Davis
29,Domantas Sabonis,SAC,SAC,20,2.475,41,25.4,29,33,47,C5,30,15.8,0.3,11.4,4.1,0.9,0.2,2.7,54.3,72.7,Domantas Sabonis
30,Jalen Brunson,NYK,NYK,46,0.822,30,21.4,23,36,43,G15,30,26.0,2.6,3.3,6.8,0.8,0.1,2.4,46.7,84.1,Jalen Brunson
31,Trey Murphy III,NOP,NOP,21,2.432,24,40.3,41,41,25,F11,26,21.5,3.2,5.7,3.8,1.5,0.4,1.8,47.0,88.6,Trey Murphy
32,Austin Reaves,LAL,LAL,19,2.479,18,22.6,42,25,41,G16,28,23.3,2.3,4.7,5.5,1.1,0.4,3.0,49.0,87.1,Austin Reaves
33,Evan Mobley,CLE,CLE,34,1.712,29,30.1,17,30,18,F12,25,18.2,1.0,9.0,3.6,0.7,1.7,1.9,54.6,60.6,Evan Mobley
34,Deni Avdija,POR,POR,70,-0.039,48,40.1,56,63,30,F13,25,24.2,1.9,6.9,6.7,0.8,0.6,3.8,46.2,80.2,Deni Avdija
35,Jaren Jackson Jr,UTA,UTA,33,1.766,47,50.1,37,31,37,F14,27,19.4,1.8,5.7,2.0,1.1,1.4,2.2,47.6,80.3,Jaren Jackson Jr.
36,Josh Giddey,CHI,CHI,31,1.962,19,23.0,19,26,88,G17,24,17.0,1.9,8.3,9.1,1.0,0.5,3.6,44.8,76.3,Josh Giddey
37,Bam Adebayo,MIA,MIA,32,1.817,42,30.1,20,47,49,C6,29,20.1,1.7,10.0,3.2,1.2,0.7,1.6,44.2,77.8,Bam Adebayo
38,Desmond Bane,ORL,ORL,38,1.281,34,52.6,52,35,33,G18,28,20.1,2.0,4.1,4.1,1.0,0.5,2.0,48.4,90.8,Desmond Bane
39,Walker Kessler,LAL,LAL,37,1.537,40,38.8,54,39,56,C7,25,14.4,1.2,10.8,3.0,1.4,1.8,3.2,70.3,70.0,Walker Kessler
40,Kyrie Irving,DAL,DAL,17,2.717,36,52.1,47,28,68,G19,34,,,,,,,,,,Kyrie Irving
41,Lauri Markkanen,UTA,UTA,47,0.72,33,37.9,44,43,36,F15,29,26.7,2.7,6.9,2.1,1.0,0.5,1.5,47.7,89.6,Lauri Markkanen
42,Derrick White,BOS,BOS,23,2.19,39,47.2,57,40,42,G20,32,16.5,2.7,4.4,5.4,1.1,1.3,1.7,39.4,90.2,Derrick White
43,OG Anunoby,NYK,NYK,44,1.01,52,67.0,82,46,51,F16,29,16.7,2.3,5.2,2.2,1.6,0.7,1.8,48.4,82.8,OG Anunoby
44,Franz Wagner,ORL,ORL,69,-0.009,53,52.4,28,48,34,F17,25,20.6,1.4,5.2,3.3,0.9,0.3,1.7,48.1,82.3,Franz Wagner
45,Darius Garland,LAC,LAC,24,2.142,56,66.2,49,69,26,G21,26,18.8,2.7,2.4,6.7,1.0,0.2,2.9,46.0,86.1,Darius Garland
46,Brandon Miller,CHA,CHA,62,0.252,32,46.1,58,44,35,F18,23,20.2,3.1,4.9,3.3,1.0,0.7,2.5,43.5,89.2,Brandon Miller
47,LeBron James,PHI,PHI,142,-1.747,44,37.3,26,32,119,F19,41,20.9,1.3,6.1,7.2,1.2,0.6,3.0,51.5,73.7,LeBron James
48,Kon Knueppel,CHA,CHA,106,-1.0,62,42.4,84,50,40,G22,21,18.5,3.4,5.3,3.4,0.7,0.2,2.0,47.5,86.3,Kon Knueppel
49,Jaylen Brown,PHI,PHI,135,-1.609,45,27.0,45,54,45,F20,29,28.7,2.0,6.9,5.1,1.0,0.4,3.6,47.7,79.5,Jaylen Brown
50,Jalen Duren,DET,DET,58,0.405,25,36.7,34,38,52,C8,22,19.5,0.0,10.5,2.0,0.8,0.8,1.9,65.0,74.7,Jalen Duren
51,Donovan Clingan,POR,POR,49,0.663,54,42.2,61,67,58,C9,22,12.1,1.1,11.6,2.1,0.6,1.7,1.2,52.0,68.0,Donovan Clingan
52,Joel Embiid,PHI,PHI,22,2.291,46,50.9,43,42,147,C10,32,26.9,1.4,7.7,3.9,0.6,1.2,2.9,48.9,85.4,Joel Embiid
53,Tyler Herro,MIL,MIL,41,1.042,58,69.5,50,51,99,G23,26,20.5,2.5,4.8,4.1,0.7,0.4,1.9,48.0,91.7,Tyler Herro
54,Alex Sarr,WAS,WAS,78,-0.189,72,72.5,64,78,39,C11,21,16.3,1.0,7.4,2.7,0.8,2.0,1.7,48.2,69.2,Alex Sarr
55,Cameron Boozer,MEM,MEM,43,1.013,65,57.1,62,75,11,F21,19,,,,,,,,,,Cameron Boozer
56,Dyson Daniels,ATL,ATL,9,3.698,69,63.7,77,55,53,F22,23,11.9,0.3,6.8,5.9,2.0,0.4,1.8,51.7,61.5,Dyson Daniels
57,Pascal Siakam,IND,IND,86,-0.496,55,49.6,22,59,81,F23,32,24.0,1.7,6.6,3.8,1.1,0.4,2.2,48.4,69.3,Pascal Siakam
58,Dejounte Murray,NOP,NOP,76,-0.168,59,72.3,51,62,78,G24,30,16.7,1.4,5.4,6.4,1.6,0.2,3.4,48.4,86.7,Dejounte Murray
59,Onyeka Okongwu,ATL,ATL,42,1.029,51,54.8,59,64,64,C12,25,15.2,1.9,7.6,3.1,1.1,1.1,1.7,48.0,75.7,Onyeka Okongwu
60,De'Aaron Fox,SAS,SAS,55,0.496,71,80.1,53,68,54,G25,28,18.6,1.8,3.8,6.2,1.2,0.3,2.3,48.6,76.0,De’Aaron Fox
61,Keyonte George,UTA,UTA,117,-1.141,38,56.8,71,61,65,G26,22,23.6,2.5,3.7,6.1,1.1,0.3,3.1,45.6,89.2,Keyonte George
62,Ivica Zubac,IND,IND,83,-0.36,66,64.7,48,76,80,C13,29,14.1,0.0,10.6,2.2,0.4,0.8,1.8,59.8,71.1,Ivica Zubac
63,Kel'el Ware,MIL,MIL,84,-0.406,77,74.5,65,57,57,C14,22,11.1,1.2,9.0,0.7,0.8,1.1,0.8,53.0,74.0,Kel’el Ware
64,Brandon Ingram,LAC,LAC,121,-1.318,67,62.8,46,60,82,F24,29,21.5,1.8,5.6,3.7,0.8,0.7,2.4,47.7,82.0,Brandon Ingram
65,Paolo Banchero,ORL,ORL,131,-1.557,61,34.4,36,80,44,F25,23,22.2,1.2,8.4,5.2,0.7,0.6,3.1,45.9,77.5,Paolo Banchero
66,Zach Edey,MEM,MEM,66,0.067,64,74.8,75,74,59,C15,24,13.6,0.1,11.1,1.1,0.6,1.9,2.4,63.3,78.1,Zach Edey
67,Naz Reid,CHA,CHA,94,-0.822,81,62.1,70,73,101,F26,27,13.6,2.1,6.2,2.2,1.0,1.0,1.6,45.6,73.2,Naz Reid
68,Mikal Bridges,NYK,NYK,56,0.472,63,79.7,111,95,70,F27,30,14.4,1.9,3.8,3.7,1.3,0.8,1.0,49.0,82.7,Mikal Bridges
69,Paul George,BOS,BOS,51,0.64,68,79.8,60,58,126,F28,36,17.3,2.7,5.3,3.6,1.7,0.4,1.7,43.9,82.0,Paul George
70,Michael Porter Jr,BKN,BKN,45,0.856,49,58.8,66,66,113,F29,28,24.2,3.4,7.1,3.0,1.1,0.2,2.3,46.3,85.9,Michael Porter Jr.
71,Zion Williamson,NOP,NOP,99,-0.899,79,68.9,39,71,76,F30,26,21.0,0.0,5.7,3.2,1.0,0.5,2.0,60.0,71.6,Zion Williamson
72,VJ Edgecombe,PHI,PHI,111,-1.066,75,73.3,78,82,38,G27,21,16.0,2.0,5.6,4.2,1.4,0.5,1.8,43.8,81.8,VJ Edgecombe
73,Julius Randle,BKN,BKN,113,-1.081,74,68.7,55,52,125,F31,31,21.1,1.4,6.7,5.0,1.1,0.2,2.7,48.1,80.2,Julius Randle
74,Ja Morant,POR,POR,139,-1.673,106,92.1,72,85,73,G28,27,19.4,1.0,3.2,8.1,1.0,0.3,3.5,41.0,89.7,Ja Morant
75,Rudy Gobert,MIN,MIN,87,-0.513,87,72.3,74,79,146,C16,34,10.9,0.0,11.5,1.7,0.8,1.6,1.4,68.2,52.6,Rudy Gobert
76,Coby White,CHA,CHA,101,-0.936,70,89.0,98,88,90,G29,26,17.4,2.3,3.4,4.0,0.5,0.1,2.6,44.6,81.7,Coby White
77,Zach LaVine,SAC,SAC,71,-0.081,104,101.9,100,100,144,F32,31,19.2,2.5,2.8,2.3,0.7,0.3,1.9,47.9,88.0,Zach LaVine
78,Ryan Rollins,MIL,MIL,63,0.245,60,79.0,96,77,85,G30,24,17.3,2.5,4.6,5.6,1.5,0.4,2.7,47.2,79.6,Ryan Rollins
79,Immanuel Quickley,TOR,TOR,110,-1.053,85,96.9,63,70,95,G31,27,16.4,2.5,4.0,5.9,1.3,0.1,1.5,44.3,82.1,Immanuel Quickley
80,Stephon Castle,SAS,SAS,98,-0.847,76,53.8,68,107,60,G32,21,16.7,1.2,5.3,7.4,1.1,0.3,3.2,47.1,73.4,Stephon Castle
81,Dylan Harper,SAS,SAS,171,-2.498,97,84.4,97,99,21,G33,20,11.8,0.9,3.4,3.9,0.8,0.3,1.4,50.5,75.6,Dylan Harper
82,Jarrett Allen,CLE,CLE,61,0.254,83,69.3,94,86,97,C17,28,15.4,0.0,8.5,1.8,1.0,0.8,1.3,63.8,70.9,Jarrett Allen
83,Nickeil Alexander-Walker,ATL,ATL,52,0.611,50,59.7,73,45,92,G34,28,20.8,3.2,3.4,3.7,1.3,0.5,2.1,45.9,90.2,Nickeil Alexander-Walker
84,Jalen Suggs,ORL,ORL,80,-0.271,92,110.8,89,56,75,G35,25,13.8,2.1,3.9,5.5,1.8,0.7,2.7,43.5,85.5,Jalen Suggs
85,Damian Lillard,POR,POR,92,-0.637,57,65.9,79,49,177,G36,36,,,,,,,,,,Damian Lillard
86,Jaden McDaniels,MIN,MIN,54,0.558,80,90.3,86,72,84,F33,26,14.8,1.4,4.2,2.7,1.1,1.0,1.8,51.5,83.5,Jaden McDaniels
87,Norman Powell,CHI,CHI,88,-0.565,86,92.0,105,91,118,G37,33,21.7,2.7,3.5,2.5,1.1,0.2,1.9,47.0,82.7,Norman Powell
88,Collin Murray-Boyles,TOR,TOR,90,-0.627,117,115.4,115,104,48,F34,21,8.5,0.3,5.0,1.9,0.9,0.9,1.0,57.9,65.7,Collin Murray-Boyles
89,AJ Dybantsa,WAS,WAS,173,-2.533,96,78.9,152,94,29,F35,19,,,,,,,,,,AJ Dybantsa
90,Caleb Wilson,CHI,CHI,120,-1.308,94,79.3,76,103,28,F36,20,,,,,,,,,,Caleb Wilson
91,Josh Hart,NYK,NYK,53,0.564,84,96.1,85,87,114,F37,31,12.0,1.5,7.4,4.8,1.1,0.3,1.9,50.8,72.0,Josh Hart
92,Payton Pritchard,BOS,BOS,65,0.079,73,80.2,104,84,91,G38,28,17.0,2.7,3.9,5.2,0.7,0.1,1.4,46.4,89.0,Payton Pritchard
93,Matas Buzelis,CHI,CHI,79,-0.213,82,65.3,69,53,89,F38,22,16.3,2.2,5.8,2.1,0.7,1.5,2.1,46.3,78.6,Matas Buzelis
94,Miles Bridges,PHX,PHX,124,-1.441,95,98.2,80,106,171,F39,28,17.1,1.9,5.8,3.2,0.6,0.4,1.4,46.0,82.2,Miles Bridges
95,Day'Ron Sharpe,BKN,BKN,72,-0.086,90,94.4,83,92,129,C18,24,8.7,0.1,6.7,2.3,1.1,0.4,1.7,60.1,67.8,Day’Ron Sharpe
96,Fred VanVleet,HOU,HOU,75,-0.166,139,118.4,113,98,185,G39,32,,,,,,,,,,Fred VanVleet
97,Ajay Mitchell,OKC,OKC,73,-0.118,109,117.8,114,110,87,G40,24,13.6,1.1,3.3,3.6,1.2,0.3,1.4,48.5,87.0,Ajay Mitchell
98,Myles Turner,MIL,MIL,89,-0.596,108,100.6,106,93,157,C19,30,11.9,2.1,5.3,1.5,0.7,1.6,1.2,44.0,74.0,Myles Turner
99,Cason Wallace,OKC,OKC,91,-0.631,124,118.3,136,81,111,G41,22,8.6,1.3,3.1,2.6,1.9,0.4,0.9,43.2,80.9,Cason Wallace
100,Isaiah Hartenstein,OKC,OKC,105,-0.993,115,105.7,87,97,160,C20,28,9.2,0.0,9.4,3.5,1.0,0.8,1.7,62.2,61.0,Isaiah Hartenstein
101,Ty Jerome,MEM,MEM,50,0.646,89,113.5,99,90,124,G42,29,19.7,2.8,2.8,5.7,1.1,0.3,1.8,47.4,87.5,Ty Jerome
102,Keegan Murray,SAC,SAC,107,-1.017,101,120.2,88,96,138,F40,26,14.0,1.3,5.7,1.7,1.0,1.6,1.2,42.0,77.6,Keegan Murray
103,Jakob Poeltl,TOR,TOR,125,-1.448,123,121.2,109,105,174,C21,31,10.7,0.0,7.0,2.0,0.9,0.7,1.2,70.0,60.2,Jakob Poeltl
104,John Collins,DET,DET,74,-0.136,98,116.1,108,89,183,F41,29,13.6,1.3,5.3,1.0,0.9,0.7,1.4,55.2,76.6,John Collins
105,CJ McCollum,ATL,ATL,134,-1.595,107,108.1,95,109,198,G43,35,18.7,2.5,3.3,3.9,0.8,0.5,1.8,45.5,77.2,CJ McCollum
106,Ausar Thompson,DET,DET,67,0.06,78,88.1,91,83,63,F42,23,9.9,0.1,5.7,3.1,2.0,0.9,1.5,52.5,57.1,Ausar Thompson
107,Darryn Peterson,UTA,UTA,144,-1.95,130,101.9,153,147,12,G44,19,,,,,,,,,,Darryn Peterson
108,Nic Claxton,CHI,CHI,60,0.294,91,89.4,102,117,115,C22,27,11.7,0.0,6.9,3.7,0.7,1.1,1.4,57.1,61.6,Nic Claxton
109,Peyton Watson,CLE,CLE,151,-2.136,99,115.2,129,136,105,F43,24,14.6,1.5,4.9,2.1,0.9,1.1,1.7,49.1,73.0,Peyton Watson
110,Kyshawn George,WAS,WAS,147,-2.054,134,119.0,140,145,66,F44,22,14.8,2.1,5.1,4.5,1.0,0.9,2.6,43.8,80.2,Kyshawn George
111,Neemias Queta,BOS,BOS,249,-4.295,103,117.3,119,102,130,C23,27,10.2,0.0,8.4,1.7,0.8,1.3,1.0,65.3,70.3,Neemias Queta
112,Anthony Black,ORL,ORL,184,-2.811,126,118.7,116,130,109,,,,,,,,,,,,Anthony Black
113,Egor Demin,BKN,BKN,209,-3.445,162,119.3,145,125,86,,,,,,,,,,,,Egor Dëmin
114,Brandin Podziemski,GSW,GSW,119,-1.239,118,117.3,103,108,121,G45,23,13.8,1.9,5.1,3.7,1.1,0.2,1.6,45.5,79.7,Brandin Podziemski
115,Kristaps Porzingis,GSW,GSW,48,0.683,137,98.6,67,101,107,C24,31,16.7,1.7,5.2,2.5,0.6,1.2,1.3,44.6,84.2,Kristaps Porziņgis
116,Jusuf Nurkic,UTA,UTA,175,-2.596,114,112.4,92,153,265,C25,32,10.9,0.6,10.4,4.8,1.3,0.5,2.5,50.3,54.9,Jusuf Nurkić
117,Cedric Coward,MEM,MEM,141,-1.731,88,87.2,101,111,93,G46,23,13.6,1.5,5.9,2.8,0.6,0.4,1.7,47.1,84.3,Cedric Coward
118,Khaman Maluach,PHX,PHX,199,-3.141,105,118.8,185,183,94,C26,20,3.0,0.0,2.9,0.1,0.1,0.7,0.5,53.3,71.0,Khaman Maluach
119,Jabari Smith Jr,HOU,HOU,114,-1.085,100,93.4,107,113,102,F45,23,15.8,2.3,6.9,1.9,0.7,0.9,1.4,45.0,77.5,Jabari Smith Jr.
120,Mitchell Robinson,BOS,BOS,185,-2.834,166,107.0,134,120,131,C27,28,5.7,0.0,8.8,0.9,0.9,1.2,0.7,72.3,40.8,Mitchell Robinson
121,Jalen Green,PHX,PHX,143,-1.766,144,102.0,93,116,110,G47,24,17.8,2.2,3.6,2.8,1.1,0.2,2.2,42.2,74.7,Jalen Green
122,Moussa Diabate,CHA,CHA,181,-2.748,153,114.5,148,129,133,C28,24,7.9,0.0,8.7,1.9,0.8,1.0,1.0,63.1,65.9,Moussa Diabaté
123,Andrew Wiggins,MIA,MIA,146,-2.028,93,99.4,90,112,213,F46,31,15.4,2.0,4.8,2.7,1.1,1.0,1.5,47.5,78.4,Andrew Wiggins
124,Toumani Camara,POR,POR,85,-0.422,148,109.2,141,115,145,F47,26,13.4,2.7,5.1,2.5,1.1,0.4,1.8,44.0,70.8,Toumani Camara
125,Devin Vassell,SAS,SAS,127,-1.487,143,116.3,127,131,96,,,,,,,,,,,,Devin Vassell
126,Reed Sheppard,HOU,HOU,104,-0.979,141,121.7,143,119,79,G48,22,13.5,2.8,2.9,3.4,1.5,0.7,1.5,43.0,80.2,Reed Sheppard
127,Davion Mitchell,MIA,MIA,182,-2.779,102,117.8,162,140,170,,,,,,,,,,,,Davion Mitchell
128,Jrue Holiday,POR,POR,93,-0.639,146,116.7,138,128,230,,,,,,,,,,,,Jrue Holiday
129,Cam Johnson,DEN,DEN,116,-1.104,,,126,114,165,,,,,,,,,,,,Cameron Johnson
130,Ayo Dosunmu,MIN,MIN,157,-2.303,110,115.7,132,118,187,G49,26,14.8,1.8,3.4,3.6,0.8,0.3,1.4,51.7,87.6,Ayo Dosunmu
131,Kevin Porter Jr,MIL,MIL,232,-3.855,131,120.3,120,122,245,G50,26,17.4,1.2,5.2,7.4,2.2,0.5,2.9,46.5,87.8,Kevin Porter Jr.
132,Aaron Gordon,DEN,DEN,96,-0.833,152,112.1,128,141,205,,,,,,,,,,,,Aaron Gordon
133,Jaime Jaquez Jr,MIL,MIL,239,-4.025,135,109.5,117,142,246,,,,,,,,,,,,Jaime Jaquez Jr.
134,Herb Jones,NOP,NOP,64,0.146,,,174,143,,,,,,,,,,,,,Herb Jones
135,Ace Bailey,UTA,UTA,186,-2.857,160,118.2,151,163,67,,,,,,,,,,,,Ace Bailey
136,Brook Lopez,LAC,LAC,191,-2.989,156,108.0,164,132,,C29,38,8.5,1.5,3.6,1.3,0.6,1.2,0.8,42.8,75.7,Brook Lopez
137,Yaxel Lendeborg,GSW,GSW,81,-0.311,129,116.0,178,150,112,,,,,,,,,,,,Yaxel Lendeborg
138,Paul Reed,DET,DET,100,-0.911,161,113.7,154,121,184,C30,27,7.8,0.2,4.5,1.2,0.9,0.9,0.9,61.7,66.4,Paul Reed
139,Tobias Harris,SAS,SAS,160,-2.324,140,113.6,155,124,254,,,,,,,,,,,,Tobias Harris
140,Christian Braun,DEN,DEN,95,-0.831,173,119.7,135,126,166,,,,,,,,,,,,Christian Braun
141,PJ Washington,DAL,DAL,77,-0.18,164,115.5,112,154,116,F48,28,14.2,1.4,7.0,1.8,1.0,1.1,1.7,45.0,68.7,PJ Washington
142,Wendell Carter Jr,ORL,ORL,158,-2.316,125,114.6,130,137,172,C31,27,11.8,0.9,7.4,2.0,0.8,0.6,1.3,51.2,79.2,Wendell Carter Jr.
143,Darius Acuff,SAC,SAC,190,-2.974,159,109.7,150,176,61,,,,,,,,,,,,Darius Acuff Jr.
144,RJ Barrett,TOR,TOR,237,-4.02,128,111.9,176,152,255,,,,,,,,,,,,RJ Barrett
145,Quentin Grimes,LAL,LAL,170,-2.495,111,119.3,139,161,120,,,,,,,,,,,,Quentin Grimes
146,Andrew Nembhard,IND,IND,165,-2.426,113,113.5,121,151,103,,,,,,,,,,,,Andrew Nembhard
147,Tari Eason,HOU,HOU,115,-1.087,150,118.7,149,144,100,,,,,,,,,,,,Tari Eason
148,Collin Gillespie,PHX,PHX,103,-0.972,112,119.2,146,148,148,,,,,,,,,,,,Collin Gillespie
149,Grayson Allen,CHA,CHA,194,-3.025,178,115.5,179,157,190,,,,,,,,,,,,Grayson Allen
150,Dillon Brooks,PHX,PHX,217,-3.6,163,114.2,131,155,,,,,,,,,,,,,Dillon Brooks
151,Jimmy Butler,GSW,GSW,68,0.045,138,115.9,81,65,106,,,,,,,,,,,,Jimmy Butler
152,Aaron Nesmith,IND,IND,97,-0.842,167,110.7,156,133,181,,,,,,,,,,,,Aaron Nesmith
153,Sandro Mamukelashvili,LAL,LAL,82,-0.354,136,120.3,118,138,202,F49,27,11.2,1.4,4.9,1.9,0.8,0.5,0.8,52.3,74.7,Sandro Mamukelashvili
154,Max Strus,LAC,LAC,222,-3.646,149,,170,170,189,,,,,,,,,,,,Max Strus
155,Maxime Raynaud,SAC,SAC,221,-3.629,172,118.0,173,169,151,C32,23,12.5,0.3,7.5,1.4,0.5,0.5,1.3,57.1,78.6,Maxime Raynaud
156,Hannes Steinbach,CHA,CHA,218,-3.6,,,,,132,C33,20,,,,,,,,,,Hannes Steinbach
157,Derik Queen,NOP,NOP,163,-2.42,119,82.2,125,,77,C34,21,11.7,0.3,7.1,3.7,1.0,0.9,2.3,47.3,79.5,Derik Queen
158,Keaton Wagler,LAC,LAC,192,-2.992,238,117.8,,,62,,,,,,,,,,,,Keaton Wagler
159,Joan Beringer,MIN,MIN,268,-4.809,180,,197,199,163,C35,19,3.9,0.0,2.3,0.3,0.2,0.7,0.3,66.3,70.3,Joan Beringer
160,Morez Johnson Jr.,DAL,DAL,308,-6.385,204,116.6,190,181,104,,,,,,,,,,,,Morez Johnson Jr.
161,Daniel Gafford,DAL,DAL,138,-1.641,116,109.0,167,168,195,,,,,,,,,,,,Daniel Gafford
162,Tre Jones,CHI,CHI,150,-2.126,120,118.2,144,127,196,,,,,,,,,,,,Tre Jones
163,Anfernee Simons,PHI,PHI,178,-2.693,197,110.0,,,218,,,,,,,,,,,,Anfernee Simons
164,Kyle Filipowski,UTA,UTA,126,-1.466,216,114.3,,,140,C36,22,11.4,1.0,7.2,2.6,0.9,0.5,1.6,49.2,75.0,Kyle Filipowski
165,Draymond Green,GSW,GSW,109,-1.044,157,106.3,124,172,186,,,,,,,,,,,,Draymond Green
166,Jaylon Tyson,CLE,CLE,233,-3.865,208,,,,123,,,,,,,,,,,,Jaylon Tyson
167,Bilal Coulibaly,WAS,WAS,122,-1.39,210,,,,143,,,,,,,,,,,,Bilal Coulibaly
168,Pelle Larsson,MIA,MIA,244,-4.182,145,,188,189,294,,,,,,,,,,,,Pelle Larsson
169,Saddiq Bey,NOP,NOP,102,-0.944,132,119.5,110,135,239,,,,,,,,,,,,Saddiq Bey
170,Collin Sexton,LAL,LAL,148,-2.089,190,116.8,177,171,226,,,,,,,,,,,,Collin Sexton
171,Mikel Brown,BKN,BKN,254,-4.358,192,118.0,183,184,55,,,,,,,,,,,,Mikel Brown Jr.
172,DeMar DeRozan,DEN,DEN,168,-2.468,127,115.4,142,123,,F50,37,18.4,0.6,2.9,4.1,1.0,0.3,1.2,49.7,86.8,DeMar DeRozan
173,De'Anthony Melton,GSW,GSW,152,-2.188,241,,166,162,200,,,,,,,,,,,,De’Anthony Melton
174,Dereck Lively,DAL,DAL,112,-1.07,189,,171,134,117,,,,,,,,,,,,Dereck Lively II
175,Bobby Portis,MIA,MIA,177,-2.688,154,111.4,123,156,,,,,,,,,,,,,Bobby Portis
176,Scotty Pippen Jr.,MEM,MEM,136,-1.619,169,,172,160,208,,,,,,,,,,,,Scotty Pippen Jr.
177,Kingston Flemings,ATL,ATL,305,-6.296,247,,,,46,,,,,,,,,,,,Kingston Flemings
178,Andre Drummond,NYK,NYK,284,-5.284,213,105.4,,195,,C37,33,6.4,0.5,8.4,1.3,0.6,0.8,1.0,47.2,63.1,Andre Drummond
179,Jeremiah Fears,NOP,NOP,204,-3.213,196,118.5,158,146,98,,,,,,,,,,,,Jeremiah Fears
181,Nikola Vucevic,ORL,ORL,128,-1.519,171,114.3,163,149,,,,,,,,,,,,,Nikola Vučević
182,Santi Aldama,DAL,DAL,155,-2.259,183,,133,164,122,,,,,,,,,,,,Santi Aldama
183,Robert Williams III,POR,POR,149,-2.114,175,,180,139,248,,,,,,,,,,,,Robert Williams III
184,Kris Dunn,LAC,LAC,174,-2.534,193,,199,198,,,,,,,,,,,,,Kris Dunn
185,Sam Merrill,CLE,CLE,247,-4.252,,,198,188,289,,,,,,,,,,,,Sam Merrill
186,Baylor Scheierman,BOS,BOS,269,-4.816,,,,,242,,,,,,,,,,,,Baylor Scheierman
187,Isaiah Stewart,MEM,MEM,172,-2.5,198,113.7,175,159,251,C38,25,10.0,0.7,5.0,1.1,0.3,1.6,1.2,55.0,75.6,Isaiah Stewart
188,Ja'Kobe Walter,TOR,TOR,241,-4.166,,,186,167,262,,,,,,,,,,,,Ja’Kobe Walter
189,Kelly Oubre,IND,IND,162,-2.396,147,113.7,160,158,191,,,,,,,,,,,,Kelly Oubre Jr.
190,Max Christie,DAL,DAL,231,-3.848,,,192,193,199,,,,,,,,,,,,Max Christie
191,Jerami Grant,MEM,MEM,118,-1.232,142,118.3,165,174,,,,,,,,,,,,,Jerami Grant
192,Jared McCain,OKC,OKC,156,-2.28,222,113.1,,,221,,,,,,,,,,,,Jared McCain
193,Daniss Jenkins,DET,DET,292,-5.728,179,,161,,193,,,,,,,,,,,,Daniss Jenkins
194,Julian Champagnie,SAS,SAS,176,-2.67,181,109.3,,179,175,,,,,,,,,,,,Julian Champagnie
195,Rui Hachimura,LAC,LAC,166,-2.445,121,109.4,184,166,201,,,,,,,,,,,,Rui Hachimura
196,Yves Missi,NOP,NOP,224,-3.679,195,,,,244,,,,,,,,,,,,Yves Missi
197,Scoot Henderson,POR,POR,265,-4.669,186,,,,83,,,,,,,,,,,,Scoot Henderson
198,Alex Caruso,OKC,OKC,130,-1.54,202,107.3,195,186,,,,,,,,,,,,,Alex Caruso
199,Jake LaRavia,LAL,LAL,195,-3.046,185,,196,196,227,,,,,,,,,,,,Jake LaRavia
200,Shaedon Sharpe,POR,POR,137,-1.63,203,,168,,231,,,,,,,,,,,,Shaedon Sharpe
