src_rank,player,team_src,team_kit,our_rank,z_adj,yahoo_xrank,yahoo_adp,round,flag,claim,src_name
1,Nikola Jokic,DEN,DEN,3,9.949,1,1.6,1,,"There is no hole in the profile. Elite field-goal percentage on enormous volume, a free-throw line he actually helps you in, 3s at a workable clip, and top-of-the-league rebounds and assists with real steal totals attached.",Nikola Jokić
2,Victor Wembanyama,SAS,SAS,2,10.138,2,1.8,1,,"The blocks are the single most valuable individual category asset in fantasy, and he pairs them with the rare combination of 3s and rebounds.",Victor Wembanyama
3,Shai Gilgeous-Alexander,OKC,OKC,1,10.269,4,4.0,1,,"Better here than in points leagues by a wide margin. Elite field-goal percentage for a guard, elite free-throw percentage on massive attempt volume, and a steal rate that plays.",Shai Gilgeous-Alexander
4,Luka Doncic,LAL,LAL,4,6.069,3,3.4,1,,"With LeBron James in Philadelphia, the usage goes up and so does everything that comes with it. The counting stats and 3-point volume are first-round quality; the field-goal percentage drag and the league-leading turnover totals are what separate him from the three names above.",Luka Dončić
5,Cade Cunningham,DET,DET,11,3.163,5,6.0,1,,"Massive assist volume and good rebounding for a guard, plus 3s. The turnovers are punishing in this format, and the field-goal percentage has never been a strength. But he’s still young enough for things to improve.",Cade Cunningham
6,Jayson Tatum,BOS,BOS,18,2.517,8,8.7,1,health: achilles,"A year removed from the Achilles tear and back as Boston’s clear No. 1 with Brown gone. Tatum is one of the most well-rounded options you can get in the first round, opening up different types of team builds.",Jayson Tatum
7,Jalen Johnson,ATL,ATL,25,2.122,13,11.9,1,health: games played,Steals and blocks from a forward who also puts up 20/10/6 on good efficiency. The free-throw line is the weak spot and the turnovers are up with the playmaking load. Games played have also been a question mark.,Jalen Johnson
8,Cooper Flagg,DAL,DAL,14,2.854,12,10.4,1,,"Produced an excellent rookie season, setting up a potential sophomore breakout into stardom. Steals and blocks from a forward, improving efficiency, and Kyrie Irving’s return should raise the quality of his shots without eating many of them.",Cooper Flagg
9,Anthony Edwards,MIN,MIN,8,3.845,7,7.7,1,,"One of the league’s best combinations of 3-point volume and free-throw accuracy from a high-usage scorer, with steals on top. Swapping Naz Reid and Julius Randle for LaMelo Ball should mean cleaner looks but a lower assist rate for Edwards.",Anthony Edwards
10,Giannis Antetokounmpo,MIA,MIA,59,0.358,10,6.8,1,,"The classic category-league puzzle. Elite field-goal percentage, elite blocks, elite steals, elite rebounds, and a free-throw percentage plus 3-point total that force you to punt or pair carefully. Build the roster around the punt and he’s better than this rank would suggest.",Giannis Antetokounmpo
11,Scottie Barnes,TOR,TOR,35,1.599,17,14.8,1,role: trims the usage,"Steals and blocks from a forward with rebounds and assists is perfect for category leagues. The free-throw percentage and the low 3-point volume are the drags, and swapping Brandon Ingram for Kawhi Leonard trims the usage further.",Scottie Barnes
12,Tyrese Maxey,PHI,PHI,6,4.035,6,9.4,1,role: trims the usage,"3s at volume, a strong free-throw percentage and a sneaky-useful steal rate. The concern is that Jaylen Brown and LeBron James arriving trims the usage, and possibly minutes. Efficiency should improve with the easier looks, which partly offsets it.",Tyrese Maxey
13,Donovan Mitchell,CLE,CLE,16,2.759,11,13.6,2,,"3-point volume, a reliable free-throw percentage and better steal totals than he gets credit for. James Harden handles the playmaking, so the assists stay modest. Durable and predictable.",Donovan Mitchell
14,Kevin Durant,HOU,HOU,30,1.989,14,16.1,2,health: rest days,"Still one of the cleanest efficiency lines in basketball, both from the field and the line, with 3s and about a block a game. He turns 38 at the end of the month, so rest days are the risk, but the per-game category profile gives him first-round upside.",Kevin Durant
15,Karl-Anthony Towns,NYK,NYK,5,4.048,16,15.5,2,,"Elite free-throw shooting from a center, good field-goal percentage, 3-point volume and 12 rebounds. His lack of blocks from the center position is something managers may need to rectify later in a draft.",Karl-Anthony Towns
16,Stephen Curry,GSW,GSW,13,2.9,22,23.1,2,"health: games played, age","Much better here than in points formats. League-leading 3-point volume, a free-throw percentage near the top of the league and a real steal rate. Age and games played are a concern.",Stephen Curry
17,Tyrese Haliburton,IND,IND,26,2.101,9,14.2,2,"health: achilles, injur","An elite assist-to-turnover ratio, which is worth a lot in category leagues, plus 3-point volume and an excellent free-throw percentage. The offense is built for him, but coming off an Achilles injury creates downside risk.",Tyrese Haliburton
18,Austin Reaves,LAL,LAL,20,2.487,18,23.2,2,,"Elite free-throw shooting on high-attempt volume, 3s and secondary playmaking with LeBron James gone. The turnovers climb with the usage, but four of the nine categories are clear positives.",Austin Reaves
19,Amen Thompson,HOU,HOU,28,2.045,28,23.3,2,,"Steals and blocks in combination from a wing is close to unique, and the field-goal percentage is strong. You are punting 3s and free-throw percentage to roster him, so plan the build around it.",Amen Thompson
20,Jamal Murray,DEN,DEN,27,2.084,15,20.8,2,,"3s, strong free-throw shooting and a career-best field-goal percentage next to Nikola Jokić. Assists at volume with manageable turnovers. One of the safest roles in the NBA.",Jamal Murray
21,LaMelo Ball,MIN,MIN,40,1.053,20,26.5,2,health: games played,"3-point volume near the top of the league plus steals and assists. The field-goal percentage and turnovers are negatives, and now there’s a question of how much the offense runs through Anthony Edwards instead. Games played is still a question.",LaMelo Ball
22,Alperen Sengun,HOU,HOU,57,0.436,27,18.6,2,,"Field-goal percentage, rebounds, assists and steals from the center spot, coming off career-high playmaking. The turnovers are heavy and he gives you nothing from 3, which is what keeps him behind Towns here.",Alperen Sengun
23,Anthony Davis,WAS,WAS,7,3.964,43,42.7,2,,"Twenty games last year. When he plays, it’s a first-round category line: field-goal percentage, double-digit boards, blocks and steals together. Pair him with durable pieces and take the swing.",Anthony Davis
24,Trae Young,WAS,WAS,39,1.075,21,25.2,2,,"Assists, 3s and free-throw percentage at elite levels with a useful steal rate. The field-goal percentage and the turnovers have to be leaned into or worked around.",Trae Young
25,Trey Murphy III,NOP,NOP,21,2.437,24,38.2,3,"role: trims the usage, riser","A major category riser. High-volume 3-point shooting at a good clip, strong free-throw percentage and low turnovers. Dejounte Murray’s return trims the usage, but the shooting profile is exactly what this format pays for.",Trey Murphy III
26,Josh Giddey,CHI,CHI,31,1.974,19,23.1,3,,"Rebounds, assists and steals from a guard, with his 3-point shooting finally landing. The turnovers are the tax on a nightly triple-double threat running the offense.",Josh Giddey
27,Lauri Markkanen,UTA,UTA,47,0.722,33,37.2,3,health: availability,"3-point volume, a very good free-throw percentage and rebounds from a forward. Utah’s win-now additions should improve his availability while costing him shots. Low steals, blocks and assists caps his upside.",Lauri Markkanen
28,Brandon Miller,CHA,CHA,63,0.254,32,45.2,3,,"Charlotte’s most likely usage winner after the LaMelo Ball trade, with 3-point volume as the main category contribution. The field-goal percentage needs to come with the shot increase for the upside case to pay off.",Brandon Miller
29,Evan Mobley,CLE,CLE,34,1.722,29,29.7,3,,"Blocks, steals and rebounds with an ordinarily strong field-goal percentage. Last year’s shooting slump is the reason he’s here rather than a round earlier, and a bounce-back is reasonable.",Evan Mobley
30,Chet Holmgren,OKC,OKC,10,3.57,31,29.0,3,,"A category-league player. Blocks and 3s from a center, with a solid field-goal percentage and a free-throw line he helps you in. The raw counting totals are ordinary, which matters much less here compared to points formats.",Chet Holmgren
31,James Harden,CLE,CLE,36,1.555,23,34.5,3,,"3s at volume, free-throw attempts at a good rate, assists and steals. The field-goal percentage and turnovers are both negatives, so he’s a build-around rather than a plug-in.",James Harden
32,Jalen Williams,OKC,OKC,29,2.034,37,40.4,3,"health: hamstring, wrist","Balanced and efficient two-way statline. Wrist surgery and a hamstring problem wrecked last season, but he’s still OKC’s No. 2 option.",Jalen Williams
33,Devin Booker,PHX,PHX,15,2.847,26,25.4,3,,"A down shooting year means he’s discounted. He’s still Phoenix’s primary creator with strong free-throw shooting, decent 3-point volume and assists. Positive regression on the field-goal percentage is the upside case.",Devin Booker
34,Domantas Sabonis,SAC,SAC,19,2.488,41,27.3,3,,"Field-goal percentage, huge rebounding and center-position assists. No blocks and heavy turnovers are the two holes. With Russell Westbrook retired and DeMar DeRozan in Denver, the usage should climb back toward his peak.",Domantas Sabonis
35,Bam Adebayo,MIA,MIA,32,1.828,42,27.9,3,,A well-rounded line from the center position. The addition of Giannis Antetokounmpo could mean fewer boards but more 3-pointers.,Bam Adebayo
36,Jaren Jackson Jr,UTA,UTA,33,1.771,47,48.9,3,health: foul trouble,"Blocks and 3s from a big, with an unusually good free-throw percentage for the position. The field-goal percentage and the foul trouble are the recurring problems.",Jaren Jackson Jr.
37,Kawhi Leonard,TOR,TOR,12,3.054,35,32.8,4,health: health,"A player still capable of MVP-level two-way numbers. A clean bill of health last season cuts against a decade of evidence, and Toronto’s depth gives him easy reasons to pull back on minutes and usage.",Kawhi Leonard
38,Deni Avdija,POR,POR,70,-0.03,48,40.8,4,,"An All-Star breakout with 3s, rebounds and playmaking from a forward. The field-goal percentage and turnovers are the drags, and the Ja Morant and Damian Lillard additions threaten his touches.",Deni Avdija
39,Walker Kessler,LAL,LAL,37,1.55,40,40.7,4,,"Has been providing strong traditional big-man stats, and that’s not expected to change now that he’s in Los Angeles rather than Utah. Easy lobs from Luka Dončić give him strong field-goal percentage potential.",Walker Kessler
40,Derrick White,BOS,BOS,23,2.199,39,45.2,4,role: fewer shots,"One of the format’s signature assets. 3s and blocks and steals in the same line, plus a strong free-throw percentage and low turnovers. Fewer shots with Jayson Tatum back and Paul George added, but the category shape is unaffected.",Derrick White
41,Jalen Brunson,NYK,NYK,46,0.829,30,21.3,4,,"Excellent from the field and the line for a high-usage guard, with 3s and assists at volume. Zero blocks and modest steals mean you need defensive stats elsewhere.",Jalen Brunson
42,Kyrie Irving,DAL,DAL,17,2.722,36,51.7,4,health: acl; role: riser,"A strong category-league riser. Elite field-goal and free-throw percentages, 3-point volume, steals and one of the lowest turnover rates among high-usage guards. Coming off an ACL tear at 34, which is creating a discount.",Kyrie Irving
43,Matas Buzelis,CHI,CHI,79,-0.205,82,65.7,4,,Coming off a sophomore breakout and still has the potential for both more minutes and development. Provides strong two-way stats as a forward.,Matas Buzelis
44,Jaylen Brown,PHI,PHI,135,-1.603,45,29.3,4,"health: absences, load management","He should be Philadelphia’s second scoring option given Joel Embiid’s absences and LeBron’s likely load management. He’s typically been better in points leagues, however.",Jaylen Brown
45,Franz Wagner,ORL,ORL,69,-0.001,53,52.0,4,health: injur,"Provides 22/5/5 when healthy. The free-throw percentage and 3-point accuracy have both been erratic. Combined with injuries, that creates a discount relative to his potential.",Franz Wagner
46,Jalen Duren,DET,DET,58,0.417,25,36.3,4,,"Elite field-goal percentage and a nightly double-double, with the free-throw line improving from a very low base. Blocks are thinner than you’d want and there are no 3s. Low variance, low ceiling.",Jalen Duren
47,Darius Garland,LAC,LAC,24,2.15,56,63.3,4,"health: achilles, injur","Excellent free-throw percentage, 3-point volume and assists as the clear lead playmaker in LA. Recent injury issues create some downside risk. Brandon Ingram’s partial Achilles tear only gives Garland more upside.",Darius Garland
48,Onyeka Okongwu,ATL,ATL,42,1.04,51,54.9,4,,"Field-goal percentage, rebounds and blocks from an entrenched starter playing 32 minutes. The new 3-point range is a meaningful category-league addition rather than a curiosity.",Onyeka Okongwu
49,Paolo Banchero,ORL,ORL,130,-1.551,61,35.3,5,,"He’s a stat-sheet stuffer, but the field-goal percentage is mediocre, the free-throw line is inconsistent, the steals and blocks are thin and the turnovers are heavy.",Paolo Banchero
50,Dejounte Murray,NOP,NOP,76,-0.157,59,68.9,5,health: achilles,Steals in bulk plus rebounds and assists from a guard. Back from an Achilles tear into 30-plus minutes.,Dejounte Murray
51,Kon Knueppel,CHA,CHA,105,-0.991,62,47.5,5,health: hamstring,"A second-year leap candidate whose calling card is what this format rewards: efficient shooting from the field and the line with 3-point volume. Will be handed some of Charlotte’s vacated usage. However, it’s unclear if he’ll be ready to start the season due to a hamstring issue.",Kon Knueppel
52,Donovan Clingan,POR,POR,49,0.676,54,42.4,5,,"Blocks and field-goal percentage with a double-double baseline in 27.2 minutes as a sophomore. Portland’s frontcourt is his to claim, and more minutes would create more upside.",Donovan Clingan
53,Michael Porter Jr,BKN,BKN,45,0.859,49,60.6,5,role: costs him shots,"3-point volume at a high clip, good field-goal percentage, rebounds and very few turnovers. Randle’s arrival costs him shots, but the efficiency profile is a clean category fit.",Michael Porter Jr.
54,LeBron James,PHI,PHI,141,-1.733,44,36.8,5,"health: games played, age","At his age, still a nightly triple-double threat on strong efficiency. But what will his minutes, role and games played actually look like?",LeBron James
55,Nickeil Alexander-Walker,ATL,ATL,52,0.616,50,60.6,5,,"The Most Improved Player award came from a 3-and-D profile, and 3-and-D is worth a lot in category leagues. 3s, steals and clean efficiency in a defined role.",Nickeil Alexander-Walker
56,OG Anunoby,NYK,NYK,44,1.018,52,67.7,5,,"A premier mid-round 3-and-D pick in this format. 3s, steals, blocks, a good field-goal percentage and almost no turnovers from a low-usage wing.",OG Anunoby
57,Desmond Bane,ORL,ORL,38,1.286,34,52.9,5,,"High-volume 3-point shooting at a strong clip, good free-throw percentage, steals and low turnovers. Role cemented as Orlando’s No. 3 option.",Desmond Bane
58,Keyonte George,UTA,UTA,116,-1.134,38,54.1,5,,Coming off a breakout season where he produced All-Star level numbers. But will all the new additions cut his usage significantly?,Keyonte George
59,Ryan Rollins,MIL,MIL,62,0.257,60,76.4,5,"role: murky, competing","Steals, 3s and efficient shooting in last year’s breakout, which came with Antetokounmpo out. Tyler Herro is in town, while Kevin Porter Jr. and Brayden Burries are competing for the same minutes, which makes the role murky.",Ryan Rollins
60,Tyler Herro,MIL,MIL,41,1.044,58,69.1,5,,"3-point volume and an excellent free-throw percentage, now with the highest usage of his career as a lead playmaker. That also means the most turnovers of his career, and he gives you nothing defensively.",Tyler Herro
61,Cameron Boozer,MEM,MEM,43,1.022,65,55.9,6,,"The best-positioned rookie on the board and the market is climbing toward him. The caution is that rookie inefficiency and turnovers are charged at full price here, which is not true in points formats.",Cameron Boozer
62,Pascal Siakam,IND,IND,86,-0.487,55,50.0,6,role: fewer possessions,"Good field-goal percentage, low turnovers for his usage and reliable steals. Haliburton’s return means fewer possessions but the efficiency should hold. Dependable, unexciting category inventory.",Pascal Siakam
63,Stephon Castle,SAS,SAS,181,-2.753,76,53.8,6,role: faller,"A category-league faller. His two weaknesses, shooting efficiency and turnovers, are the two things this format punishes hardest. The steals and assists are positives, though.",Stephon Castle
64,Zach Edey,MEM,MEM,66,0.077,64,76.2,6,"health: foot injury, injur, lost season","Excellent per-minute rebounding, blocks and field-goal percentage, coming off a lost season with a foot injury. A 30-minute role would mean he crushes this ranking.",Zach Edey
65,Ivica Zubac,IND,IND,83,-0.347,66,63.3,6,,Zubac provides solid center stats and should get great looks from Tyrese Haliburton. A lack of consistent shot-blocking drops him to a mid-round player relative to other bigs.,Ivica Zubac
66,Joel Embiid,PHI,PHI,22,2.292,46,50.1,6,role: fewer minutes,"Elite free-throw shooting on heavy attempts, blocks and a strong field-goal percentage. When he plays he wins categories outright. Philadelphia’s upgrades mean fewer minutes but less reason to push him. High-variance swing.",Joel Embiid
67,Julius Randle,BKN,BKN,112,-1.074,74,68.8,6,,"Rebounds, assists and a good free-throw percentage, likely leading Brooklyn in combined points and assists. However, there isn’t much for defensive production.",Julius Randle
68,Coby White,CHA,CHA,100,-0.929,70,88.6,6,"health: calf, availability","3-point volume and a good free-throw percentage as the unambiguous starting point guard in Charlotte. However, a calf strain makes his availability for the start of the season unclear – the same calf that hampered him last year.",Coby White
69,Dyson Daniels,ATL,ATL,9,3.714,69,64.5,6,,The steals are still the point even after last year’s historic total didn’t repeat. Solid field-goal percentage. No 3s and a weak free-throw line.,Dyson Daniels
70,Jaden McDaniels,MIN,MIN,54,0.568,80,91.3,6,,Steals and blocks together from a forward with a solid field-goal percentage and improving 3-point shooting. LaMelo Ball running the offense should make the looks easier.,Jaden McDaniels
71,Ausar Thompson,DET,DET,67,0.074,78,83.7,6,,"One of the best steal-plus-block combinations in the NBA on a per-minute basis. Shooting outside of the paint is a concern, but there’s higher upside than this just on the potential for a bigger workload.",Ausar Thompson
72,Naz Reid,CHA,CHA,94,-0.812,81,62.7,6,,"3s, blocks and a good field-goal percentage from a big who should finally clear 30 minutes as a starting power forward.",Naz Reid
73,Kel'el Ware,MIL,MIL,84,-0.394,77,75.6,7,,"Blocks, field-goal percentage, rebounds and a bit of stretch shooting from a big. On a rebuilding Milwaukee team, the minutes should come.",Kel’el Ware
74,De'Aaron Fox,SAS,SAS,55,0.505,71,80.2,7,health: injur,"Dealt with injuries, though still provided solid point-guard stats. Stephon Castle and Dylan Harper have eaten into the usage, but Fox is still a bounce-back candidate.",De’Aaron Fox
75,Damian Lillard,POR,POR,93,-0.627,57,68.3,7,"health: injur, age; role: crowded","Elite free-throw percentage and 3-point volume even in decline, which keeps him relevant here longer than in points formats. The bigger questions are the combination of age, injury and role in a crowded Portland backcourt.",Damian Lillard
76,Caleb Wilson,CHI,CHI,119,-1.297,94,79.5,7,,"The rookie is expected to start and play 30 minutes, and he has the tools to fill steals and blocks. Rookie shooting percentages are a cost in this format, unlike in points leagues.",Caleb Wilson
77,Dylan Harper,SAS,SAS,171,-2.487,97,82.4,7,role: logjam,"A playoff breakout at 22.6 minutes as a rookie, with steals and good efficiency for a first-year guard. San Antonio’s backcourt logjam is the obstacle.",Dylan Harper
78,Alex Sarr,WAS,WAS,78,-0.178,72,71.2,7,,"Blocks and stretch shooting are both category assets, which makes him more interesting here than in points formats. But a reshaped roster means fewer opportunities for the third-year big.",Alex Sarr
79,Paul George,BOS,BOS,51,0.646,68,80.5,7,health: absences,"Absences have piled up for George recently, and he’s not getting any younger. But his stats translate well to fantasy, as a low-turnover 3-and-D player who can create when needed.",Paul George
80,Mikal Bridges,NYK,NYK,56,0.48,63,81.0,7,,"The most durable player in basketball comprised over 82 games. 3s, steals, a good field-goal percentage and almost no turnovers.",Mikal Bridges
81,Ja Morant,POR,POR,138,-1.664,106,90.0,7,role: cloudiness,"Morant is walking into a situation where he is no longer the franchise player, giving his role some cloudiness it didn’t have previously. He’s also struggled to stay healthy.",Ja Morant
82,Zion Williamson,NOP,NOP,98,-0.89,79,67.9,7,role: faller,"A category faller. Elite field-goal percentage is the primary driver, but it’s paired with a poor free-throw line, no 3s and heavy turnovers. Sixty-two games last year is encouraging but not the norm.",Zion Williamson
83,Ty Jerome,MEM,MEM,50,0.655,89,115.1,7,role: minutes projection,"Outstanding efficiency from the field and the line with 3-point volume and very few turnovers, all in 15 healthy games last year. The talent is obvious but the minutes projection is a guess.",Ty Jerome
84,Payton Pritchard,BOS,BOS,65,0.089,73,80.9,7,role: fewer shots,"3-point volume that rivals starters, a strong free-throw percentage and almost no turnovers. Jayson Tatum’s return and Paul George’s arrival mean fewer shots, but the shooting categories are what you’re buying and they don’t need volume the way points leagues do.",Payton Pritchard
85,VJ Edgecombe,PHI,PHI,110,-1.054,75,74.5,8,,"Steals and 3-point volume from a sophomore with secure minutes. Philadelphia’s offseason makes a big usage leap unlikely, but the category contributions don’t require one.",VJ Edgecombe
86,Jalen Suggs,ORL,ORL,80,-0.26,92,107.6,8,,A defense-first floor general whose stats translate well to category formats. Staying healthy is the biggest hurdle.,Jalen Suggs
87,Derik Queen,NOP,NOP,162,-2.407,119,84.2,8,,"Eighty-one games as a rookie with good field-goal percentage, rebounds and passing for a big. The turnovers are heavy. New Orleans’ frontcourt minutes are the only obstacle.",Derik Queen
88,Josh Hart,NYK,NYK,53,0.58,84,95.9,8,,"Rebounds, assists and steals from a wing, with his new 3-point accuracy now a category asset. The free-throw line is a weak spot, and the minutes dipped last year.",Josh Hart
89,Immanuel Quickley,TOR,TOR,109,-1.041,85,96.2,8,,"Provides typical point guard stats in a stable role, though there’s no lack of other offensive options in Toronto. A safe floor, but not much of a ceiling.",Immanuel Quickley
90,Cedric Coward,MEM,MEM,140,-1.723,88,87.3,8,,"Sophomore breakout candidate with efficient 3-point shooting and steals, and more minutes coming on a young Memphis roster.",Cedric Coward
91,Jarrett Allen,CLE,CLE,61,0.267,83,69.0,8,,"Minutes and production have been on the decline, but he’s still a nightly efficient double-double threat.",Jarrett Allen
92,Day'Ron Sharpe,BKN,BKN,71,-0.072,90,94.7,8,,"Elite rebounding rate, efficient interior scoring and useful steals for a big. Expected to start at center. The free-throw line and the historical minutes cap are the risks.",Day’Ron Sharpe
93,Rudy Gobert,MIN,MIN,87,-0.498,87,73.6,8,,"Gobert doesn’t put up the volume numbers he used to, but he’s been durable and his role is extremely secure.",Rudy Gobert
94,John Collins,DET,DET,74,-0.126,98,116.1,8,,Replacing Tobias Harris should mean more minutes and touches than he had with the Clippers.,John Collins
95,CJ McCollum,ATL,ATL,132,-1.586,107,108.7,8,,"3s, good percentages from the field and the line, and low turnovers in a defined backcourt role. Steady rather than interesting.",CJ McCollum
96,Darryn Peterson,UTA,UTA,143,-1.943,130,103.2,8,,"The No. 2 pick starting at shooting guard means volume, but how much volume is there on a revamped Jazz roster? However, a reliable 3-pointer means his floor is fairly high.",Darryn Peterson
97,Darius Acuff,SAC,SAC,190,-2.966,159,109.6,9,,A rookie point guard expected to start on a rebuilding team. Potential turnovers and the rookie field-goal percentage are exactly what this format charges for. Better in points leagues for that reason.,Darius Acuff Jr.
98,Ayo Dosunmu,MIN,MIN,156,-2.289,110,113.0,9,,Good field-goal percentage and steals with scoring and assists in an expanded role. Earned a five-year deal.,Ayo Dosunmu
99,Ajay Mitchell,OKC,OKC,73,-0.106,109,117.4,9,role: sixth man,Efficient from the field and the line in line for more usage after Oklahoma City’s wing exodus. Sixth Man candidate with starter upside.,Ajay Mitchell
100,Andrew Wiggins,MIA,MIA,145,-2.019,93,98.7,9,,"A quietly useful category line: 3s, steals, blocks and a fine field-goal percentage as the third option behind Antetokounmpo and Adebayo.",Andrew Wiggins
101,AJ Dybantsa,WAS,WAS,173,-2.528,96,79.1,9,"role: usage competition, faller","A category faller. The No. 1 pick’s self-creation is real, but efficiency could be a first-year issue. Usage competition with Trae Young and Anthony Davis compounds it.",AJ Dybantsa
102,Keegan Murray,SAC,SAC,106,-1.008,101,120.0,9,,"3s, a decent field-goal percentage, blocks and very low turnovers from a forward. Murray appeared in just 23 games last year. A healthy season during Sacramento’s rebuild should mean shots.",Keegan Murray
103,Myles Turner,MIL,MIL,89,-0.586,108,100.5,9,role: riser,"Blocks and 3s from a center with a strong free-throw percentage is a premium category identity, which makes him a clear riser relative to points formats. A rough first year in Milwaukee and an unsettled roster are the reasons drafters are split.",Myles Turner
104,Miles Bridges,PHX,PHX,124,-1.432,95,98.8,9,role: role is modest,"3s and a good free-throw percentage from a secure starting forward, third in line behind Devin Booker and Jalen Green. The defensive stats are thin and the role is modest.",Miles Bridges
105,Jakob Poeltl,TOR,TOR,123,-1.432,123,121.8,9,health: back issue,Quality big-man stat profile. A back issue limited him to 46 games and 25 minutes last year.,Jakob Poeltl
106,Jabari Smith Jr,HOU,HOU,114,-1.076,100,93.8,9,,"Finding shots behind Kevin Durant, Alperen Sengun, Amen Thompson and Fred VanVleet is the ceiling problem, but Smith has a high floor as a role player.",Jabari Smith Jr.
107,Toumani Camara,POR,POR,85,-0.408,148,110.9,9,role: riser,"A significant category riser. Steals, blocks, 3s and a solid field-goal percentage from a starting 3-and-D forward is close to the ideal late-round roster filler.",Toumani Camara
108,Nic Claxton,CHI,CHI,60,0.307,91,89.8,9,"health: hamstring, injur, availability","Elite field-goal percentage, blocks and steals. The free-throw percentage is among the worst at the position and there are no 3s. Chicago acquired him to play him, which is the case for the minutes to rise. Availability is unclear to begin the season due to a hamstring injury.",Nicolas Claxton
109,Collin Murray-Boyles,TOR,TOR,90,-0.611,117,114.7,10,,"Steals, blocks and a strong field-goal percentage from a versatile forward. No 3s and a shaky free-throw line. The question is how many minutes exist for him.",Collin Murray-Boyles
110,Kevin Porter Jr,MIL,MIL,233,-3.842,131,119.6,10,role: murky,"Assists and 3s with career-best numbers in 38 games. Milwaukee then added Tyler Herro and Brayden Burries while Ryan Rollins kept improving, so Porter Jr.’s role is murky.",Kevin Porter Jr.
111,Jaime Jaquez Jr,MIL,MIL,240,-4.012,135,111.5,10,,"Well-rounded offensive line in a breakout last season, with the inside track on forward minutes in a wide-open rotation. The lack of 3s is the limiter.",Jaime Jaquez Jr.
112,Norman Powell,CHI,CHI,88,-0.558,86,92.8,10,,"Two straight 20-point seasons on excellent efficiency from the field, the line and behind the arc. That shooting package plays in category leagues, even though he contributes little else.",Norman Powell
113,Jalen Green,PHX,PHX,142,-1.763,144,102.2,10,role: faller,"A clear category faller. He scores in bursts on poor field-goal percentage with little defensive production, which is the profile this format treats worst.",Jalen Green
114,RJ Barrett,TOR,TOR,204,-3.179,128,112.4,10,role: faller,"A category faller. A nightly 20-point scorer with a weak free-throw percentage, few 3s, and almost no defensive stats. Very little of what he does registers here.",RJ Barrett
115,DeMar DeRozan,DEN,DEN,167,-2.457,127,107.4,10,"role: cloudy, sixth man","Elite free-throw percentage, a good field-goal percentage and very low turnovers taking clean looks from Nikola Jokić. The role is somewhat cloudy on a new team, but DeRozan has the inside track to be Denver’s sixth man.",DeMar DeRozan
116,Peyton Watson,CLE,CLE,150,-2.125,99,114.9,10,,"A breakout 3-and-D wing who now has a starting job. Usage will be hard to come by, but the category contributions don’t need much of it.",Peyton Watson
117,Isaiah Hartenstein,OKC,OKC,104,-0.975,115,104.2,10,health: calf,"Field-goal percentage, rebounds, assists and steals from a center. Calf issues and Oklahoma City’s depth are the limits, but the well-rounded line fills gaps.",Isaiah Hartenstein
118,Khaman Maluach,PHX,PHX,199,-3.126,105,118.8,10,health: out a chunk; role: path to,"With Mark Williams out a chunk of the season, Maluach has a real path to the starting job after an impressive Summer League. Speculative, but a double-double with two blocks is a live outcome.",Khaman Maluach
119,Kyshawn George,WAS,WAS,146,-2.043,134,119.7,10,role: hard to project,"Broke out as a two-way threat in Year 2. Washington’s roster got much busier, which makes the role hard to project.",Kyshawn George
120,Brandon Ingram,LAC,LAC,120,-1.311,67,67.1,10,health: achilles,"A clear top-two option in LA after the Kawhi Leonard trade. He can easily provide 25/5/5, but modest 3-and-D contributions bring his category league value down. More importantly, he’s got a partially torn Achilles, and his return timetable is unclear.",Brandon Ingram
121,Tari Eason,HOU,HOU,113,-1.075,150,116.9,11,,"Steals, blocks and rebounds at one of the best per-minute rates in the league, trapped in a deep Houston rotation.",Tari Eason
122,Zach LaVine,SAC,SAC,72,-0.076,104,101.4,11,health: missed,"He’s missed 108 games in three years and could be traded into a smaller role, but for now, LaVine is a candidate to lead Sacramento in scoring and do it efficiently.",Zach LaVine
123,Cason Wallace,OKC,OKC,91,-0.614,124,118.1,11,,"A steals specialist who also shoots 3s at a good clip with a strong field-goal percentage and minimal turnovers. Thin offensively, which matters less in category formats. One of the better late-round category values.",Cason Wallace
124,Neemias Queta,BOS,BOS,249,-4.279,103,117.3,11,role: minutes risk,"Field-goal percentage, rebounds and blocks in a breakout season, now sharing the position with Mitchell Robinson. The minutes risk is the reason for the discount.",Neemias Queta
125,Fred VanVleet,HOU,HOU,75,-0.152,139,117.6,11,health: acl; role: crowded,"3s at volume, a good free-throw percentage, steals and assists. He’s a 32-year-old guard coming off a torn ACL into a crowded backcourt.",Fred VanVleet
126,Anthony Black,ORL,ORL,184,-2.796,126,119.1,11,,"With Orlando healthy, the minutes and touches aren’t obviously there, but Black did have a breakout campaign last year.",Anthony Black
127,Brandin Podziemski,GSW,GSW,118,-1.226,118,117.6,11,,"Can provide well-rounded numbers from the shooting guard spot, and is coming off a career year. After Stephen Curry, the offense is mostly open for the taking, and Podziemski could step up.",Brandin Podziemski
128,Kristaps Porzingis,GSW,GSW,48,0.688,137,101.3,11,"health: health, not at, training camp","Should demolish this ranking on a per-game basis, but he’s cleared 65 games twice in his career. He’s not at Warriors training camp as he deals with health issues.",Kristaps Porziņģis
129,PJ Washington,DAL,DAL,77,-0.169,164,116.3,11,role: crowded,"3s, steals and blocks from a dependable starting power forward with seven rebounds a night. A crowded frontcourt gives Washington some downside.",P.J. Washington
130,Devin Vassell,SAS,SAS,126,-1.477,143,115.4,11,,"A source of late-round 3s with a good free-throw percentage, steals and low turnovers. Declining usage on a rising team is the concern.",Devin Vassell
131,Saddiq Bey,NOP,NOP,101,-0.934,132,119.9,11,role: competing,"Coming off a career year and just inked a brand-new contract extension. However, New Orleans has a long line of players competing for the same possessions.",Saddiq Bey
132,Egor Demin,BKN,BKN,210,-3.43,162,118.9,11,role: pecking order,"3-point volume and assists as a rookie, offset by poor interior finishing that tanks the field-goal percentage. Mikel Brown Jr., Julius Randle and Michael Porter Jr. could all be ahead of him in the pecking order.",Egor Dëmin
133,Jeremiah Fears,NOP,NOP,205,-3.203,196,119.3,12,,"Microwave scorer with high usage, but Dejounte Murray’s return and Bennedict Mathurin’s arrival make a leap harder.",Jeremiah Fears
134,Yaxel Lendeborg,GSW,GSW,81,-0.297,129,115.7,12,,A rookie with a chance to start. Lendeborg fits Golden State’s gameplan as a versatile two-way player.,Yaxel Lendeborg
135,Collin Gillespie,PHX,PHX,102,-0.958,112,122.8,12,role: off the bench,"3s, a strong free-throw percentage and low turnovers. With Phoenix healthy he probably comes off the bench, but a shooting specialist off the bench still moves categories.",Collin Gillespie
136,Reed Sheppard,HOU,HOU,103,-0.966,141,121.2,12,role: path to,"Houston added Marcus Smart and got Fred VanVleet back, so the path to minutes narrowed for Sheppard. His stats translate in category formats, though.",Reed Sheppard
137,Aaron Gordon,DEN,DEN,96,-0.82,152,111.6,12,health: injur,Field-goal percentage and improving 3-point volume alongside Nikola Jokić and Jamal Murray. Safe role and good chemistry; injuries are the recurring issue.,Aaron Gordon
138,Rui Hachimura,LAC,LAC,165,-2.435,121,117.9,12,health: out indefinitely,"With Brandon Ingram out indefinitely, Hachimura steps into a role as likely the No. 2 option behind Darius Garland. Career-high numbers could be on the way.",Rui Hachimura
139,Quentin Grimes,LAL,LAL,169,-2.484,111,120.7,12,role: competing,"3s, a good free-throw percentage and steals as a release valve for Luka Dončić and Austin Reaves. Competing to be the third option, which is where the upside is.",Quentin Grimes
140,Davion Mitchell,MIA,MIA,182,-2.759,102,117.6,12,,Assists with a tiny turnover rate and improved 3-point accuracy in a safe role. The turnover category alone makes him more useful here than his counting stats suggest.,Davion Mitchell
141,Sandro Mamukelashvili,LAL,LAL,82,-0.342,136,119.3,12,,Efficient per-minute producer with sixth-man upside on a Lakers team with sketchy frontcourt depth.,Sandro Mamukelashvili
142,Andrew Nembhard,IND,IND,164,-2.41,113,114.3,12,,"Nembhard posted 16.9 points and 7.7 assists with Tyrese Haliburton out last season; treat that as a ceiling, not a baseline.",Andrew Nembhard
143,Christian Braun,DEN,DEN,95,-0.818,173,119.6,12,health: injur,"Injuries held Braun back last year, but assuming he’s back in full form, he can crack the top-100.",Christian Braun
144,Daniel Gafford,DAL,DAL,137,-1.625,116,123.4,12,health: injur,"With Dereck Lively II continuing to deal with injury issues, Gafford makes for a solid starting center.",Daniel Gafford
145,Cam Johnson,DEN,DEN,115,-1.093,,112.5,13,,"His counting stats collapsed in Denver while the shooting held up, which is a season that grades far better here than in points leagues.",Cameron Johnson
146,Isaiah Jackson,LAC,LAC,289,-5.655,,,13,,"It appears Jackson will be starting at center for the Clippers, giving him interesting upside as a big who could average a double-double with two blocks.",Isaiah Jackson
147,Paul Reed,DET,DET,99,-0.895,161,113.4,13,,Reed is one of the best per-minute big men in the NBA and will be the primary backup behind Jalen Duren.,Paul Reed
148,Jrue Holiday,POR,POR,92,-0.623,146,115.5,13,health: age,"Steals, 3s, a good free-throw percentage and low turnovers, which keeps him relevant here well after the scoring has faded. Age 36 with Ja Morant and Damian Lillard added ahead of him.",Jrue Holiday
149,Mikel Brown,BKN,BKN,254,-4.347,192,118.1,13,"health: ankle, injur",Brown is dealing with an ankle injury and has yet to play in preseason but should help run Brooklyn’s offense as a rookie.,Mikel Brown Jr.
150,Gui Santos,GSW,GSW,179,-2.73,133,,13,,"Golden State’s wing rotation is thin, and Santos proved at the end of last season that he could put up quality fantasy production.",Gui Santos
