src_rank,player,team_src,team_kit,our_rank,z_adj,yahoo_xrank,yahoo_adp,pos_rank,tier,src_pts,src_tpm,src_reb,src_ast,src_stl,src_blk,src_tov,src_fg_pct,src_ft_pct,src_name
1,Nikola Jokic,DEN,DEN,3,9.969,1,2.0,C1,1,26.4,1.7,12.5,9.8,1.4,0.8,3.3,57.3,82.2,Nikola Jokic
2,Victor Wembanyama,SAS,SAS,2,10.003,2,1.6,PF1,1,25.5,2.1,11.6,3.3,1.0,3.2,2.6,49.5,82.6,Victor Wembanyama
3,Shai Gilgeous-Alexander,OKC,OKC,1,10.306,4,4.4,PG1,1,31.3,1.8,4.3,6.2,1.5,0.8,2.3,54.1,88.5,Shai Gilgeous-Alexander
4,Luka Doncic,LAL,LAL,4,4.77,3,3.7,PG2,1,32.4,3.8,7.7,8.1,1.6,0.5,4.0,47.0,78.2,Luka Doncic
5,Jayson Tatum,BOS,BOS,17,2.517,8,10.4,SF1,2,32.5,3.5,9.1,5.7,1.1,0.4,3.1,45.0,82.0,Jayson Tatum
6,Cade Cunningham,DET,DET,11,3.159,5,6.5,PG3,2,24.2,2.1,5.8,9.5,1.3,0.8,4.0,46.2,82.8,Cade Cunningham
7,Giannis Antetokounmpo,MIA,MIA,59,0.254,10,8.5,PF2,2,29.3,0.3,11.1,6.3,1.0,0.9,3.1,61.3,63.9,Giannis Antetokounmpo
8,Tyrese Maxey,PHI,PHI,5,4.061,6,9.2,PG4,2,25.7,2.8,3.8,6.0,1.6,0.7,2.3,47.0,88.6,Tyrese Maxey
9,Anthony Edwards,MIN,MIN,8,3.845,7,9.5,SG1,2,28.0,3.5,5.5,3.6,1.3,0.7,2.9,47.4,81.3,Anthony Edwards
10,Donovan Mitchell,CLE,CLE,15,2.774,11,14.8,SG2,2,26.7,3.2,4.6,5.5,1.5,0.3,2.6,47.2,85.5,Donovan Mitchell
11,Scottie Barnes,TOR,TOR,35,1.551,17,13.9,SF2,2,18.4,1.0,7.4,5.8,1.4,1.3,2.6,48.4,79.1,Scottie Barnes
12,Tyrese Haliburton,IND,IND,27,2.095,9,17.8,PG5,2,17.4,2.6,3.5,9.3,1.2,0.6,1.7,47.5,85.2,Tyrese Haliburton
13,Cooper Flagg,DAL,DAL,14,2.806,12,10.0,PF3,2,22.4,1.1,6.5,5.1,1.2,0.9,2.3,46.8,82.8,Cooper Flagg
14,Jalen Johnson,ATL,ATL,28,2.083,13,12.5,PF4,2,20.7,1.5,9.7,6.8,1.2,0.6,3.1,49.5,78.1,Jalen Johnson
15,Karl-Anthony Towns,NYK,NYK,6,4.026,16,15.0,PF5,3,20.9,1.6,12.2,3.0,0.9,0.7,2.5,50.9,85.2,Karl-Anthony Towns
16,Kevin Durant,HOU,HOU,31,1.964,14,17.3,PF6,3,25.1,2.2,5.3,3.8,0.8,0.9,2.9,52.3,86.3,Kevin Durant
17,Austin Reaves,LAL,LAL,18,2.493,18,21.9,SG3,3,24.6,2.4,4.6,6.8,1.1,0.4,2.9,48.1,87.0,Austin Reaves
18,Jamal Murray,DEN,DEN,26,2.099,15,20.2,PG6,3,22.1,2.8,4.3,6.5,1.0,0.5,2.2,48.0,88.4,Jamal Murray
19,Trey Murphy III,NOP,NOP,21,2.423,24,39.5,SF3,3,20.8,3.0,5.4,3.6,1.3,0.5,1.8,46.2,87.7,Trey Murphy III
20,Kawhi Leonard,TOR,TOR,25,2.106,35,27.3,SF4,3,24.1,2.3,6.1,3.6,1.8,0.4,2.0,50.6,87.4,Kawhi Leonard
21,LaMelo Ball,MIN,MIN,42,1.06,20,25.0,PG7,3,21.5,3.8,5.3,7.9,1.4,0.3,3.2,41.0,87.4,LaMelo Ball
22,Stephen Curry,GSW,GSW,12,2.912,22,24.5,PG8,3,25.4,4.4,3.9,5.2,1.2,0.4,2.9,45.9,92.6,Stephen Curry
23,Amen Thompson,HOU,HOU,30,1.98,28,24.1,SG4,3,15.5,0.3,7.3,4.0,1.4,0.8,2.1,54.0,74.6,Amen Thompson
24,Evan Mobley,CLE,CLE,19,2.471,29,30.2,PF7,3,18.3,1.1,9.2,3.6,0.8,1.7,2.0,55.4,70.0,Evan Mobley
25,Chet Holmgren,OKC,OKC,10,3.463,31,26.3,C2,3,16.3,1.3,8.3,1.6,0.7,1.8,1.5,53.5,78.3,Chet Holmgren
26,Walker Kessler,LAL,LAL,37,1.388,40,36.2,C3,3,14.0,0.2,11.7,1.8,0.8,2.2,1.6,66.3,55.9,Walker Kessler
27,Bam Adebayo,MIA,MIA,33,1.769,42,30.7,C4,4,19.4,1.4,9.8,3.6,1.2,0.7,1.8,46.4,77.1,Bam Adebayo
28,Derrick White,BOS,BOS,24,2.163,39,46.8,SG5,4,17.1,3.1,4.4,5.0,1.0,1.1,1.8,44.0,88.5,Derrick White
29,Lauri Markkanen,UTA,UTA,49,0.71,33,39.9,PF8,4,20.2,2.6,5.9,1.8,0.9,0.4,1.3,46.1,89.1,Lauri Markkanen
30,James Harden,CLE,CLE,36,1.533,23,36.1,SG6,4,20.8,2.7,4.9,7.6,1.2,0.5,3.3,42.6,88.1,James Harden
31,Anthony Davis,WAS,WAS,7,3.899,43,37.2,C5,4,20.4,0.6,10.1,2.8,1.0,1.8,2.1,52.0,76.8,Anthony Davis
32,Brandon Miller,CHA,CHA,60,0.238,32,47.2,SF5,4,23.1,3.5,4.7,3.4,1.0,0.7,2.5,42.6,87.7,Brandon Miller
33,Devin Booker,PHX,PHX,13,2.873,26,27.8,SG7,4,25.5,2.0,4.0,6.3,0.9,0.3,3.0,46.2,88.1,Devin Booker
34,Donovan Clingan,POR,POR,119,-1.206,54,40.6,C6,4,11.0,0.9,11.2,2.2,0.6,1.9,1.3,52.5,65.6,Donovan Clingan
35,Jalen Duren,DET,DET,58,0.334,25,35.3,C7,4,17.2,0.0,10.6,2.3,0.8,1.0,1.9,65.6,73.7,Jalen Duren
36,Jalen Williams,OKC,OKC,29,2.024,37,42.9,SF6,4,19.4,1.3,4.8,5.0,1.4,0.4,2.0,49.3,81.5,Jalen Williams
37,Desmond Bane,ORL,ORL,38,1.279,34,53.1,SF7,4,19.1,2.0,4.7,4.3,1.1,0.4,2.1,48.1,90.0,Desmond Bane
38,Josh Giddey,CHI,CHI,32,1.954,19,24.6,SG8,4,16.9,1.8,8.0,8.6,1.1,0.6,3.5,45.6,77.4,Josh Giddey
39,Trae Young,WAS,WAS,41,1.082,21,26.8,PG9,4,19.1,2.1,2.6,8.4,0.9,0.2,3.8,42.8,85.8,Trae Young
40,Franz Wagner,ORL,ORL,69,-0.009,53,53.5,SF8,4,22.0,1.5,5.4,4.1,1.1,0.3,2.0,47.4,84.6,Franz Wagner
41,Alperen Sengun,HOU,HOU,57,0.381,27,18.0,C8,4,19.5,0.5,9.3,5.6,1.1,1.0,3.0,51.5,69.2,Alperen Sengun
42,Onyeka Okongwu,ATL,ATL,45,0.98,51,54.9,C9,4,14.1,1.5,7.6,2.7,1.0,1.0,1.5,51.7,76.3,Onyeka Okongwu
43,Kyrie Irving,DAL,DAL,16,2.733,36,52.1,PG10,5,21.8,2.4,4.0,4.4,1.1,0.4,1.9,48.1,91.2,Kyrie Irving
44,OG Anunoby,NYK,NYK,44,0.988,52,66.0,SF9,5,17.0,2.3,5.2,2.1,1.5,0.9,1.6,48.2,81.6,OG Anunoby
45,Jalen Brunson,NYK,NYK,47,0.846,30,22.5,PG11,5,25.9,2.5,3.2,6.9,0.8,0.1,2.4,47.4,83.7,Jalen Brunson
46,Domantas Sabonis,SAC,SAC,20,2.456,41,29.5,C10,5,16.9,0.7,12.4,5.1,0.8,0.3,2.8,57.4,73.8,Domantas Sabonis
47,LeBron James,PHI,PHI,144,-1.779,44,39.6,SF10,5,19.1,1.5,6.6,7.0,1.1,0.6,3.0,51.7,75.2,LeBron James
48,Jaren Jackson Jr,UTA,UTA,34,1.695,47,51.0,PF9,5,19.4,1.7,5.2,1.9,1.1,1.2,2.0,47.5,79.7,Jaren Jackson Jr.
49,Joel Embiid,PHI,PHI,22,2.261,46,50.7,C11,5,23.0,1.1,7.2,3.7,0.5,1.0,2.7,47.9,86.7,Joel Embiid
50,Matas Buzelis,CHI,CHI,79,-0.271,82,59.3,SF11,5,17.2,2.2,5.9,2.0,0.7,1.6,2.1,46.0,79.6,Matas Buzelis
51,Cameron Boozer,MEM,MEM,46,0.979,65,58.2,PF10,5,18.1,1.5,9.2,3.2,1.1,0.9,2.3,46.6,74.3,Cameron Boozer
52,Deni Avdija,POR,POR,71,-0.064,48,38.8,SF12,5,18.9,1.9,7.2,4.9,0.9,0.6,3.5,47.2,79.0,Deni Avdija
53,Dyson Daniels,ATL,ATL,9,3.697,69,61.6,PG12,5,11.3,0.5,5.8,4.9,2.0,0.5,1.7,50.1,61.4,Dyson Daniels
54,Paul George,BOS,BOS,51,0.629,68,81.1,SF13,5,16.7,2.8,5.1,3.6,1.4,0.4,2.0,44.0,83.4,Paul George
55,Nickeil Alexander-Walker,ATL,ATL,105,-0.983,50,60.2,SG9,5,16.1,2.6,3.2,3.3,1.0,0.5,1.7,45.2,87.1,Nickeil Alexander-Walker
56,Darius Garland,LAC,LAC,23,2.173,56,64.2,PG13,5,19.5,2.5,2.6,7.2,1.1,0.2,2.7,46.2,86.5,Darius Garland
57,Jaden McDaniels,MIN,MIN,54,0.524,80,87.4,PF11,5,15.2,1.3,4.9,2.5,1.2,1.1,1.6,50.1,81.6,Jaden McDaniels
58,Dejounte Murray,NOP,NOP,75,-0.168,59,71.1,SG10,5,15.6,1.3,5.7,6.1,1.6,0.3,3.1,43.2,83.3,Dejounte Murray
59,Michael Porter Jr,BKN,BKN,48,0.84,49,61.2,SF14,5,18.7,3.0,5.8,2.5,0.9,0.4,1.9,47.6,83.8,Michael Porter Jr.
60,Paolo Banchero,ORL,ORL,133,-1.596,61,34.3,PF12,6,23.6,1.4,8.1,5.2,0.8,0.6,3.1,45.6,75.5,Paolo Banchero
61,Zach Edey,MEM,MEM,70,-0.023,64,74.1,C12,6,11.4,0.3,10.3,1.2,0.6,1.5,1.8,60.2,73.9,Zach Edey
62,Jaylen Brown,PHI,PHI,136,-1.635,45,28.5,SG11,6,22.7,1.7,5.8,4.2,1.1,0.4,3.4,47.6,77.7,Jaylen Brown
63,Keyonte George,UTA,UTA,117,-1.14,38,56.0,SG12,6,20.3,2.4,3.5,5.8,1.0,0.2,2.8,43.1,87.1,Keyonte George
64,Stephon Castle,SAS,SAS,97,-0.858,76,55.1,SG13,6,16.2,1.2,4.8,6.2,1.1,0.3,2.8,45.6,73.2,Stephon Castle
65,Kel'el Ware,MIL,MIL,39,1.15,77,72.4,C13,6,9.5,0.9,7.5,0.7,0.6,1.0,0.8,53.8,72.2,Kel'el Ware
66,Naz Reid,CHA,CHA,99,-0.874,81,63.6,C14,6,15.1,2.5,6.5,2.3,0.9,1.0,1.7,46.0,74.6,Naz Reid
67,Ivica Zubac,IND,IND,86,-0.446,66,65.4,C15,6,15.4,0.0,10.9,2.5,0.4,1.0,1.6,61.5,70.0,Ivica Zubac
68,De'Aaron Fox,SAS,SAS,55,0.495,71,80.1,PG14,6,18.9,1.7,3.9,6.0,1.3,0.3,2.3,47.6,78.0,De'Aaron Fox
69,Alex Sarr,WAS,WAS,80,-0.287,72,69.9,PF13,6,14.7,1.1,6.8,2.5,0.7,1.7,1.7,45.1,68.7,Alex Sarr
70,Pascal Siakam,IND,IND,89,-0.511,55,48.8,PF14,6,22.2,1.6,6.5,3.6,1.0,0.4,1.8,49.9,70.8,Pascal Siakam
71,Ty Jerome,MEM,MEM,50,0.658,89,107.4,PG15,6,17.5,2.2,3.1,5.0,1.4,0.1,2.0,49.8,87.6,Ty Jerome
72,Payton Pritchard,BOS,BOS,65,0.084,73,78.7,PG16,6,16.6,3.0,3.9,5.8,0.7,0.1,1.3,46.7,87.5,Payton Pritchard
73,Jarrett Allen,CLE,CLE,62,0.197,83,71.9,C16,6,14.7,0.0,9.0,1.8,1.0,0.9,1.3,65.6,71.6,Jarrett Allen
74,Kon Knueppel,CHA,CHA,108,-1.004,62,39.3,SG14,6,19.7,3.4,5.0,3.2,0.7,0.2,1.9,47.5,86.3,Kon Knueppel
75,Tyler Herro,MIL,MIL,43,1.059,58,67.3,SG15,6,20.5,2.9,4.6,4.6,0.7,0.3,2.3,47.1,89.4,Tyler Herro
76,Dylan Harper,SAS,SAS,172,-2.523,97,84.0,PG17,6,16.5,1.3,4.8,5.1,1.1,0.4,2.0,50.5,75.5,Dylan Harper
77,Coby White,CHA,CHA,101,-0.934,70,88.0,SG16,6,21.2,3.3,4.2,4.8,0.8,0.2,3.1,44.9,84.3,Coby White
78,Caleb Wilson,CHI,CHI,150,-2.133,94,79.3,PF15,7,15.2,1.0,8.5,2.9,1.2,1.1,1.9,51.0,72.8,Caleb Wilson
79,Ausar Thompson,DET,DET,68,0.017,78,89.5,SF15,7,10.4,0.1,6.0,3.0,2.0,1.0,1.6,52.2,59.2,Ausar Thompson
80,Zion Williamson,NOP,NOP,103,-0.957,79,70.0,PF16,7,21.3,0.0,5.8,3.9,1.0,0.6,2.2,58.6,69.7,Zion Williamson
81,Norman Powell,CHI,CHI,90,-0.573,86,93.0,SG17,7,23.1,2.7,3.2,2.3,1.0,0.2,1.9,47.6,82.3,Norman Powell
82,Rudy Gobert,MIN,MIN,93,-0.65,87,73.3,C17,7,10.4,0.0,10.6,1.6,0.8,1.4,1.2,67.6,58.3,Rudy Gobert
83,Ryan Rollins,MIL,MIL,174,-2.574,60,76.0,SG18,7,13.9,2.0,3.7,4.5,1.3,0.4,2.2,48.0,79.2,Ryan Rollins
84,Damian Lillard,POR,POR,91,-0.633,57,69.4,PG18,7,16.6,2.5,3.5,5.0,1.0,0.2,2.4,44.0,92.1,Damian Lillard
85,Immanuel Quickley,TOR,TOR,110,-1.049,85,96.9,PG19,7,16.4,2.5,3.9,5.8,1.1,0.1,1.5,43.5,84.0,Immanuel Quickley
86,Day'Ron Sharpe,BKN,BKN,74,-0.146,90,94.3,C18,7,11.1,0.2,8.3,2.8,1.3,0.8,2.1,57.3,68.8,Day'Ron Sharpe
87,Mikal Bridges,NYK,NYK,56,0.464,63,79.3,SF16,7,15.2,1.9,3.7,3.6,1.2,0.7,1.2,47.0,82.1,Mikal Bridges
88,Julius Randle,BKN,BKN,115,-1.099,74,67.6,PF17,7,19.1,1.4,6.3,4.7,0.9,0.2,2.8,48.1,80.2,Julius Randle
89,Keegan Murray,SAC,SAC,111,-1.055,101,120.7,PF18,7,13.3,1.8,6.0,1.5,0.9,1.2,1.0,43.6,80.5,Keegan Murray
90,Andrew Wiggins,MIA,MIA,146,-2.064,93,103.1,SF17,8,16.1,2.0,4.6,2.7,1.1,0.9,1.5,46.4,77.2,Andrew Wiggins
91,Cedric Coward,MEM,MEM,140,-1.755,88,91.3,SG19,8,14.2,1.6,6.0,2.9,0.7,0.5,1.8,47.1,84.6,Cedric Coward
92,Khaman Maluach,PHX,PHX,201,-3.262,105,120.5,C19,8,8.5,0.6,8.1,0.3,0.3,1.6,1.2,53.4,71.3,Khaman Maluach
93,Nic Claxton,BKN,CHI,63,0.186,91,91.0,C20,8,12.7,0.1,7.4,3.5,0.8,1.4,1.4,57.7,58.3,Nicolas Claxton
94,Josh Hart,NYK,NYK,53,0.556,84,96.0,SF18,8,12.2,1.4,8.3,5.1,1.3,0.3,2.0,50.3,75.1,Josh Hart
95,VJ Edgecombe,PHI,PHI,113,-1.087,75,74.8,SG20,8,13.1,1.9,5.7,4.0,1.4,0.5,1.8,43.8,81.7,VJ Edgecombe
96,Neemias Queta,BOS,BOS,252,-4.383,103,112.6,C21,8,9.7,0.0,7.7,1.5,0.7,1.2,1.0,65.2,71.5,Neemias Queta
97,Collin Murray-Boyles,TOR,TOR,95,-0.704,117,115.9,PF19,8,10.5,0.3,6.2,2.1,1.0,1.0,1.2,57.9,70.0,Collin Murray-Boyles
98,Yaxel Lendeborg,GSW,GSW,122,-1.329,129,116.4,PF20,8,14.3,1.3,6.9,2.9,0.9,1.0,1.8,44.7,76.5,Yaxel Lendeborg
99,Jalen Suggs,ORL,ORL,82,-0.292,92,111.1,SG21,8,14.1,2.1,3.9,4.8,1.7,0.8,2.6,43.2,85.0,Jalen Suggs
100,Ajay Mitchell,OKC,OKC,73,-0.114,109,114.3,PG20,8,12.3,0.9,2.7,2.8,1.0,0.2,1.2,48.7,86.4,Ajay Mitchell
101,Darryn Peterson,UTA,UTA,176,-2.587,130,98.4,SG22,8,14.3,2.1,4.4,4.2,1.1,0.3,1.8,46.2,78.2,Darryn Peterson
102,Isaiah Hartenstein,OKC,OKC,112,-1.057,115,105.3,C22,9,9.8,0.0,9.4,3.4,0.9,0.8,1.6,61.1,64.2,Isaiah Hartenstein
103,AJ Dybantsa,WAS,WAS,175,-2.576,96,77.3,SF19,9,13.5,1.4,5.0,3.0,1.2,0.5,1.6,46.3,78.0,AJ Dybantsa
104,Myles Turner,MIL,MIL,40,1.091,108,99.0,C23,9,12.7,2.0,5.4,1.4,0.7,1.6,1.4,46.3,75.7,Myles Turner
105,Cam Johnson,DEN,DEN,61,0.227,,113.2,PF21,9,14.2,2.1,4.0,2.7,0.8,0.4,1.1,47.4,85.4,Cameron Johnson
106,Darius Acuff,SAC,SAC,224,-3.732,159,110.1,PG21,9,15.0,2.2,3.2,4.9,1.1,0.2,1.8,45.2,77.2,Darius Acuff Jr.
107,Jabari Smith Jr,HOU,HOU,116,-1.131,100,95.1,PF22,9,14.4,2.1,6.8,1.6,0.6,0.9,1.3,44.7,79.5,Jabari Smith Jr.
108,Tobias Harris,SAS,SAS,159,-2.352,140,115.0,SF20,9,12.2,1.2,5.0,2.1,0.8,0.5,0.9,47.4,86.6,Tobias Harris
109,Miles Bridges,PHX,PHX,124,-1.456,95,97.9,SF21,9,17.1,1.8,6.0,3.2,0.7,0.5,1.5,45.1,83.8,Miles Bridges
110,Andrew Nembhard,IND,IND,163,-2.433,113,115.8,PG22,9,14.7,1.5,3.0,6.8,1.0,0.2,2.2,45.3,81.9,Andrew Nembhard
111,Fred VanVleet,HOU,HOU,76,-0.168,139,119.5,PG23,9,11.7,2.2,3.1,4.6,1.2,0.4,1.3,38.9,82.9,Fred VanVleet
112,CJ McCollum,ATL,ATL,135,-1.605,107,108.4,PG24,10,19.0,2.6,3.3,3.9,0.8,0.4,1.8,45.2,76.5,CJ McCollum
113,Jalen Green,PHX,PHX,143,-1.778,144,104.4,SG23,10,21.3,2.8,4.6,3.7,1.2,0.3,2.6,42.3,78.7,Jalen Green
114,Cason Wallace,OKC,OKC,92,-0.645,124,117.7,PG25,10,8.1,1.2,3.0,2.4,1.8,0.4,0.9,44.9,80.5,Cason Wallace
115,Egor Demin,BKN,BKN,206,-3.47,162,120.5,PG26,10,10.9,2.5,3.4,3.5,0.9,0.4,1.8,42.0,83.5,Egor Demin
116,Derik Queen,NOP,NOP,168,-2.48,119,78.0,C24,10,12.3,0.3,7.5,3.8,1.1,1.0,2.5,47.3,79.5,Derik Queen
117,John Collins,DET,DET,77,-0.186,98,117.1,PF23,10,15.3,1.3,6.3,1.3,1.0,0.9,1.7,54.2,79.9,John Collins
118,Zach LaVine,SAC,SAC,72,-0.085,104,106.5,SG24,10,19.9,2.6,3.3,3.0,0.8,0.2,2.3,48.7,85.9,Zach LaVine
119,Toumani Camara,POR,POR,87,-0.46,148,112.0,SF22,10,12.3,2.3,5.3,2.3,1.3,0.5,1.6,44.6,72.2,Toumani Camara
120,Sandro Mamukelashvili,LAL,LAL,85,-0.388,136,117.7,PF24,10,12.0,1.6,5.6,1.8,0.8,0.5,0.9,51.2,74.3,Sandro Mamukelashvili
121,PJ Washington,DAL,DAL,78,-0.232,164,117.8,PF25,10,14.0,1.4,6.9,2.0,1.0,1.0,1.7,44.9,69.8,P.J. Washington Jr.
122,Jaime Jaquez Jr,MIL,MIL,237,-4.054,135,103.7,SF23,10,14.3,0.8,5.0,4.3,0.8,0.3,2.1,49.5,77.2,Jaime Jaquez Jr.
123,Devin Vassell,SAS,SAS,126,-1.506,143,116.6,SG25,10,13.5,2.3,3.9,2.4,0.9,0.4,1.0,44.3,81.1,Devin Vassell
124,Peyton Watson,CLE,CLE,153,-2.23,99,116.1,SF24,10,12.2,1.3,4.5,1.8,0.9,1.2,1.4,48.4,71.7,Peyton Watson
125,Pelle Larsson,MIA,MIA,242,-4.217,145,,SG26,10,13.4,1.0,3.7,3.4,0.9,0.3,1.4,48.0,76.9,Pelle Larsson
126,Kevin Porter Jr,MIL,MIL,231,-3.882,131,117.3,PG27,10,11.8,0.9,3.7,4.7,1.4,0.3,2.0,46.0,84.5,Kevin Porter Jr.
127,RJ Barrett,TOR,TOR,214,-3.623,128,111.1,SG27,11,19.6,1.7,5.6,3.9,0.8,0.3,2.1,48.5,69.2,RJ Barrett
128,Ja Morant,POR,POR,139,-1.68,106,91.8,PG28,11,18.6,1.4,3.7,6.7,1.1,0.3,3.6,43.5,85.7,Ja Morant
129,Reed Sheppard,HOU,HOU,107,-0.995,141,120.2,PG29,11,10.5,2.2,2.4,2.7,1.2,0.6,1.3,41.2,80.4,Reed Sheppard
130,Grayson Allen,CHA,CHA,191,-3.043,178,117.1,SF25,11,11.7,2.4,2.5,2.5,0.9,0.2,1.2,42.2,85.4,Grayson Allen
131,Anthony Black,ORL,ORL,184,-2.835,126,118.8,PG30,11,12.0,1.2,3.3,3.2,1.2,0.6,1.8,44.3,72.6,Anthony Black
132,Ayo Dosunmu,MIN,MIN,158,-2.318,110,113.4,PG31,11,12.5,1.5,3.1,3.5,0.9,0.3,1.3,50.8,84.4,Ayo Dosunmu
133,Paul Reed,DET,DET,106,-0.987,161,119.9,PF26,11,8.7,0.3,5.3,1.5,1.2,1.1,1.1,58.2,69.1,Paul Reed
134,Brandin Podziemski,GSW,GSW,120,-1.252,118,116.1,SG28,11,13.0,1.9,5.0,3.5,1.1,0.2,1.5,45.2,77.3,Brandin Podziemski
135,Ace Bailey,UTA,UTA,185,-2.903,160,118.7,SF26,11,13.6,1.9,4.0,1.8,0.8,0.7,1.5,44.3,75.5,Ace Bailey
136,Jusuf Nurkic,UTA,UTA,280,-5.399,114,113.8,C25,11,10.2,0.6,8.9,3.7,1.1,0.6,2.2,49.6,60.1,Jusuf Nurkic
137,Gui Santos,GSW,GSW,181,-2.785,133,,SF27,11,8.7,1.1,4.1,2.3,0.9,0.3,1.5,49.3,74.3,Gui Santos
138,Jared McCain,OKC,OKC,156,-2.288,222,107.9,PG32,12,14.3,2.3,2.9,2.3,0.8,0.1,1.3,44.0,87.2,Jared McCain
139,DeMar DeRozan,DEN,DEN,169,-2.485,127,116.6,SF28,12,15.4,0.6,2.7,3.3,0.7,0.3,1.0,48.9,86.4,DeMar DeRozan
140,Tari Eason,HOU,HOU,67,0.034,150,120.8,SF29,12,9.6,1.3,5.5,1.3,1.2,0.5,1.1,44.1,76.0,Tari Eason
141,Moussa Diabate,CHA,CHA,183,-2.832,153,110.3,PF27,12,6.8,0.0,7.6,1.5,0.7,0.8,0.9,61.2,64.2,Moussa Diabate
142,Davion Mitchell,MIA,MIA,226,-3.769,102,119.1,PG33,12,8.9,1.3,2.5,6.0,1.0,0.2,1.6,47.9,67.1,Davion Mitchell
143,Saddiq Bey,NOP,NOP,102,-0.934,132,121.5,PF28,12,15.4,1.8,4.8,2.2,0.8,0.1,0.8,44.3,84.1,Saddiq Bey
144,Brook Lopez,LAC,LAC,96,-0.707,156,100.7,C26,12,9.9,1.6,4.1,1.4,0.6,1.4,0.9,46.2,79.3,Brook Lopez
145,Jrue Holiday,POR,POR,94,-0.655,146,118.3,PG34,12,12.6,1.9,4.1,4.6,0.9,0.2,2.1,45.2,85.5,Jrue Holiday
146,Aaron Gordon,DEN,DEN,100,-0.875,152,112.6,PF30,12,15.1,1.5,5.3,2.8,0.5,0.3,1.2,51.8,76.7,Aaron Gordon
147,Aaron Gordon,DEN,DEN,100,-0.875,152,112.6,PF30,12,15.1,1.5,5.3,2.8,0.5,0.3,1.2,51.8,76.7,Aaron Gordon
148,Hannes Steinbach,CHA,CHA,220,-3.683,,,C27,12,9.0,0.3,6.2,1.6,0.5,1.2,1.2,48.3,74.5,Hannes Steinbach
149,Morez Johnson Jr.,DAL,DAL,302,-6.454,204,117.3,PF31,12,11.3,1.2,6.4,1.7,0.8,0.8,1.3,44.9,75.4,Morez Johnson Jr.
150,Mitchell Robinson,BOS,BOS,188,-2.938,166,106.5,C28,12,5.6,0.0,8.2,0.8,0.9,1.2,0.7,68.5,47.4,Mitchell Robinson
151,Collin Sexton,LAL,LAL,147,-2.089,190,118.7,PG35,13,16.1,1.6,2.3,3.4,1.0,0.1,2.1,48.4,86.0,Collin Sexton
152,Keaton Wagler,LAC,LAC,190,-3.016,238,119.0,SG29,13,11.6,1.4,4.5,3.2,1.0,0.4,1.5,50.8,69.7,Keaton Wagler
153,Bobby Portis,MIA,MIA,179,-2.712,154,115.4,PF32,13,12.7,1.6,6.7,1.7,0.6,0.3,1.0,48.4,76.5,Bobby Portis Jr.
154,Aaron Nesmith,IND,IND,98,-0.871,167,104.2,PF33,13,12.7,2.1,4.1,1.6,0.6,0.5,1.1,45.0,84.5,Aaron Nesmith
155,Daniel Gafford,DAL,DAL,141,-1.757,116,107.4,C29,13,9.1,0.0,5.8,1.1,0.6,1.2,1.0,67.7,68.7,Daniel Gafford
156,Collin Gillespie,PHX,PHX,104,-0.974,112,121.3,PG36,13,9.5,2.1,3.3,3.6,1.0,0.2,1.1,42.5,85.5,Collin Gillespie
157,Joan Beringer,MIN,MIN,268,-4.929,180,,C30,13,7.7,0.0,4.7,0.6,0.4,1.3,0.6,66.3,71.2,Joan Beringer
158,Tre Jones,CHI,CHI,149,-2.127,120,,PG37,13,11.7,0.5,2.7,4.8,1.0,0.2,1.2,54.3,84.1,Tre Jones
159,Robert Williams III,POR,POR,152,-2.22,175,,C31,13,5.8,0.1,6.1,0.9,0.5,1.4,0.7,68.7,69.2,Robert Williams III
160,Jakob Poeltl,TOR,TOR,128,-1.532,123,121.6,C32,13,11.8,0.0,7.7,2.2,1.0,0.9,1.4,66.8,61.8,Jakob Poeltl
161,Nikola Vucevic,ORL,ORL,130,-1.558,171,114.6,C33,13,11.8,1.1,6.7,2.4,0.6,0.5,1.1,50.3,82.0,Nikola Vucevic
162,Wendell Carter Jr,ORL,ORL,160,-2.371,125,111.5,C34,13,,,,,,,,,,Wendell Carter Jr.
163,Maxime Raynaud,SAC,SAC,219,-3.675,172,118.7,C35,13,9.7,0.3,5.8,1.1,0.4,0.4,1.0,57.1,78.9,Maxime Raynaud
164,Isaiah Stewart,MEM,MEM,177,-2.588,198,115.7,C36,13,7.3,0.5,4.3,1.1,0.3,1.2,0.9,54.6,75.9,Isaiah Stewart
165,Mikel Brown,BKN,BKN,284,-5.617,192,117.3,PG38,13,12.5,1.4,3.2,4.1,1.0,0.3,1.5,47.8,75.5,Mikel Brown Jr.
166,Isaiah Jackson,LAC,LAC,287,-5.765,,,PF34,13,6.0,0.0,4.7,0.8,0.6,0.9,0.9,63.6,62.3,Isaiah Jackson
167,Rui Hachimura,LAC,LAC,166,-2.471,121,105.1,PF35,14,10.8,1.6,3.5,0.9,0.6,0.3,0.6,51.5,72.8,Rui Hachimura
168,Christian Braun,DEN,DEN,83,-0.311,173,120.9,SG30,14,12.0,1.0,4.5,2.4,0.7,0.4,0.9,53.1,78.6,Christian Braun
169,Al Horford,GSW,GSW,161,-2.382,176,101.2,C37,14,7.7,1.5,4.9,2.2,0.6,0.9,0.8,43.5,86.7,Al Horford
170,Jay Huff,IND,IND,217,-3.662,188,,C38,14,7.6,1.2,2.9,1.1,0.4,1.4,0.7,49.6,83.6,Jay Huff
171,Oso Ighodaro,PHX,PHX,288,-5.811,165,,PF36,14,5.5,0.0,4.5,1.8,0.8,0.6,1.0,64.0,49.1,Oso Ighodaro
172,Kyle Filipowski,UTA,UTA,127,-1.513,216,116.1,PF37,14,9.6,0.9,6.0,2.1,0.8,0.4,1.4,49.5,72.3,Kyle Filipowski
173,Jeremiah Fears,NOP,NOP,200,-3.228,196,117.4,PG39,14,12.8,1.1,3.3,3.0,1.0,0.3,2.0,43.4,78.8,Jeremiah Fears
174,Santi Aldama,DAL,DAL,157,-2.301,183,,PF38,14,10.1,1.3,4.8,2.2,0.6,0.5,0.9,47.5,67.0,Santi Aldama
175,Dillon Brooks,PHX,PHX,216,-3.631,163,114.7,SF30,14,17.7,2.4,3.6,1.8,1.0,0.2,1.5,43.3,83.9,Dillon Brooks
176,Miles McBride,NYK,NYK,208,-3.499,209,,PG40,14,9.1,2.0,2.1,2.2,0.8,0.2,0.6,42.1,80.3,Miles McBride
177,Bilal Coulibaly,WAS,WAS,123,-1.43,210,,SG31,14,10.4,0.9,4.0,2.4,1.2,0.8,1.5,42.5,74.4,Bilal Coulibaly
178,Scotty Pippen Jr.,MEM,MEM,138,-1.652,169,,PG41,14,9.6,1.1,2.8,4.2,1.3,0.3,1.8,47.9,73.4,Scotty Pippen Jr.
179,Sam Merrill,CLE,CLE,246,-4.278,,,SG32,14,10.8,2.6,2.6,2.2,0.7,0.2,0.7,44.0,88.5,Sam Merrill
180,Jonathan Kuminga,MIN,MIN,245,-4.277,155,116.8,PF39,14,13.6,0.9,5.1,2.2,0.7,0.4,1.7,46.9,70.3,Jonathan Kuminga
181,Jalen Smith,CHI,CHI,225,-3.764,214,,PF40,14,9.9,1.4,6.3,1.2,0.4,0.8,0.9,49.3,75.5,Jalen Smith
182,Max Strus,LAC,LAC,218,-3.674,149,,SG33,14,9.3,2.2,4.6,2.7,0.6,0.2,1.0,43.8,80.2,Max Strus
183,Jerami Grant,MEM,MEM,121,-1.27,142,118.5,PF41,14,13.7,1.9,2.7,1.8,0.6,0.5,1.4,43.1,82.3,Jerami Grant
184,De'Anthony Melton,GSW,GSW,151,-2.213,241,,SG34,14,10.8,1.5,3.0,2.4,1.4,0.4,1.6,40.4,81.0,De'Anthony Melton
185,Derrick Jones Jr,LAC,LAC,192,-3.049,207,,SF31,14,10.0,1.1,3.4,1.1,0.9,0.8,0.8,50.4,74.1,Derrick Jones Jr.
186,Julian Champagnie,SAS,SAS,178,-2.702,181,109.7,SF32,14,9.4,2.0,4.6,1.3,0.7,0.4,0.7,42.8,85.6,Julian Champagnie
187,Jaylon Tyson,CLE,CLE,233,-3.901,208,,SG35,15,11.3,1.7,4.7,2.1,0.7,0.4,1.3,47.7,75.1,Jaylon Tyson
188,Dru Smith,MIA,MIA,251,-4.379,,,PG42,15,5.3,0.6,2.3,2.2,1.4,0.3,0.8,44.6,81.1,Dru Smith
189,Kristaps Porzingis,GSW,GSW,52,0.62,137,101.1,C39,15,17.3,2.0,5.6,2.2,0.8,1.2,1.3,47.2,83.2,Kristaps Porzingis
190,Naji Marshall,DAL,DAL,187,-2.933,191,118.4,SF33,15,11.4,0.7,3.7,2.6,0.8,0.1,1.2,50.5,77.5,Naji Marshall
191,Cam Spencer,MEM,MEM,167,-2.471,225,,SG36,15,6.3,1.1,1.5,3.0,0.4,0.1,0.7,46.4,95.3,Cam Spencer
192,Keldon Johnson,SAS,SAS,223,-3.728,221,,SF34,15,11.3,1.0,4.5,1.2,0.5,0.1,0.8,50.2,78.7,Keldon Johnson
193,Jamal Shead,TOR,TOR,295,-6.076,236,,PG43,15,7.1,1.1,1.8,5.1,0.9,0.2,1.5,38.0,77.8,Jamal Shead
194,Dylan Cardwell,SAC,SAC,239,-4.139,200,,C40,15,3.1,0.0,4.3,0.8,0.4,0.9,0.5,58.7,50.8,Dylan Cardwell
196,Brayden Burries,MIL,MIL,253,-4.436,244,116.2,SG37,15,10.7,1.7,2.4,2.9,0.9,0.1,1.4,42.9,79.8,Brayden Burries
197,Bennedict Mathurin,NOP,NOP,205,-3.423,151,118.0,SG38,15,13.2,1.0,4.2,1.6,0.6,0.2,1.6,44.0,85.5,Bennedict Mathurin
198,Scoot Henderson,POR,POR,262,-4.7,186,,PG44,15,11.5,1.5,2.5,3.7,0.9,0.2,2.2,41.4,80.9,Scoot Henderson
201,Duncan Robinson,DET,DET,193,-3.072,206,105.7,SF38,15,11.6,2.7,2.5,2.1,0.6,0.2,0.9,45.0,79.8,Duncan Robinson
202,Brandon Ingram,LAC,LAC,88,-0.487,67,65.4,SF39,16,15.0,1.0,4.0,2.0,0.8,0.7,2.7,47.5,82.6,Brandon Ingram
203,Baylor Scheierman,BOS,BOS,266,-4.843,,,SG39,16,5.2,1.2,3.1,1.3,0.5,0.1,0.6,42.0,86.4,Baylor Scheierman
204,Isaiah Joe,DET,DET,196,-3.179,,,SG40,16,10.4,2.4,2.7,1.4,0.7,0.2,0.6,45.1,87.8,Isaiah Joe
205,Tristan da Silva,ORL,ORL,265,-4.82,226,,PF42,16,7.8,1.2,3.2,1.4,0.7,0.3,0.8,43.9,88.5,Tristan da Silva
206,Aday Mara,OKC,OKC,316,-8.436,249,101.8,C41,16,4.4,0.3,3.3,0.8,0.3,0.6,0.5,47.8,75.4,Aday Mara
208,Adem Bona,PHI,PHI,277,-5.294,,101.8,C42,16,4.5,0.0,3.9,0.4,0.4,1.1,0.8,63.3,69.4,Adem Bona
209,Isaiah Collier,UTA,UTA,256,-4.518,224,,PG45,16,9.7,0.5,2.6,6.3,1.0,0.3,2.4,47.1,71.4,Isaiah Collier
210,Zaccharie Risacher,DAL,DAL,145,-2.048,,,SF41,16,9.1,1.2,3.2,1.0,0.7,0.5,0.8,45.7,67.0,Zaccharie Risacher
211,Luke Kornet,SAS,SAS,244,-4.242,,,C43,16,5.6,0.0,5.0,1.5,0.4,0.8,0.4,65.6,80.4,Luke Kornet
213,Marvin Bagley III,DEN,DEN,269,-4.96,231,,PF43,16,7.8,0.3,4.6,1.0,0.4,0.5,0.7,59.4,67.3,Marvin Bagley III
214,Daniss Jenkins,DET,DET,286,-5.758,179,,PG46,16,7.3,0.8,1.9,3.0,0.7,0.2,1.2,40.5,81.4,Daniss Jenkins
215,Klay Thompson,MIA,MIA,195,-3.109,168,109.7,SG41,16,11.7,2.8,2.4,1.6,0.6,0.3,0.9,40.3,83.5,Klay Thompson
216,Max Christie,DAL,DAL,232,-3.886,,,SG42,16,12.1,2.2,3.4,2.1,0.7,0.4,1.2,43.6,86.9,Max Christie
217,Ron Holland,DET,DET,243,-4.22,,,SF42,17,7.0,0.5,3.4,1.1,0.9,0.3,1.0,44.4,79.3,Ron Holland II
218,Jaylen Wells,MEM,MEM,209,-3.516,218,,SF43,17,8.5,1.3,2.3,1.2,0.6,0.1,0.7,42.9,79.3,Jaylen Wells
219,Jock Landale,ATL,ATL,236,-4.032,,,C45,17,7.7,0.7,4.2,1.3,0.4,0.4,0.7,51.8,66.3,Jock Landale
220,Terrence Shannon Jr,MIN,MIN,207,-3.474,232,,SG43,17,4.9,0.5,1.2,0.9,0.3,0.1,0.5,46.3,80.9,Terrence Shannon Jr.
221,Keon Ellis,BKN,BKN,134,-1.602,,,SG44,17,6.2,1.2,1.8,1.0,1.1,0.6,0.6,45.6,76.4,Keon Ellis
223,GG Jackson,MEM,MEM,189,-2.997,184,,PF44,17,7.4,0.8,2.7,0.9,0.4,0.4,1.0,46.8,73.9,GG Jackson
224,Taylor Hendricks,MEM,MEM,199,-3.221,,,PF45,17,6.0,0.9,3.5,0.8,0.9,0.6,0.7,41.7,71.0,Taylor Hendricks
225,De'Andre Hunter,SAC,SAC,170,-2.5,187,,SF45,17,14.3,1.8,3.9,1.7,0.7,0.2,1.5,43.8,85.7,De'Andre Hunter
226,Jake LaRavia,LAL,LAL,194,-3.091,185,,PF46,17,7.5,0.9,3.8,1.8,1.1,0.4,1.1,45.4,75.0,Jake LaRavia
227,Kyle Kuzma,MIL,MIL,230,-3.86,174,118.5,PF47,18,12.2,1.2,4.3,2.3,0.6,0.3,1.7,47.1,70.4,Kyle Kuzma
228,Bub Carrington,WAS,WAS,213,-3.621,240,,PG47,18,8.9,1.6,3.2,3.9,0.6,0.2,1.9,41.6,75.7,Bub Carrington
229,Tre Johnson,WAS,WAS,210,-3.563,227,,SG45,18,10.1,1.5,2.4,1.7,0.5,0.3,1.3,41.9,87.9,Tre Johnson
230,Jordan Poole,NOP,NOP,81,-0.291,211,,PG48,18,10.1,1.8,1.5,2.3,0.5,0.3,1.4,39.9,87.1,Jordan Poole
231,Royce O'Neale,CHA,CHA,197,-3.183,219,,PF48,18,8.7,2.4,4.2,2.2,0.9,0.4,1.0,41.9,72.7,Royce O'Neale
232,Andre Drummond,NYK,NYK,279,-5.373,213,107.9,C46,18,5.9,0.4,7.5,1.0,0.6,0.6,0.9,48.8,62.7,Andre Drummond
233,Tim Hardaway Jr.,MIA,MIA,249,-4.356,,,SF46,18,12.4,2.5,2.5,1.5,0.6,0.1,0.6,43.0,83.1,Tim Hardaway Jr.
235,Sam Hauser,BOS,BOS,234,-3.903,199,,SF48,18,9.1,2.5,3.6,1.2,0.5,0.2,0.4,43.2,89.8,Sam Hauser
236,T.J. McConnell,IND,IND,212,-3.603,205,,PG49,19,8.6,0.2,2.1,4.4,0.9,0.2,1.1,53.5,81.4,T.J. McConnell
237,Jimmy Butler,GSW,GSW,66,0.043,138,117.4,SF49,19,15.3,0.6,4.4,4.1,1.2,0.2,1.2,51.2,85.6,Jimmy Butler III
238,Allen Graves,TOR,TOR,260,-4.635,248,,PF49,19,7.3,1.5,2.7,2.3,1.0,0.2,0.9,43.8,78.0,Allen Graves
239,Donte DiVincenzo,MIN,MIN,180,-2.714,,,SG46,19,7.3,1.8,2.4,2.3,0.8,0.2,0.9,41.0,75.9,Donte DiVincenzo
241,Justin Champagnie,WAS,WAS,202,-3.281,,,SG47,19,7.6,0.8,4.9,1.0,0.8,0.6,0.6,49.4,76.6,Justin Champagnie
242,Javonte Green,DET,DET,290,-5.853,,,SG48,19,4.4,0.7,2.0,0.5,0.8,0.3,0.4,44.3,82.1,Javonte Green
243,Luke Kennard,PHX,PHX,198,-3.195,,102.7,SG49,19,7.8,1.5,2.3,2.3,0.7,0.1,0.8,50.6,90.9,Luke Kennard
244,Ja'Kobe Walter,TOR,TOR,240,-4.193,,,SG50,19,7.4,1.4,2.6,1.2,0.9,0.2,0.6,43.0,79.0,Ja'Kobe Walter
245,Brice Sensabaugh,UTA,UTA,267,-4.881,233,,SF50,19,12.0,1.9,2.7,1.6,0.7,0.1,1.4,45.2,84.8,Brice Sensabaugh
246,Jordan Goodwin,PHX,PHX,109,-1.042,,,PG50,19,6.9,1.2,4.1,1.8,1.3,0.2,0.8,41.4,72.6,Jordan Goodwin
247,AJ Green,MIL,MIL,241,-4.214,,99.3,SG51,19,6.4,1.8,1.8,1.2,0.3,0.1,0.6,42.5,85.2,AJ Green
248,Moses Moody,GSW,GSW,222,-3.713,,,SG52,19,9.3,1.8,2.5,1.2,0.8,0.4,0.7,44.0,77.9,Moses Moody
249,Goga Bitadze,ORL,ORL,229,-3.84,,,C47,19,5.4,0.0,4.9,1.3,0.6,1.0,0.7,64.7,68.3,Goga Bitadze
250,Dennis Schroder,CHA,CHA,270,-4.975,194,,PG51,19,10.6,1.3,2.5,4.5,0.7,0.1,1.7,40.9,83.8,Dennis Schroder
