player,team,pos,rank,value,rank_avg,value_avg,gp,mpg,pts,reb,ast,stl,blk,tpm,tov,fg_pct,fga,ft_pct,fta,z_pts,z_reb,z_ast,z_stl,z_blk,z_tpm,z_fgpct,z_ftpct,z_tov
Victor Wembanyama,SAS,C,1,13.3154,1,12.827,65,31.5,25.0,11.5,3.3,1.1,3.25,2.0,2.5,0.506,17.2,0.836,6.7,1.854,2.882,0.042,0.605,6.626,0.523,0.964,1.089,-1.268
Nikola Jokić,DEN,C,2,13.2244,2,12.6687,65.5,35.0,27.7,12.6,10.3,1.45,0.8,1.733,3.6,0.567,18.02,0.818,6.76,2.346,3.405,3.847,1.76,0.613,0.223,3.252,0.616,-2.838
Shai Gilgeous-Alexander,OKC,PG,3,12.6875,3,11.3961,67.6,33.2,30.526,4.65,6.296,1.53,0.841,1.773,2.232,0.538,19.68,0.883,8.58,2.995,-0.049,1.786,2.177,0.78,0.338,2.468,3.21,-1.017
Luka Dončić,LAL,PG,4,7.8773,4,8.8848,61.0,35.8,34.0,8.168,8.667,1.675,0.529,4.085,3.88,0.473,23.51,0.782,9.81,3.022,1.194,2.639,2.114,-0.15,2.674,-0.216,-0.544,-2.855
Tyrese Maxey,PHI,PG,5,7.4955,7,6.0571,69.5,36.0,24.35,3.85,5.8,1.4,0.45,2.8,2.05,0.466,18.25,0.892,5.1,2.03,-0.364,1.603,1.877,-0.186,1.691,-0.478,2.161,-0.839
Kawhi Leonard,LAC,SF/SG,6,7.4378,5,7.1425,65,31.5,24.491,5.953,3.36,1.672,0.466,2.33,1.858,0.498,17.71,0.876,5.19,1.768,0.443,0.074,2.438,-0.223,0.911,0.697,1.703,-0.373
Jayson Tatum,BOS,PF/SF,7,7.1098,6,6.1145,68,35.0,28.642,9.044,6.061,1.17,0.483,3.617,2.803,0.445,21.99,0.819,6.65,2.696,1.986,1.678,1.001,-0.126,2.62,-1.521,0.647,-1.871
Jamal Murray,DEN,PG,8,6.9522,9,5.8892,67.9,34.5,24.868,4.366,6.727,1.041,0.455,3.045,2.229,0.479,18.38,0.882,4.78,2.02,-0.169,2.047,0.565,-0.201,1.911,0.044,1.764,-1.029
Karl-Anthony Towns,NYK,C/PF,9,6.8098,13,5.4821,68.9,32.5,21.8,11.4,3.0,0.9,0.62,1.85,2.48,0.517,14.8,0.861,5.4,1.53,3.136,-0.024,0.135,0.246,0.475,1.227,1.53,-1.445
Kevin Durant,HOU,PF/SF,10,6.5056,19,4.9085,70,34.6,26.462,5.585,4.512,0.79,0.982,2.459,3.145,0.511,18.55,0.856,5.9,2.447,0.471,0.881,-0.195,1.231,1.285,1.328,1.563,-2.505
Cooper Flagg,DAL,PG/SF/SG,11,6.4248,11,5.6132,67.0,34.3,24.042,7.203,5.178,1.356,1.017,1.257,2.457,0.486,18.72,0.836,5.48,1.816,1.089,1.137,1.557,1.208,-0.306,0.324,0.912,-1.312
Anthony Edwards,MIN,PG/SG,12,6.363,10,5.8318,66.0,34.9,29.057,5.38,4.203,1.318,0.726,3.611,2.907,0.477,20.72,0.817,6.95,2.62,0.229,0.563,1.369,0.445,2.483,-0.034,0.586,-1.899
Donovan Mitchell,CLE,PG/SG,13,6.2623,14,5.475,67.2,34.0,26.773,4.5,5.5,1.45,0.28,3.255,2.6,0.468,19.84,0.851,5.83,2.307,-0.129,1.324,1.882,-0.658,2.126,-0.418,1.356,-1.529
Scottie Barnes,TOR,PF/SF,14,5.9281,20,4.6727,69.0,32.4,18.59,7.617,5.974,1.37,1.256,1.044,2.617,0.492,14.62,0.797,3.98,0.962,1.382,1.68,1.743,1.912,-0.526,0.426,0.006,-1.657
Tyrese Haliburton,IND,PG/SG,15,5.7764,8,5.9859,63,33.0,17.996,3.688,8.382,1.296,0.647,2.741,1.647,0.478,13.33,0.848,2.97,0.572,-0.602,2.637,1.105,0.174,1.295,-0.006,0.61,-0.009
Cade Cunningham,DET,PG,16,5.5773,17,5.2645,65.1,32.9,25.689,5.677,9.661,1.273,0.775,2.116,3.726,0.469,19.98,0.829,5.82,1.977,0.326,3.471,1.167,0.539,0.662,-0.355,0.775,-2.985
Jalen Johnson,ATL,PF/SF,17,5.4057,18,5.1227,65,33.2,21.237,10.014,7.286,1.298,0.584,1.581,3.036,0.499,16.01,0.785,4.67,1.215,2.229,2.186,1.241,0.067,0.03,0.685,-0.231,-2.016
Amen Thompson,HOU,PG/SG,18,5.1095,25,3.8175,69.5,35.0,17.967,8.137,5.238,1.42,0.8,0.424,2.22,0.541,12.93,0.761,4.66,0.87,1.65,1.278,1.944,0.734,-1.296,1.751,-0.731,-1.091
Desmond Bane,ORL,PG/SG,19,5.0058,31,3.5073,70.4,32.9,20.44,4.744,4.609,1.084,0.453,2.247,2.158,0.482,15.23,0.899,3.9,1.369,0.086,0.953,0.842,-0.163,1.034,0.14,1.787,-1.042
Nickeil Alexander-Walker,ATL,PG/SG,20,4.8919,40,3.1921,71.8,30.7,19.6,3.574,3.502,1.232,0.541,3.142,1.822,0.454,14.74,0.876,3.5,1.284,-0.439,0.347,1.44,0.1,2.25,-0.778,1.275,-0.588
Kon Knueppel,CHA,SF/SG,21,4.6646,50,2.8087,72.5,32.5,19.413,5.687,3.598,0.773,0.275,3.472,1.984,0.489,13.69,0.864,2.96,1.285,0.614,0.425,-0.159,-0.615,2.723,0.335,0.924,-0.867
Donovan Clingan,POR,C,22,4.5114,36,3.3598,68.5,25.8,11.278,11.945,2.005,0.612,1.897,0.918,1.226,0.532,8.17,0.68,2.44,-0.371,3.361,-0.597,-0.856,3.55,-0.692,0.943,-1.244,0.416
James Harden,CLE,PG,23,4.4742,30,3.5365,68,34.5,20.2,5.0,8.0,1.1,0.45,2.65,3.05,0.43,14.07,0.872,6.25,1.198,0.126,2.769,0.767,-0.211,1.431,-1.418,2.044,-2.231
Matas Buzelis,CHI,PF/SF,24,4.464,49,2.8426,71.1,28.4,18.391,5.832,2.043,0.703,1.622,2.527,1.838,0.475,13.87,0.8,3.34,1.024,0.63,-0.532,-0.458,2.994,1.42,-0.075,0.047,-0.585
Derrick White,BOS,PG/SG,25,4.3772,44,2.9992,70.3,33.4,15.908,4.387,5.002,1.051,1.165,2.824,1.717,0.41,13.36,0.878,2.41,0.53,-0.089,1.175,0.719,1.727,1.759,-1.959,0.885,-0.37
Stephen Curry,GSW,PG,26,4.2995,12,5.5183,58.8,32.0,25.0,3.95,5.15,1.04,0.4,4.35,2.65,0.456,18.1,0.922,4.5,1.449,-0.603,0.773,0.094,-0.479,2.798,-0.728,2.121,-1.125
Jalen Duren,DET,C,27,4.2705,42,3.1117,68.5,27.3,16.779,10.678,2.316,0.764,0.946,0.076,1.762,0.659,9.94,0.743,4.85,0.612,2.773,-0.421,-0.339,1.082,-1.735,3.804,-1.134,-0.372
Kel'el Ware,MIL,C/PF,28,4.1333,41,3.1429,67.9,25.5,12.039,9.6,1.024,0.878,1.265,1.164,0.934,0.544,9.04,0.746,1.4,-0.253,2.236,-1.158,0.021,1.884,-0.399,1.252,-0.306,0.856
Trey Murphy,NOP,SF/SG,29,4.0432,21,4.3452,62.4,33.0,19.702,5.261,3.428,1.264,0.461,2.956,1.643,0.469,14.5,0.88,3.59,0.822,0.047,0.037,0.969,-0.28,1.509,-0.264,1.186,0.017
Dyson Daniels,ATL,SF/SG,30,4.0115,51,2.8038,70.0,30.5,11.672,6.022,4.901,2.098,0.489,0.579,1.649,0.514,9.82,0.63,1.58,-0.256,0.677,1.105,4.318,-0.074,-1.096,0.77,-1.175,-0.258
Jalen Brunson,NYK,PG,31,3.9431,29,3.5856,65.3,34.5,28.727,3.485,7.347,0.875,0.147,2.819,2.49,0.471,21.61,0.833,6.65,2.509,-0.634,2.237,-0.105,-1.007,1.5,-0.295,1.008,-1.27
LaMelo Ball,MIN,PG,32,3.7371,35,3.3649,65.8,29.2,22.239,5.017,7.378,1.257,0.27,3.858,2.953,0.415,18.68,0.875,3.29,1.432,0.059,2.284,1.157,-0.698,2.763,-2.388,1.078,-1.95
Ryan Rollins,MIL,PG,33,3.7322,54,2.4899,70,31.1,15.826,4.569,4.994,1.52,0.467,2.239,2.31,0.482,12.43,0.8,2.02,0.504,-0.01,1.16,2.327,-0.133,1.006,0.099,0.032,-1.252
Lauri Markkanen,UTA,PF/SF,34,3.6986,33,3.4811,64.5,32.5,21.776,6.526,1.881,0.888,0.455,2.601,1.391,0.462,16.0,0.887,4.94,1.279,0.673,-0.73,-0.098,-0.258,1.206,-0.504,1.838,0.293
Bam Adebayo,MIA,C/PF,35,3.6909,56,2.4486,70,32.8,18.991,9.648,3.563,1.181,0.688,1.365,1.822,0.461,14.83,0.772,5.11,1.082,2.394,0.331,1.155,0.454,-0.101,-0.536,-0.571,-0.518
Naz Reid,CHA,C/PF,36,3.6907,63,2.2134,71.1,26.9,16.802,7.062,2.33,0.956,1.018,2.569,1.62,0.462,13.69,0.751,2.1,0.729,1.221,-0.363,0.429,1.368,1.473,-0.478,-0.436,-0.252
Michael Porter,BKN,PF/SF,37,3.6396,26,3.8033,62.9,32.4,23.345,7.563,2.641,0.881,0.409,3.282,1.88,0.478,17.77,0.83,3.7,1.445,1.044,-0.359,-0.187,-0.396,1.906,0.005,0.5,-0.319
Austin Reaves,LAL,PG/SG,38,3.5882,24,3.9756,61.8,34.4,22.145,4.769,5.864,1.094,0.373,2.522,2.687,0.478,14.95,0.869,6.13,1.185,-0.18,1.266,0.413,-0.498,0.991,0.006,1.751,-1.345
OG Anunoby,NYK,PF/SF,39,3.5351,48,2.8899,66.8,33.6,16.573,4.952,2.187,1.464,0.751,2.245,1.652,0.481,12.32,0.816,3.04,0.503,0.064,-0.524,1.903,0.53,0.885,0.07,0.254,-0.15
Mikal Bridges,NYK,PF/SF/SG,40,3.4797,75,1.6911,73.0,33.6,15.503,3.691,3.625,1.131,0.635,1.956,1.291,0.484,12.67,0.818,1.56,0.565,-0.352,0.455,1.147,0.385,0.752,0.178,0.153,0.197
Alperen Şengün,HOU,C/PF,41,3.453,57,2.4307,68.7,31.5,20.11,9.767,5.923,1.155,0.963,0.53,2.82,0.522,15.21,0.7,5.26,1.219,2.366,1.635,0.993,1.135,-1.171,1.437,-2.222,-1.938
Reed Sheppard,HOU,PG/SG,42,3.3349,81,1.4537,74,26.0,13.163,3.102,3.374,1.436,0.669,2.614,1.434,0.437,11.04,0.808,1.11,0.155,-0.621,0.333,2.319,0.505,1.67,-1.025,0.058,-0.058
Anthony Davis,WAS,C/PF,43,3.3235,15,5.4123,55,31.9,19.85,10.6,2.9,1.08,1.79,0.6,1.92,0.51,15.0,0.775,5.1,0.462,1.77,-0.414,0.008,2.357,-1.232,0.818,-0.397,-0.048
Chet Holmgren,OKC,C/PF,44,3.3021,22,4.1882,59.2,27.7,16.138,8.243,1.854,0.645,1.846,1.315,1.505,0.547,10.78,0.791,3.83,0.106,1.127,-0.826,-1.038,2.767,-0.421,1.362,-0.082,0.306
Jalen Williams,OKC,PF/SF/SG,45,3.1997,28,3.6788,61.5,30.3,20.709,5.012,5.219,1.416,0.519,1.43,1.985,0.497,15.94,0.814,4.23,0.937,-0.089,0.923,1.372,-0.16,-0.238,0.567,0.289,-0.401
Evan Mobley,CLE,C/PF,46,3.1807,52,2.6986,65.7,32.0,18.4,9.2,3.5,0.82,1.55,1.0,1.96,0.553,13.1,0.652,4.45,0.766,1.912,0.168,-0.266,2.483,-0.641,2.008,-2.706,-0.543
Onyeka Okongwu,ATL,C,47,3.0345,67,1.9377,69.0,27.9,13.556,7.452,2.619,0.961,0.953,1.371,1.397,0.515,9.91,0.765,2.6,0.053,1.303,-0.239,0.348,1.119,-0.118,0.775,-0.357,0.151
Josh Giddey,CHI,PG,48,3.0111,37,3.3515,62.1,31.1,17.86,8.542,9.005,1.119,0.606,1.903,3.244,0.467,13.77,0.779,3.98,0.509,1.416,2.897,0.508,0.056,0.31,-0.295,-0.284,-2.106
Jaylen Brown,PHI,PF/SF/SG,49,2.8657,55,2.4592,65.9,34.0,29.705,6.738,5.276,1.166,0.396,2.212,3.322,0.475,22.9,0.781,7.36,2.719,0.828,1.142,0.864,-0.383,0.806,-0.142,-0.493,-2.476
VJ Edgecombe,PHI,PG/SG,50,2.8385,74,1.7487,69.5,32.5,14.936,5.453,4.012,1.357,0.509,1.846,1.667,0.454,12.35,0.824,2.29,0.321,0.389,0.573,1.729,-0.03,0.491,-0.646,0.278,-0.267
Devin Booker,PHX,PG/SG,51,2.517,47,2.9074,61.5,33.0,26.431,4.159,6.43,0.866,0.294,2.174,3.041,0.46,19.21,0.878,7.48,1.855,-0.444,1.539,-0.296,-0.686,0.589,-0.643,2.396,-1.794
Giannis Antetokounmpo,MIA,PF,52,2.5002,62,2.2483,65,33.6,31.651,11.08,6.563,0.998,0.956,0.474,3.502,0.603,20.0,0.637,11.06,2.982,2.698,1.797,0.276,0.983,-1.271,5.037,-7.337,-2.665
Ty Jerome,MEM,PG/SG,53,2.4848,39,3.2594,60,27.0,18.21,3.56,4.977,1.359,0.198,2.39,1.855,0.495,13.15,0.863,3.26,0.464,-0.729,0.738,1.099,-0.919,0.765,0.412,0.825,-0.17
Jarrett Allen,CLE,C,54,2.4619,64,2.0623,65.1,28.0,14.79,8.767,2.019,0.938,0.872,0.089,1.329,0.649,9.09,0.718,4.06,0.126,1.687,-0.646,0.091,0.779,-1.725,3.121,-1.331,0.361
Dejounte Murray,NOP,PG/SG,55,2.3912,59,2.3939,64,32.2,18.85,5.9,6.95,1.68,0.36,1.85,3.1,0.439,15.95,0.822,3.65,0.761,0.38,1.948,2.381,-0.498,0.313,-1.233,0.377,-2.038
Jaden McDaniels,MIN,PF/SF,56,2.3853,89,1.1189,70.3,30.7,13.363,4.578,2.358,1.137,0.899,1.318,1.487,0.504,10.31,0.823,2.0,0.063,0.002,-0.363,1.016,1.02,-0.154,0.584,0.241,-0.024
Derik Queen,NOP,C/PF,57,2.3773,91,0.7596,72.5,25.7,13.349,7.821,4.047,1.08,0.942,0.418,2.269,0.487,10.21,0.803,3.71,0.138,1.661,0.694,0.939,1.215,-1.281,0.209,0.112,-1.31
Julius Randle,BKN,PF,58,2.3536,84,1.266,69.5,32.9,22.682,7.579,5.328,0.974,0.256,1.629,2.898,0.478,16.65,0.799,6.44,1.728,1.389,1.332,0.418,-0.696,0.219,-0.012,0.079,-2.103
Trae Young,WAS,PG,59,2.2823,76,1.5619,67.5,33.2,22.076,2.977,10.044,1.1,0.208,2.567,3.959,0.425,16.11,0.859,6.78,1.502,-0.815,3.878,0.742,-0.837,1.305,-1.784,1.807,-3.515
Darius Garland,LAC,PG,60,2.2208,45,2.9843,60.0,30.1,21.865,2.896,7.498,1.144,0.194,3.035,2.782,0.468,16.96,0.863,3.44,1.036,-0.999,1.989,0.463,-0.93,1.464,-0.321,0.88,-1.363
Cameron Boozer,MEM,C/PF,61,2.2108,58,2.4202,62.6,32.4,18.001,6.877,3.773,1.168,0.69,2.087,1.926,0.47,13.96,0.782,3.56,0.553,0.737,0.221,0.685,0.266,0.533,-0.209,-0.207,-0.368
Neemias Queta,BOS,C,62,2.0603,86,1.2581,67.2,25.5,10.287,7.961,1.69,0.785,1.265,0.101,1.05,0.638,6.72,0.717,2.24,-0.584,1.444,-0.794,-0.322,1.847,-1.706,2.234,-0.763,0.704
LeBron James,PHI,PF/SF,63,2.0531,53,2.6698,60.6,33.2,23.227,6.621,7.86,1.12,0.564,1.728,3.323,0.502,17.46,0.744,5.33,1.286,0.54,2.209,0.427,-0.076,0.065,0.799,-1.095,-2.102
Brandon Miller,CHA,PF/SF/SG,64,2.0348,34,3.4755,57.0,30.8,22.912,5.156,3.46,1.071,0.71,3.591,2.464,0.442,18.17,0.881,3.71,1.021,-0.186,-0.101,0.088,0.163,1.873,-1.163,1.135,-0.795
Payton Pritchard,BOS,PG,65,1.9814,94,0.5538,71.7,29.7,15.222,3.852,4.373,0.753,0.153,2.668,1.214,0.468,12.07,0.869,1.45,0.459,-0.307,0.86,-0.26,-0.955,1.63,-0.278,0.481,0.351
Pascal Siakam,IND,C/PF,66,1.9304,80,1.4907,66.1,33.0,24.99,7.405,3.877,1.052,0.469,1.81,2.005,0.495,19.25,0.706,5.83,1.926,1.138,0.388,0.51,-0.196,0.336,0.675,-2.22,-0.627
Norman Powell,CHI,SF/SG,67,1.8584,61,2.3157,61.4,30.5,24.837,3.655,2.397,1.149,0.259,3.235,1.916,0.471,18.02,0.817,5.69,1.591,-0.656,-0.516,0.555,-0.769,1.762,-0.249,0.445,-0.305
Ayo Dosunmu,MIN,PG/SG,68,1.8009,65,2.0621,61.9,28.8,17.087,3.806,4.492,0.957,0.361,2.033,1.533,0.512,12.7,0.849,2.41,0.375,-0.579,0.569,0.003,-0.524,0.449,0.825,0.502,0.181
Jimmy Butler,GSW,PF/SF/SG,69,1.7955,27,3.7663,54.6,30.6,18.617,5.414,5.021,1.403,0.284,0.818,1.566,0.5,11.82,0.849,7.04,0.267,-0.174,0.536,0.857,-0.782,-1.021,0.445,1.284,0.383
Josh Hart,NYK,SF/SG,70,1.7893,87,1.1426,67.1,32.1,11.967,7.856,4.854,1.203,0.297,1.297,1.88,0.501,9.11,0.749,2.05,-0.291,1.393,0.963,1.059,-0.614,-0.254,0.438,-0.416,-0.489
Jaren Jackson,UTA,C/PF,71,1.7147,66,2.0224,61.7,28.1,19.03,5.234,1.942,1.081,1.342,1.7,1.996,0.478,14.42,0.796,4.45,0.679,0.012,-0.742,0.368,1.766,0.07,0.008,-0.02,-0.425
De'Aaron Fox,SAS,PG,72,1.6482,83,1.2774,65.7,31.2,19.479,3.986,5.744,1.301,0.315,1.85,2.306,0.476,15.35,0.779,3.87,0.953,-0.402,1.39,1.296,-0.585,0.37,-0.059,-0.283,-1.033
Peyton Watson,CLE,PF/SF,73,1.6235,69,1.9237,61.7,31.5,15.18,5.247,2.119,1.083,1.626,1.499,1.507,0.492,11.28,0.727,3.55,0.059,0.017,-0.651,0.375,2.429,-0.155,0.302,-0.975,0.222
Deni Avdija,POR,PF/SF/SG,74,1.6089,79,1.5001,64,31.0,22.267,7.45,5.669,0.903,0.6,1.905,3.341,0.475,14.97,0.797,7.69,1.332,1.051,1.269,-0.071,0.083,0.376,-0.078,0.014,-2.369
Brandon Ingram,TOR,PF/SF/SG,75,1.4373,60,2.3335,58.9,33.9,24.844,5.909,4.631,0.838,0.739,2.074,2.714,0.476,19.46,0.818,5.2,1.429,0.179,0.522,-0.488,0.276,0.379,-0.072,0.421,-1.209
Rudy Gobert,MIN,C,76,1.3501,102,0.301,69.2,31.3,11.246,10.802,1.681,0.743,1.529,0.068,1.364,0.657,6.79,0.581,3.88,-0.357,2.882,-0.771,-0.385,2.634,-1.744,2.596,-3.699,0.193
Myles Turner,MIL,C,77,1.1934,99,0.3878,67.7,26.0,12.567,5.402,1.428,0.658,1.581,1.87,1.279,0.462,9.37,0.756,2.69,-0.168,0.299,-0.934,-0.726,2.68,0.46,-0.304,-0.474,0.361
Coby White,CHA,PG/SG,78,1.1095,82,1.4212,61.7,29.6,23.374,4.021,5.03,0.75,0.197,3.196,2.53,0.454,17.16,0.849,5.41,1.377,-0.496,0.835,-0.638,-0.91,1.738,-0.782,1.116,-1.132
Miles Bridges,PHX,PF,79,1.0582,104,0.2676,67.9,31.1,17.783,6.265,3.323,0.659,0.509,1.976,1.614,0.452,14.4,0.835,3.35,0.765,0.704,0.134,-0.714,-0.062,0.598,-0.791,0.558,-0.134
Domantas Sabonis,SAC,C/PF,80,0.9339,32,3.5031,51.5,31.5,17.991,13.59,6.212,0.821,0.389,0.715,2.854,0.569,12.46,0.736,4.2,0.032,2.562,0.915,-0.837,-0.611,-1.163,1.812,-0.84,-0.937
Nikola Vučević,ORL,C,81,0.9226,97,0.4533,65.8,29.6,10.969,8.757,2.263,0.685,0.659,1.065,1.008,0.496,9.03,0.811,1.16,-0.505,1.721,-0.502,-0.701,0.271,-0.562,0.335,0.071,0.795
DeMar DeRozan,DEN,PF/SF/SG,82,0.8717,110,0.0389,68,28.0,16.514,2.63,3.677,0.931,0.268,0.547,1.117,0.497,11.7,0.868,5.02,0.543,-0.964,0.336,0.201,-0.681,-1.156,0.457,1.548,0.588
Toumani Camara,POR,PF/SF/SG,83,0.8076,128,-0.5292,72.2,31.3,12.082,5.187,2.273,1.186,0.487,2.16,1.545,0.45,9.7,0.724,1.64,-0.111,0.359,-0.375,1.302,-0.039,0.991,-0.595,-0.551,-0.175
Mark Williams,PHX,C,84,0.7654,78,1.5129,58.8,23.2,12.381,7.905,1.442,0.851,0.95,0.11,1.171,0.625,7.92,0.785,3.01,-0.486,0.972,-1.031,-0.453,0.747,-1.713,2.124,-0.135,0.74
Joan Beringer,MIN,C,85,0.736,126,-0.4614,70,20.0,10.165,5.268,1.313,0.552,1.265,0.396,0.823,0.606,6.68,0.741,2.25,-0.53,0.32,-0.973,-1.015,1.981,-1.328,1.857,-0.558,0.981
Kevin Porter,MIL,PG/SG,86,0.7275,71,1.8252,57.9,27.5,14.919,4.726,5.705,1.696,0.371,1.096,2.373,0.464,11.84,0.839,3.39,-0.131,-0.322,1.002,1.925,-0.556,-0.68,-0.303,0.524,-0.732
Donte DiVincenzo,MIN,SF/SG,87,0.6779,114,-0.1788,69.0,28.2,12.025,3.859,3.496,1.195,0.378,2.822,1.428,0.416,9.94,0.753,1.25,-0.22,-0.372,0.264,1.147,-0.382,1.695,-1.319,-0.238,0.103
Cason Wallace,OKC,PG/SF/SG,88,0.672,113,-0.1496,68.7,25.0,8.313,3.081,2.418,1.605,0.41,1.217,0.847,0.461,6.99,0.811,0.8,-0.897,-0.742,-0.359,2.516,-0.304,-0.316,-0.247,0.051,0.969
Paul Reed,DET,C/PF,89,0.6653,124,-0.447,70,17.5,9.122,5.48,1.646,1.061,0.999,0.343,1.063,0.577,6.46,0.695,1.92,-0.721,0.421,-0.78,0.74,1.277,-1.395,1.378,-0.877,0.622
Tyler Herro,MIL,PG/SG,90,0.6602,73,1.8248,57.1,30.5,20.03,4.671,4.373,0.75,0.268,2.647,2.033,0.476,15.13,0.887,3.35,0.6,-0.368,0.334,-0.809,-0.79,0.907,-0.043,1.104,-0.274
Jabari Smith,HOU,PF,91,0.6591,108,0.0925,66.5,31.5,14.195,6.724,1.647,0.643,0.817,2.005,1.193,0.461,11.1,0.794,2.47,0.076,0.851,-0.827,-0.812,0.688,0.583,-0.388,-0.026,0.515
Andrew Wiggins,MIA,PF/SF/SG,92,0.6,96,0.4638,64.1,29.8,15.533,4.671,2.554,1.013,0.889,1.941,1.524,0.462,12.3,0.771,2.89,0.212,-0.148,-0.378,0.282,0.789,0.421,-0.39,-0.309,0.122
Ivica Zubac,IND,C,93,0.5969,93,0.6228,62.5,29.1,14.088,10.071,2.223,0.496,0.925,0.083,1.561,0.607,9.97,0.696,2.74,-0.09,2.083,-0.584,-1.394,0.819,-1.735,2.48,-1.108,0.125
Brandin Podziemski,GSW,PG/SG,94,0.4949,125,-0.4486,69.4,27.3,12.823,5.152,3.606,1.044,0.205,1.771,1.396,0.463,9.9,0.79,2.37,-0.064,0.246,0.338,0.653,-0.83,0.395,-0.313,-0.069,0.138
Immanuel Quickley,TOR,PG/SG,95,0.4308,88,1.1302,59.7,29.9,16.028,3.893,5.493,1.106,0.113,2.428,1.467,0.442,12.49,0.833,3.08,0.11,-0.602,0.98,0.333,-1.114,0.793,-0.839,0.431,0.339
Jalen Suggs,ORL,PG,96,0.3901,72,1.8249,56.1,27.2,13.967,3.838,4.588,1.645,0.724,2.082,2.447,0.441,11.29,0.848,2.28,-0.341,-0.716,0.399,1.634,0.169,0.285,-0.726,0.415,-0.73
Paul George,BOS,PF/SF/SG,97,0.3487,46,2.9743,51.3,31.5,18.012,5.299,3.75,1.669,0.469,2.675,2.07,0.436,14.68,0.831,3.04,0.023,-0.336,-0.143,1.299,-0.459,0.651,-0.965,0.337,-0.059
Ausar Thompson,DET,SF/SG,98,0.2758,112,-0.0577,65.7,23.9,9.63,5.465,2.709,1.727,0.831,0.191,1.362,0.53,7.52,0.614,2.39,-0.737,0.254,-0.261,2.673,0.695,-1.602,0.79,-1.834,0.299
Brook Lopez,LAC,C,99,0.1286,139,-1.0351,70.5,24.8,9.767,3.997,1.453,0.585,1.367,1.518,0.912,0.455,7.97,0.787,1.27,-0.591,-0.269,-0.886,-0.887,2.275,0.106,-0.4,-0.058,0.838
Franz Wagner,ORL,PF/SF,100,0.1182,70,1.8923,54.1,30.7,20.866,5.31,3.817,1.053,0.355,1.498,1.864,0.479,15.77,0.846,5.05,0.559,-0.231,-0.024,-0.111,-0.644,-0.363,0.02,0.858,0.054
Devin Vassell,SAS,SF/SG,101,0.0701,115,-0.1794,64.9,29.2,14.421,3.862,2.658,0.962,0.401,2.32,1.064,0.449,11.72,0.808,1.96,0.055,-0.479,-0.306,0.156,-0.385,0.894,-0.69,0.09,0.736
Cameron Johnson,DEN,PF/SF/SG,102,0.0632,92,0.6861,59.6,31.5,14.778,4.228,2.842,0.846,0.414,2.334,1.227,0.472,10.71,0.855,2.72,-0.09,-0.47,-0.333,-0.436,-0.435,0.686,-0.112,0.602,0.65
Tobias Harris,SAS,PF,103,0.0552,121,-0.3178,65.4,27.7,12.889,5.096,2.313,0.901,0.517,1.209,1.062,0.469,10.31,0.859,2.34,-0.188,0.08,-0.482,-0.018,-0.089,-0.399,-0.185,0.608,0.728
Day'Ron Sharpe,BKN,C,104,0.0158,135,-0.7407,68,22.0,8.712,7.777,2.191,1.123,0.667,0.239,1.508,0.573,6.05,0.699,2.19,-0.841,1.403,-0.501,0.845,0.346,-1.535,1.214,-0.933,0.017
Kyrie Irving,DAL,PG/SG,105,-0.0196,16,5.3012,41.8,34.2,23.5,4.75,4.6,1.2,0.46,2.75,2.0,0.48,17.8,0.901,4.05,0.178,-0.83,-0.141,-0.446,-0.641,0.252,0.055,1.131,0.423
John Collins,DET,C/PF,106,-0.036,101,0.3169,60.8,27.1,14.294,5.999,1.291,0.839,0.772,1.297,1.58,0.538,10.16,0.793,2.58,-0.12,0.292,-1.085,-0.406,0.407,-0.403,1.156,-0.035,0.158
Christian Braun,DEN,SF/SG,107,-0.0618,103,0.2852,60.9,32.0,13.386,5.066,2.678,0.863,0.404,1.092,1.015,0.543,9.49,0.798,2.49,-0.261,-0.088,-0.385,-0.332,-0.438,-0.626,1.166,0.009,0.892
Maxime Raynaud,SAC,C,108,-0.089,140,-1.0574,69.0,25.9,12.404,7.258,1.467,0.542,0.524,0.411,1.232,0.572,8.91,0.792,2.26,-0.154,1.213,-0.896,-1.076,-0.001,-1.316,1.793,-0.045,0.395
Keyonte George,UTA,PG/SG,109,-0.1018,106,0.1653,61.5,29.6,18.839,3.533,5.389,0.84,0.209,2.308,2.576,0.443,13.56,0.873,5.16,0.639,-0.703,1.011,-0.373,-0.883,0.74,-0.893,1.543,-1.182
Darryn Peterson,UTA,PG/SG,110,-0.1638,111,-0.0325,62.4,29.5,14.04,5.357,3.259,1.009,0.596,1.628,1.664,0.47,10.89,0.782,2.78,-0.1,0.088,-0.05,0.185,0.039,0.009,-0.162,-0.161,-0.01
Julian Champagnie,SAS,PF/SF/SG,111,-0.1693,155,-1.5675,73.0,24.2,9.97,4.7,1.467,0.715,0.443,2.086,0.827,0.437,7.63,0.854,1.43,-0.488,0.146,-0.848,-0.35,-0.146,0.924,-0.713,0.381,0.923
Paolo Banchero,ORL,PF,112,-0.3525,120,-0.2838,62.9,33.9,22.682,7.922,5.046,0.762,0.574,1.379,2.883,0.467,16.41,0.767,7.78,1.334,1.195,0.892,-0.558,-0.003,-0.261,-0.339,-0.942,-1.669
AJ Dybantsa,WAS,PF/SF,113,-0.3546,116,-0.2136,62.3,29.0,13.798,5.264,3.203,0.992,0.586,1.6,1.635,0.47,10.7,0.782,2.73,-0.144,0.045,-0.082,0.126,0.012,-0.026,-0.159,-0.158,0.032
Nic Claxton,CHI,C/PF,114,-0.3785,138,-0.967,66.7,27.3,11.294,7.17,3.039,0.725,1.254,0.121,1.324,0.57,8.3,0.597,2.87,-0.422,1.06,-0.057,-0.537,1.796,-1.684,1.581,-2.441,0.324
Wendell Carter,ORL,C,115,-0.3904,151,-1.2829,69.0,27.3,10.841,7.044,1.961,0.75,0.596,0.848,1.214,0.5,7.77,0.774,2.88,-0.435,1.114,-0.614,-0.37,0.186,-0.77,0.361,-0.283,0.42
Alex Sarr,WAS,C,116,-0.406,107,0.1249,59.7,24.7,13.839,6.443,2.447,0.713,1.591,1.194,1.5,0.463,11.73,0.702,2.54,-0.23,0.429,-0.524,-0.82,2.227,-0.539,-0.329,-0.914,0.296
Joel Embiid,PHI,C,117,-0.4188,23,4.0064,43.5,32.0,23.785,8.008,3.792,0.701,1.176,1.267,2.716,0.483,16.35,0.858,7.84,0.313,0.182,-0.368,-1.417,0.567,-0.832,0.107,1.347,-0.317
Ja Morant,POR,PG,118,-0.4636,85,1.2601,54,31.5,21.487,4.406,7.328,1.226,0.346,1.497,3.196,0.441,16.88,0.851,5.98,0.641,-0.564,1.542,0.344,-0.662,-0.367,-1.034,1.122,-1.485
Deandre Ayton,WAS,C,119,-0.4787,123,-0.3558,61.7,26.1,12.212,7.836,1.072,0.616,0.86,0.106,1.235,0.622,8.8,0.671,1.72,-0.422,1.095,-1.187,-1.047,0.639,-1.71,2.422,-0.852,0.583
Tre Jones,CHI,PG/SF/SG,120,-0.4886,117,-0.2273,61.3,24.5,11.643,3.08,4.922,1.026,0.189,0.636,1.229,0.544,8.06,0.839,2.67,-0.525,-0.897,0.763,0.178,-0.932,-1.124,1.004,0.443,0.602
Jakob Poeltl,TOR,C,121,-0.519,98,0.4449,57.1,26.0,11.741,7.614,2.307,0.922,0.911,0.106,1.481,0.646,7.92,0.635,2.22,-0.636,0.769,-0.643,-0.324,0.601,-1.72,2.345,-1.314,0.402
Isaiah Hartenstein,OKC,C,122,-0.5605,100,0.3684,57.4,25.1,9.644,9.188,3.38,0.947,0.88,0.097,1.612,0.595,6.85,0.654,2.14,-0.941,1.397,-0.127,-0.238,0.544,-1.728,1.422,-1.12,0.231
Walker Kessler,LAL,C,123,-0.5765,38,3.2986,44.9,29.4,11.514,10.692,1.897,0.724,2.211,0.39,1.595,0.638,7.51,0.595,2.59,-1.038,1.075,-1.029,-1.317,2.389,-1.512,1.669,-1.496,0.681
CJ McCollum,ATL,PG/SG,124,-0.5774,142,-1.0954,66.8,29.2,18.014,3.392,3.702,0.802,0.445,2.533,1.726,0.446,14.94,0.758,2.84,0.755,-0.641,0.314,-0.279,-0.244,1.233,-0.987,-0.471,-0.257
Jeremiah Fears,NOP,PG,125,-0.5861,171,-1.8916,73.0,24.5,13.887,3.672,3.308,1.143,0.371,1.225,1.94,0.454,11.41,0.8,2.87,0.258,-0.361,0.264,1.193,-0.345,-0.212,-0.608,0.045,-0.82
Royce O'Neale,CHA,PF/SF,126,-0.5896,156,-1.5852,70.4,25.4,8.934,4.444,2.393,0.924,0.41,2.34,1.114,0.418,7.45,0.724,0.51,-0.746,-0.058,-0.339,0.288,-0.277,1.15,-0.977,-0.166,0.536
Kristaps Porziņģis,GSW,C,127,-0.6022,68,1.9314,49.9,25.5,16.888,5.677,2.258,0.643,1.273,1.853,1.293,0.467,12.09,0.83,4.52,-0.188,-0.258,-0.801,-1.339,1.035,-0.156,-0.203,0.474,0.833
Kris Dunn,LAC,PG/SG,128,-0.6471,166,-1.7382,71.4,24.5,6.767,3.191,3.208,1.476,0.247,0.93,1.207,0.461,5.68,0.753,0.79,-1.126,-0.633,0.162,2.278,-0.701,-0.628,-0.21,-0.157,0.369
Zach LaVine,SAC,SF/SG,129,-0.6472,105,0.1765,58.0,32.0,19.866,3.559,3.128,0.745,0.232,2.666,2.227,0.489,14.48,0.847,3.57,0.622,-0.776,-0.231,-0.79,-0.859,0.97,0.3,0.671,-0.555
Keegan Murray,SAC,PF/SF,130,-0.6949,90,0.9552,53.9,33.5,13.346,6.08,1.657,0.917,1.048,1.849,0.948,0.444,11.59,0.805,1.51,-0.509,0.044,-0.994,-0.482,0.769,-0.026,-0.662,0.045,1.121
Caleb Wilson,CHI,PF/SF,131,-0.7363,122,-0.3434,60.6,28.6,13.625,5.198,3.163,0.979,0.579,1.579,1.615,0.47,10.56,0.782,2.7,-0.231,-0.041,-0.146,0.007,-0.041,-0.096,-0.153,-0.152,0.117
Aaron Nesmith,IND,SF/SG,132,-0.79,137,-0.9488,64,29.0,13.626,4.296,1.823,0.732,0.525,2.19,1.219,0.452,10.51,0.839,2.3,-0.111,-0.314,-0.768,-0.61,-0.097,0.707,-0.535,0.396,0.543
Jusuf Nurkić,UTA,C,133,-0.7923,118,-0.2342,60,27.0,11.633,11.402,4.542,1.19,0.725,0.703,2.494,0.491,9.21,0.608,3.1,-0.566,2.453,0.522,0.6,0.277,-1.066,0.218,-2.238,-0.993
Collin Sexton,LAL,PG/SG,134,-0.8152,143,-1.1198,65.0,24.9,16.235,2.537,3.633,0.961,0.161,1.643,2.128,0.485,11.68,0.857,3.8,0.367,-1.059,0.221,0.158,-0.973,0.103,0.171,0.947,-0.749
Tari Eason,HOU,SF/SG,135,-0.888,131,-0.5792,61.3,23.8,10.52,5.904,1.483,1.269,0.579,1.33,1.19,0.448,9.1,0.769,1.36,-0.704,0.275,-0.981,0.915,-0.026,-0.354,-0.522,-0.145,0.652
Ace Bailey,UTA,PF/SF,136,-0.9498,160,-1.6507,68.0,25.5,13.126,4.065,1.829,0.805,0.64,1.789,1.337,0.461,11.26,0.767,1.26,-0.058,-0.305,-0.705,-0.222,0.278,0.37,-0.413,-0.163,0.267
Kelly Oubre,IND,PF/SF,137,-0.9532,119,-0.2398,58.9,31.5,14.188,5.256,1.701,1.331,0.504,1.482,1.342,0.462,11.33,0.758,2.94,-0.204,-0.078,-0.904,0.949,-0.244,-0.248,-0.32,-0.423,0.52
Quentin Grimes,LAL,SG,138,-0.955,168,-1.7938,69.2,27.3,13.111,3.736,3.003,0.873,0.337,1.788,1.66,0.457,9.86,0.814,2.84,-0.021,-0.426,-0.015,0.054,-0.486,0.408,-0.439,0.215,-0.245
Grayson Allen,CHA,SF/SG,139,-1.0644,130,-0.5634,60.0,26.4,13.299,3.081,2.975,1.053,0.311,2.576,1.367,0.425,10.16,0.845,2.47,-0.303,-0.923,-0.255,0.196,-0.664,0.968,-0.996,0.455,0.457
Damian Lillard,POR,PG,140,-1.1121,43,3.0654,43.5,32.0,20.835,4.201,5.845,1.007,0.219,2.739,2.398,0.435,14.88,0.911,5.65,-0.021,-0.937,0.372,-0.761,-1.009,0.328,-0.864,1.801,-0.021
Cedric Coward,MEM,SF/SG,141,-1.1218,145,-1.1627,63.0,24.6,13.118,5.604,2.693,0.651,0.431,1.453,1.564,0.481,9.88,0.843,2.57,-0.231,0.213,-0.33,-0.899,-0.341,-0.174,0.053,0.483,0.104
Jrue Holiday,POR,PG/SG,142,-1.1315,134,-0.6768,60.2,29.2,13.46,4.435,4.861,0.969,0.3,2.094,2.097,0.444,11.25,0.844,1.63,-0.272,-0.368,0.689,-0.045,-0.685,0.452,-0.71,0.299,-0.491
Darius Acuff,SAC,PG/SG,143,-1.1499,133,-0.6616,59.9,31.0,9.943,5.634,2.308,1.061,0.627,1.153,1.178,0.47,7.71,0.782,1.97,-0.834,0.107,-0.59,0.212,0.051,-0.581,-0.11,-0.109,0.705
Anthony Black,ORL,PG/SF/SG,144,-1.2428,164,-1.7239,66.7,26.3,12.21,3.456,3.26,1.22,0.635,1.225,1.757,0.454,9.67,0.747,2.96,-0.261,-0.614,0.067,1.092,0.234,-0.35,-0.484,-0.63,-0.297
Bobby Portis,MIA,C/PF,145,-1.2483,144,-1.1378,62.1,24.2,13.332,6.697,1.688,0.661,0.298,1.693,1.055,0.481,11.12,0.758,1.24,-0.225,0.641,-0.866,-0.895,-0.669,0.074,0.07,-0.189,0.811
Kyle Filipowski,UTA,C/PF,146,-1.2531,184,-2.1328,69.5,20.9,10.246,6.306,2.251,0.808,0.419,0.957,1.389,0.505,7.5,0.737,2.32,-0.529,0.79,-0.439,-0.153,-0.267,-0.626,0.436,-0.612,0.146
Keldon Johnson,SAS,PF/SF,147,-1.2762,190,-2.4664,72.0,22.8,12.593,4.95,1.544,0.583,0.197,1.189,0.911,0.504,9.47,0.79,2.36,-0.021,0.237,-0.814,-0.853,-0.832,-0.28,0.549,-0.073,0.81
Stephon Castle,SAS,PG/SG,148,-1.3693,178,-2.0645,68.5,27.3,15.396,4.6,5.869,1.031,0.285,1.176,2.534,0.469,11.35,0.743,4.81,0.367,-0.041,1.596,0.563,-0.631,-0.371,-0.22,-1.123,-1.508
Andrew Nembhard,IND,PG/SG,149,-1.4279,150,-1.2816,62.1,29.2,13.694,2.985,6.17,0.99,0.166,1.409,2.002,0.456,10.77,0.818,3.03,-0.169,-0.921,1.435,0.108,-0.98,-0.248,-0.464,0.257,-0.447
Santi Aldama,DAL,PF/SF,150,-1.4522,132,-0.6546,57.8,25.6,12.564,6.136,2.736,0.797,0.608,1.648,1.143,0.481,9.92,0.684,1.99,-0.492,0.225,-0.425,-0.649,-0.039,-0.105,0.061,-0.83,0.801
Zion Williamson,NOP,PF/SF,151,-1.4663,127,-0.4979,56.7,28.1,20.338,5.636,3.576,0.978,0.592,0.128,2.11,0.587,13.07,0.709,6.86,0.621,-0.013,-0.056,-0.187,-0.1,-1.698,2.5,-2.186,-0.347
Isaiah Stewart,MEM,C/PF,152,-1.4667,161,-1.7034,63.7,21.7,8.691,5.142,1.435,0.35,1.372,0.616,1.058,0.547,6.11,0.773,1.81,-0.943,0.04,-0.978,-1.824,1.937,-1.12,0.826,-0.177,0.773
Saddiq Bey,NOP,PF/SF,153,-1.4695,109,0.0744,53.8,29.8,16.239,5.419,2.345,0.893,0.133,1.945,0.932,0.45,12.38,0.839,3.74,-0.107,-0.202,-0.69,-0.551,-1.1,0.063,-0.567,0.541,1.142
Naji Marshall,DAL,PF/SF/SG,154,-1.4784,185,-2.1438,68.0,26.5,13.097,4.378,2.893,0.984,0.127,0.834,1.468,0.506,9.77,0.772,3.08,-0.063,-0.161,-0.106,0.378,-1.043,-0.804,0.572,-0.328,0.076
Mitchell Robinson,BOS,C,155,-1.4847,141,-1.0698,60,21.0,6.4,8.45,1.04,0.988,1.147,0.119,0.778,0.659,4.12,0.47,1.81,-1.385,1.256,-1.217,0.0,1.236,-1.7,1.382,-2.274,1.216
Shaedon Sharpe,POR,PG/SG,156,-1.4893,146,-1.1998,61.3,29.4,19.137,4.453,2.707,1.138,0.198,1.999,2.388,0.46,15.53,0.795,3.58,0.675,-0.327,-0.36,0.518,-0.911,0.388,-0.521,-0.028,-0.924
Moses Moody,GSW,PF/SF/SG,157,-1.4936,167,-1.7416,64.7,23.4,10.98,3.119,1.518,0.875,0.496,2.053,0.852,0.449,8.34,0.786,1.83,-0.532,-0.808,-0.921,-0.129,-0.154,0.575,-0.478,-0.081,1.035
Dylan Harper,SAS,PG/SG,158,-1.5586,181,-2.0759,66.5,21.3,11.399,3.373,3.632,0.764,0.349,0.896,1.3,0.518,8.88,0.771,1.7,-0.41,-0.657,0.265,-0.418,-0.491,-0.752,0.725,-0.185,0.364
P.J. Washington,DAL,C/PF/SF,159,-1.6364,148,-1.2122,60.2,29.6,13.436,6.619,1.908,0.968,0.958,1.418,1.657,0.45,11.02,0.702,2.98,-0.277,0.52,-0.784,-0.05,0.813,-0.286,-0.57,-1.083,0.079
Jake LaRavia,LAL,SF/SG,160,-1.6393,191,-2.4976,69.8,23.2,8.106,3.931,1.954,1.129,0.425,0.977,1.103,0.467,6.12,0.755,1.87,-0.91,-0.317,-0.604,0.965,-0.246,-0.595,-0.149,-0.348,0.565
Kyshawn George,WAS,SF/SG,161,-1.6866,149,-1.2477,59.9,25.6,11.582,4.463,3.385,0.937,0.762,1.765,1.862,0.432,9.47,0.796,2.04,-0.576,-0.365,-0.055,-0.152,0.359,0.084,-0.8,-0.005,-0.176
Draymond Green,GSW,C/PF,162,-1.7029,182,-2.089,66.0,27.4,8.53,5.601,5.285,1.033,0.727,1.308,2.552,0.421,7.29,0.698,1.54,-0.919,0.326,1.152,0.441,0.446,-0.268,-0.846,-0.641,-1.394
Max Christie,DAL,SF/SG,163,-1.7119,194,-2.7472,71.0,25.6,10.41,3.109,1.817,0.634,0.351,1.826,1.074,0.449,7.9,0.878,1.71,-0.458,-0.68,-0.666,-0.701,-0.427,0.517,-0.509,0.631,0.581
Yaxel Lendeborg,GSW,PF/SF,164,-1.7129,152,-1.3221,60.1,25.9,12.32,4.7,2.86,0.885,0.523,1.428,1.46,0.47,9.55,0.782,2.44,-0.453,-0.262,-0.31,-0.295,-0.178,-0.275,-0.137,-0.136,0.334
Bennedict Mathurin,LAC,SF/SG,165,-1.759,162,-1.7077,62.3,28.5,16.253,5.147,2.186,0.725,0.285,1.362,1.9,0.451,11.65,0.856,5.13,0.256,-0.005,-0.606,-0.693,-0.697,-0.294,-0.612,1.214,-0.322
Mikel Brown,BKN,PG/SG,166,-1.8448,154,-1.4665,60.2,25.5,12.127,4.627,2.815,0.872,0.515,1.406,1.437,0.47,9.4,0.782,2.4,-0.483,-0.291,-0.332,-0.336,-0.197,-0.299,-0.135,-0.134,0.363
Collin Gillespie,PHX,PG/SG,167,-1.8548,169,-1.8123,62.7,21.7,9.664,3.211,3.478,0.943,0.175,2.114,1.15,0.425,7.95,0.857,0.93,-0.805,-0.812,0.072,-0.003,-0.953,0.569,-0.819,0.227,0.67
Anfernee Simons,PHI,PG/SG,168,-1.9216,170,-1.8695,62.4,27.0,15.751,2.647,3.34,0.612,0.135,2.657,1.56,0.437,12.93,0.894,2.02,0.179,-1.056,-0.008,-1.036,-1.05,1.172,-1.034,0.783,0.128
Zach Edey,MEM,C,169,-1.9357,95,0.5088,48.3,23.2,10.882,8.69,1.281,0.626,1.363,0.393,1.567,0.583,7.56,0.746,2.24,-1.015,0.666,-1.221,-1.43,1.122,-1.485,1.187,-0.352,0.594
Sam Hauser,BOS,PF/SF,170,-1.9357,196,-2.7786,69.6,23.2,8.957,3.582,1.31,0.523,0.273,2.375,0.452,0.433,7.28,0.848,0.33,-0.761,-0.488,-0.98,-1.128,-0.65,1.159,-0.705,0.074,1.543
Malik Monk,SAC,PG/SG,171,-1.9552,180,-2.0725,63.6,24.6,13.69,2.619,3.829,0.693,0.454,1.952,1.759,0.441,11.26,0.861,2.11,-0.116,-1.048,0.281,-0.75,-0.277,0.415,-0.828,0.548,-0.181
Dillon Brooks,PHX,PF/SF/SG,172,-1.9562,176,-2.0356,63.7,30.2,16.532,3.599,1.761,0.904,0.193,2.2,1.419,0.432,14.03,0.831,2.66,0.362,-0.623,-0.805,-0.079,-0.904,0.706,-1.267,0.376,0.278
Bilal Coulibaly,WAS,PF/SF,173,-1.9573,158,-1.6119,60.6,25.8,10.86,4.23,2.575,1.181,0.785,1.063,1.458,0.439,8.77,0.754,2.77,-0.671,-0.441,-0.443,0.605,0.429,-0.664,-0.635,-0.462,0.323
Rui Hachimura,LAC,PF/SF,174,-1.9619,187,-2.1836,64.2,28.2,11.836,3.826,1.098,0.626,0.351,1.627,0.706,0.513,8.95,0.734,1.41,-0.404,-0.512,-1.15,-0.941,-0.517,0.06,0.617,-0.36,1.245
Duncan Robinson,DET,SF/SG,175,-1.9911,200,-2.8506,69.8,25.4,11.361,2.517,2.157,0.566,0.205,2.566,0.907,0.446,8.8,0.784,1.2,-0.316,-0.985,-0.487,-0.971,-0.828,1.413,-0.605,-0.07,0.858
Keaton Wagler,LAC,PG/SG,176,-2.0256,157,-1.6041,59.8,25.1,11.943,4.557,2.772,0.858,0.507,1.385,1.415,0.47,9.26,0.782,2.37,-0.525,-0.332,-0.363,-0.392,-0.222,-0.332,-0.132,-0.131,0.403
Luguentz Dort,ATL,SF/SG,177,-2.026,192,-2.5161,66.9,26.1,8.874,3.595,1.377,0.921,0.442,1.902,0.769,0.413,7.56,0.769,0.94,-0.838,-0.548,-0.971,0.116,-0.25,0.472,-1.01,-0.109,1.114
Aaron Gordon,DEN,C/PF,178,-2.0708,129,-0.5377,52.9,30.5,16.027,5.871,3.189,0.632,0.371,1.522,1.365,0.511,11.08,0.762,4.18,-0.173,-0.072,-0.337,-1.272,-0.626,-0.372,0.6,-0.487,0.667
Morez Johnson,DAL,C/PF,179,-2.0973,163,-1.7107,59.9,24.8,11.801,4.503,2.739,0.848,0.501,1.368,1.398,0.47,9.15,0.782,2.34,-0.541,-0.348,-0.375,-0.414,-0.232,-0.346,-0.131,-0.13,0.419
Derrick Jones,LAC,PF/SF,180,-2.1015,179,-2.0648,62.3,24.9,9.799,3.405,1.175,0.896,0.709,1.057,0.847,0.504,7.41,0.74,1.72,-0.794,-0.739,-1.128,-0.17,0.302,-0.638,0.37,-0.391,1.086
Kingston Flemings,ATL,PG/SG,181,-2.1069,165,-1.724,60.0,24.7,11.783,4.496,2.735,0.847,0.5,1.366,1.396,0.47,9.14,0.782,2.33,-0.543,-0.35,-0.376,-0.417,-0.234,-0.347,-0.131,-0.13,0.421
Luke Kennard,PHX,PG/SF/SG,182,-2.1188,195,-2.7552,67.6,21.8,8.602,2.552,2.544,0.702,0.112,1.581,0.91,0.505,6.12,0.889,0.95,-0.869,-1.006,-0.31,-0.579,-1.083,0.106,0.342,0.382,0.898
Tim Hardaway,MIA,SF/SG,183,-2.1297,208,-3.1339,71.4,26.7,12.561,2.626,1.498,0.523,0.127,2.5,0.639,0.426,9.66,0.82,2.23,-0.047,-0.906,-0.849,-1.08,-1.027,1.4,-1.097,0.238,1.239
Kevin Huerter,DET,SF/SG,184,-2.1331,193,-2.5716,66.3,22.3,9.689,3.252,2.395,0.866,0.41,1.552,0.981,0.444,8.35,0.763,0.94,-0.71,-0.715,-0.419,-0.09,-0.341,0.032,-0.576,-0.136,0.822
Ajay Mitchell,OKC,PG/SG,185,-2.1411,147,-1.2082,56.3,22.5,11.449,2.999,3.025,1.053,0.275,0.964,1.199,0.493,8.63,0.863,2.3,-0.704,-1.031,-0.323,0.005,-0.782,-0.847,0.223,0.55,0.768
Fred VanVleet,HOU,PG,186,-2.1423,77,1.5234,43.9,33.8,14.28,3.752,5.674,1.39,0.516,2.537,1.501,0.394,12.36,0.823,2.44,-0.751,-1.059,0.329,0.089,-0.511,0.186,-1.411,0.183,0.803
Al Horford,GSW,C/PF,187,-2.1782,153,-1.4443,57.4,23.5,8.255,5.117,2.286,0.608,0.916,1.6,0.882,0.424,7.17,0.84,0.67,-1.151,-0.188,-0.648,-1.202,0.62,-0.168,-0.681,0.108,1.131
Jaime Jaquez,MIL,PF/SF/SG,188,-2.1879,198,-2.8195,67.7,24.2,12.276,4.408,3.584,0.729,0.256,0.712,1.647,0.502,9.65,0.774,2.43,-0.218,-0.155,0.275,-0.487,-0.714,-0.957,0.482,-0.239,-0.174
Tristan da Silva,ORL,PF/SF,189,-2.1893,206,-3.0505,69.9,23.3,9.056,3.57,1.626,0.738,0.305,1.383,0.85,0.447,7.44,0.873,1.16,-0.735,-0.486,-0.793,-0.379,-0.562,-0.08,-0.493,0.395,0.944
Jerami Grant,MEM,PF/SF,190,-2.2384,159,-1.6439,58.5,29.5,16.674,3.418,2.164,0.757,0.681,2.178,1.832,0.431,12.32,0.817,4.74,0.159,-0.821,-0.686,-0.736,0.138,0.476,-1.045,0.359,-0.082
Harrison Barnes,SAS,C/PF,191,-2.3223,214,-3.3442,71.5,25.1,10.266,2.98,1.696,0.569,0.165,1.697,0.726,0.469,7.54,0.812,1.84,-0.473,-0.733,-0.73,-0.916,-0.924,0.365,-0.144,0.129,1.104
Davion Mitchell,MIA,PG,192,-2.3362,201,-2.8976,67.4,26.6,8.627,2.497,5.349,0.89,0.181,1.192,1.484,0.48,7.02,0.675,1.03,-0.869,-1.035,1.252,0.04,-0.908,-0.375,0.027,-0.54,0.071
RJ Barrett,TOR,PF/SF/SG,193,-2.3369,174,-2.0232,60.7,30.5,19.443,5.545,3.887,0.744,0.339,1.702,2.049,0.487,14.73,0.695,4.86,0.692,0.102,0.218,-0.697,-0.592,0.039,0.264,-1.914,-0.449
Ziaire Williams,LAL,SF/SG,194,-2.3381,183,-2.1308,61.4,22.8,10.001,3.254,1.28,1.143,0.384,1.506,1.062,0.428,7.77,0.84,2.2,-0.786,-0.824,-1.084,0.538,-0.478,-0.157,-0.739,0.371,0.82
Precious Achiuwa,SAC,C/PF,195,-2.3883,202,-2.9558,67.3,22.1,8.819,6.113,1.309,0.817,0.688,0.365,0.882,0.519,7.2,0.586,1.66,-0.838,0.61,-1.005,-0.208,0.383,-1.384,0.619,-1.51,0.944
Herbert Jones,NOP,SF/SG,196,-2.4302,136,-0.8753,52.9,28.3,9.417,3.508,2.754,1.494,0.521,1.373,1.319,0.414,8.3,0.82,1.43,-1.087,-0.919,-0.528,0.975,-0.327,-0.516,-0.864,0.115,0.721
Zaccharie Risacher,DAL,SF,197,-2.5418,207,-3.0634,67.1,21.9,10.355,3.666,1.221,0.789,0.503,1.436,0.932,0.471,8.33,0.696,1.54,-0.575,-0.511,-1.056,-0.313,-0.093,-0.087,-0.119,-0.663,0.876
Jalen Green,PHX,SF/SG,198,-2.6086,172,-1.9044,57.8,27.9,18.145,4.139,3.052,0.88,0.302,2.356,2.125,0.432,15.18,0.797,3.34,0.351,-0.555,-0.273,-0.413,-0.709,0.636,-1.237,0.01,-0.418
Yves Missi,NOP,C,199,-2.6317,209,-3.1656,66.4,20.9,6.921,6.281,1.333,0.388,1.346,0.081,0.873,0.55,5.16,0.616,1.89,-1.189,0.645,-1.002,-1.651,2.01,-1.732,0.762,-1.451,0.974
Bez Mbeng,UTA,PG/SG,200,-2.6716,205,-3.0489,66.1,20.7,6.476,2.799,2.582,1.277,0.268,0.487,0.972,0.499,5.08,0.705,1.31,-1.271,-0.923,-0.322,1.24,-0.7,-1.247,0.218,-0.507,0.84
Jaylen Wells,MEM,SF/SG,201,-2.6961,215,-3.3447,68.4,25.0,11.496,3.258,1.67,0.753,0.139,1.757,0.961,0.441,9.09,0.8,2.14,-0.334,-0.665,-0.788,-0.381,-1.01,0.346,-0.704,0.033,0.807
Jordan Poole,NOP,PG/SG,202,-2.7417,173,-1.9878,57.2,24.9,15.282,2.447,3.464,0.852,0.361,2.54,2.105,0.411,12.28,0.869,3.03,-0.106,-1.227,-0.094,-0.519,-0.587,0.798,-1.446,0.805,-0.365
Bub Carrington,WAS,PG/SG,203,-2.7809,227,-3.8734,73.0,25.9,9.89,3.465,4.225,0.616,0.224,1.797,1.862,0.433,8.28,0.765,1.21,-0.504,-0.463,0.819,-0.705,-0.75,0.543,-0.846,-0.177,-0.697
Egor Dëmin,BKN,PG/SG,204,-2.8003,186,-2.18,58.0,24.3,10.473,3.32,3.256,0.813,0.363,2.265,1.524,0.423,8.36,0.83,1.37,-0.803,-0.872,-0.171,-0.597,-0.573,0.546,-0.825,0.171,0.322
Miles McBride,NYK,PG/SG,205,-2.81,175,-2.0252,57.0,24.7,10.592,2.503,2.607,0.912,0.244,2.154,0.733,0.425,8.87,0.805,1.12,-0.812,-1.209,-0.504,-0.359,-0.844,0.39,-0.824,0.033,1.322
De'Andre Hunter,SAC,PF/SF,206,-2.9032,188,-2.3446,58.2,26.1,14.519,3.992,1.769,0.716,0.194,1.908,1.458,0.443,11.04,0.853,3.33,-0.181,-0.602,-0.882,-0.867,-0.942,0.18,-0.701,0.693,0.397
Collin Murray-Boyles,TOR,C/PF,207,-3.0151,199,-2.8211,60.5,18.1,7.411,4.143,1.636,0.76,0.741,0.344,0.852,0.576,5.18,0.686,1.6,-1.218,-0.479,-0.915,-0.655,0.326,-1.453,0.952,-0.686,1.113
Alex Caruso,OKC,PF/SF,208,-3.1692,197,-2.7932,59.6,17.4,6.217,2.615,2.007,1.188,0.397,0.968,0.795,0.437,5.18,0.796,0.91,-1.421,-1.12,-0.744,0.571,-0.475,-0.786,-0.395,-0.001,1.201
Klay Thompson,MIA,PF/SF/SG,209,-3.2173,224,-3.7002,67.1,22.9,12.056,2.519,1.608,0.536,0.344,2.706,1.043,0.4,10.74,0.836,0.92,-0.277,-1.031,-0.841,-1.15,-0.497,1.454,-1.745,0.154,0.716
Sandro Mamukelashvili,LAL,C/PF,210,-3.2692,229,-3.9317,68.2,14.9,7.665,3.479,1.291,0.525,0.351,1.008,0.588,0.516,5.48,0.75,1.33,-1.022,-0.568,-1.004,-1.156,-0.462,-0.585,0.442,-0.271,1.357
Kentavious Caldwell-Pope,PHI,PG/SG,211,-3.2826,211,-3.2959,62.6,23.8,8.183,2.277,2.155,0.966,0.297,1.192,0.979,0.426,6.8,0.881,1.37,-1.05,-1.21,-0.617,0.06,-0.667,-0.479,-0.686,0.462,0.903
Dennis Schröder,CHA,PG/SG,212,-3.3338,228,-3.8822,67.8,24.7,11.105,2.632,4.72,0.765,0.17,1.253,1.721,0.408,9.35,0.83,2.68,-0.422,-0.967,0.915,-0.364,-0.932,-0.292,-1.378,0.392,-0.285
Noah Clowney,BKN,C/PF,213,-3.4088,210,-3.2582,61.0,23.8,10.777,3.916,1.437,0.664,0.592,1.767,1.255,0.407,8.35,0.813,2.71,-0.671,-0.557,-1.008,-0.922,-0.003,0.122,-1.115,0.17,0.574
Sam Merrill,CLE,SF/SG,214,-3.4163,216,-3.3556,61.7,20.5,9.084,2.207,1.816,0.576,0.152,2.188,0.612,0.441,6.97,0.862,0.88,-0.924,-1.253,-0.806,-1.167,-1.015,0.613,-0.496,0.225,1.407
AJ Green,MIL,SF/SG,215,-3.4285,238,-4.2112,70.0,23.6,8.461,2.402,1.616,0.456,0.109,2.326,0.744,0.43,6.48,0.839,0.67,-0.842,-1.037,-0.797,-1.347,-1.08,1.117,-0.67,0.127,1.1
Isaiah Collier,UTA,PG,216,-3.4562,222,-3.6016,63.8,23.8,10.122,2.805,6.257,0.987,0.295,0.539,2.328,0.483,7.81,0.726,2.8,-0.701,-0.963,1.573,0.185,-0.656,-1.206,0.084,-0.801,-0.971
Jay Huff,IND,C,217,-3.5052,243,-4.32,69.4,12.3,5.857,2.268,0.856,0.297,1.002,0.913,0.556,0.482,4.47,0.815,0.77,-1.326,-1.108,-1.242,-1.904,1.265,-0.683,0.042,0.062,1.389
Nique Clifford,SAC,SF/SG,218,-3.5503,239,-4.2381,69.5,24.5,8.79,3.786,2.395,0.895,0.332,1.045,1.474,0.431,7.83,0.737,1.36,-0.793,-0.394,-0.357,0.146,-0.498,-0.515,-0.796,-0.362,0.02
Jalen Smith,CHI,C/PF,219,-3.5543,218,-3.4323,60.6,15.8,8.182,5.162,1.053,0.342,0.614,1.144,0.723,0.491,6.07,0.761,1.41,-1.092,-0.056,-1.205,-1.9,0.039,-0.574,0.153,-0.195,1.277
Cormac Ryan,MIL,PG/SG,220,-3.56,204,-3.0186,57.4,17.9,9.749,2.397,1.542,0.692,0.261,1.489,1.083,0.503,6.7,0.87,1.74,-0.926,-1.243,-1.0,-0.961,-0.802,-0.281,0.302,0.468,0.883
Jordan Goodwin,PHX,SF/SG,221,-3.5685,232,-3.991,66.7,16.1,6.147,3.475,1.594,0.997,0.191,1.045,0.725,0.418,5.54,0.727,0.64,-1.317,-0.606,-0.854,0.36,-0.886,-0.568,-0.685,-0.191,1.179
Isaac Okoro,CHI,SF/SG,222,-3.6015,221,-3.5802,61.9,24.3,8.535,2.748,1.584,0.701,0.418,1.128,0.673,0.471,6.57,0.772,1.57,-1.008,-1.023,-0.922,-0.781,-0.39,-0.566,-0.083,-0.151,1.324
Marcus Smart,HOU,PG/SF/SG,223,-3.6433,203,-2.9972,57.3,24.8,8.892,2.557,2.828,1.232,0.328,1.425,1.459,0.399,7.37,0.802,1.97,-1.057,-1.182,-0.392,0.564,-0.658,-0.351,-1.027,0.037,0.422
Goga Bitadze,ORL,C,224,-3.7273,235,-4.1196,65.2,13.1,4.959,4.123,1.206,0.474,0.821,0.085,0.622,0.624,3.21,0.69,1.26,-1.544,-0.357,-1.084,-1.399,0.656,-1.728,0.944,-0.563,1.348
Jaylin Williams,OKC,C,225,-3.8231,225,-3.733,60.9,16.1,6.033,4.591,2.095,0.431,0.529,1.205,0.793,0.439,4.54,0.795,1.06,-1.428,-0.281,-0.677,-1.627,-0.149,-0.501,-0.333,-0.007,1.18
Sion James,CHA,SF/SG,226,-3.8565,247,-4.8465,73.0,21.3,5.63,3.429,1.961,0.625,0.252,0.996,0.784,0.395,4.57,0.835,1.23,-1.315,-0.481,-0.549,-0.673,-0.673,-0.514,-0.859,0.217,0.99
Pelle Larsson,MIA,SF/SG,227,-3.8616,233,-4.0763,64.0,22.1,9.347,2.978,2.668,0.658,0.212,0.811,1.112,0.491,6.63,0.786,2.57,-0.825,-0.884,-0.32,-0.843,-0.855,-0.89,0.176,-0.111,0.69
Will Riley,WAS,PF/SF/SG,228,-3.9315,245,-4.5865,69.0,20.1,9.727,2.792,1.896,0.689,0.154,1.005,1.119,0.457,7.56,0.809,2.23,-0.636,-0.871,-0.651,-0.576,-0.968,-0.575,-0.333,0.118,0.561
Kyle Kuzma,MIL,PF/SF,229,-3.9321,240,-4.2617,65.5,26.0,13.349,4.712,2.549,0.59,0.381,1.286,1.837,0.467,10.91,0.704,2.67,-0.104,-0.085,-0.351,-1.015,-0.423,-0.304,-0.252,-1.032,-0.365
Tre Johnson,WAS,PG/SG,230,-3.9736,230,-3.9743,62.0,21.9,11.431,2.812,1.973,0.545,0.3,1.744,1.351,0.439,9.6,0.86,1.46,-0.538,-0.995,-0.722,-1.255,-0.666,0.127,-0.714,0.369,0.422
Aday Mara,OKC,C,231,-4.0007,226,-3.7629,59.7,19.0,9.064,3.458,2.104,0.651,0.385,1.051,1.074,0.47,7.03,0.782,1.79,-0.975,-0.777,-0.694,-1.003,-0.5,-0.694,-0.1,-0.099,0.842
De'Anthony Melton,GSW,PG/SG,232,-4.007,177,-2.0457,48.1,22.1,11.355,3.218,2.481,1.382,0.392,1.458,1.625,0.411,9.82,0.814,2.24,-0.962,-1.127,-0.746,0.357,-0.655,-0.56,-0.975,0.121,0.541
Jaylon Tyson,CLE,PF/SF/SG,233,-4.0346,231,-3.9758,61.2,18.0,8.756,3.521,1.586,0.561,0.278,1.287,0.987,0.495,6.68,0.756,1.13,-0.988,-0.715,-0.93,-1.228,-0.726,-0.403,0.216,-0.181,0.92
Dru Smith,MIA,PG/SG,234,-4.0886,217,-3.3602,55.9,15.2,5.455,2.322,2.205,1.223,0.289,0.585,0.767,0.431,4.39,0.82,1.33,-1.591,-1.295,-0.713,0.454,-0.757,-1.237,-0.359,0.112,1.297
Taurean Prince,DET,PF/SF,235,-4.1655,219,-3.4367,55.6,24.0,8.195,3.152,1.739,0.745,0.246,1.798,1.021,0.45,6.56,0.806,0.61,-1.198,-0.988,-0.933,-0.878,-0.852,-0.02,-0.316,0.02,0.999
Scoot Henderson,POR,PG,236,-4.2507,213,-3.3038,54.1,25.0,13.124,2.966,4.344,0.916,0.258,1.635,2.412,0.429,10.49,0.811,3.07,-0.535,-1.089,0.21,-0.479,-0.841,-0.23,-0.862,0.154,-0.58
Robert Williams,POR,C,237,-4.2936,220,-3.4626,53.8,12.3,4.852,4.575,0.804,0.434,0.968,0.168,0.611,0.659,3.18,0.665,0.74,-1.706,-0.509,-1.376,-1.77,0.601,-1.666,0.956,-0.337,1.513
Patrick Williams,CHI,PF,238,-4.3725,246,-4.7446,66.2,22.2,8.031,3.348,1.68,0.73,0.435,1.386,1.143,0.398,7.23,0.738,1.22,-1.0,-0.674,-0.813,-0.537,-0.279,-0.169,-1.189,-0.304,0.594
Josh Dix,OKC,PG/SG,239,-4.3761,234,-4.1174,59.2,18.0,8.591,3.278,1.994,0.617,0.365,0.996,1.018,0.47,6.66,0.782,1.7,-1.06,-0.862,-0.757,-1.119,-0.552,-0.763,-0.094,-0.093,0.925
Dylan Cardwell,SAC,C/PF,240,-4.4737,223,-3.6687,54.0,15.3,4.615,5.259,1.168,0.52,1.021,0.162,0.682,0.565,3.44,0.583,0.96,-1.737,-0.254,-1.212,-1.537,0.717,-1.67,0.5,-0.708,1.427
Bennett Stirtz,OKC,PG/SG,241,-4.5359,241,-4.2773,59.0,17.6,8.378,3.196,1.945,0.602,0.356,0.971,0.993,0.47,6.5,0.782,1.66,-1.097,-0.898,-0.784,-1.169,-0.575,-0.792,-0.092,-0.091,0.96
Khris Middleton,WAS,PF/SF,242,-4.6095,242,-4.3073,58.7,21.2,9.888,3.419,2.919,0.667,0.173,1.063,1.572,0.436,8.18,0.857,1.97,-0.872,-0.816,-0.315,-0.99,-0.985,-0.7,-0.618,0.448,0.237
Jamal Shead,TOR,PG/SG,243,-4.6443,249,-5.4308,71.6,17.8,5.864,1.526,4.083,0.729,0.154,0.851,1.147,0.394,5.28,0.786,1.09,-1.292,-1.435,0.686,-0.347,-0.953,-0.727,-0.98,-0.052,0.456
Matisse Thybulle,LAL,SF/SG,244,-4.7548,189,-2.4026,44.0,15.5,5.408,2.024,1.093,1.482,0.471,1.027,0.744,0.44,4.3,0.762,0.78,-1.766,-1.571,-1.336,0.296,-0.585,-1.011,-0.221,-0.076,1.515
Grant Williams,CHA,PF,245,-5.0867,212,-3.2987,46.0,22.4,8.324,4.066,1.862,0.595,0.525,1.46,1.098,0.444,6.19,0.803,1.7,-1.387,-0.908,-1.024,-1.571,-0.454,-0.613,-0.296,0.033,1.133
D'Angelo Russell,MEM,PG/SG,246,-5.2453,236,-4.186,51.3,21.3,10.96,2.475,4.102,0.668,0.268,1.594,1.63,0.414,9.31,0.788,2.11,-0.921,-1.316,0.007,-1.234,-0.85,-0.35,-0.948,-0.058,0.425
Nolan Traore,BKN,PG,247,-5.3697,248,-5.2335,60.0,21.4,9.087,2.029,3.634,0.798,0.414,1.102,2.04,0.406,8.16,0.797,1.71,-0.965,-1.351,0.07,-0.562,-0.431,-0.634,-1.094,0.003,-0.407
Bogdan Bogdanović,HOU,PG/SF/SG,248,-5.4985,244,-4.32,49.6,21.2,9.433,2.645,2.267,0.641,0.201,1.663,1.163,0.416,8.05,0.853,1.25,-1.167,-1.287,-0.803,-1.354,-0.993,-0.337,-0.76,0.222,0.98
Lonnie Walker,DEN,PF/SF/SG,249,-5.5338,250,-5.7079,63.2,15.0,7.782,2.179,1.463,0.415,0.244,1.286,0.785,0.435,6.52,0.785,1.04,-1.104,-1.243,-0.969,-1.63,-0.787,-0.36,-0.545,-0.048,1.153
Max Strus,LAC,PF/SF,250,-5.7836,237,-4.1945,45.5,20.0,8.034,3.538,2.293,0.438,0.194,1.723,0.876,0.438,6.5,0.796,0.78,-1.434,-1.086,-0.871,-1.939,-1.036,-0.412,-0.366,-0.002,1.363
