player,src_name,team,pos,status,xrank,yrank,adp,gp,fg_pct,ft_pct,tpm,pts,reb,ast,stl,blk,tov,tpm_tot,pts_tot,reb_tot,ast_tot,stl_tot,blk_tot,tov_tot
Nikola Jokic,N. Jokić,DEN,C,,1,1,1.6,71,0.574,0.82,1.7,27.9,13.1,10.1,1.5,0.8,3.4,120,1978,927,717,108,54,242
Victor Wembanyama,V. Wembanyama,SAS,C,,2,3,1.8,68,0.519,0.822,1.9,25.7,11.4,3.4,1.0,3.4,2.8,130,1750,775,230,69,230,188
Luka Doncic,L. Dončić,LAL,"PG,SG",,3,5,3.4,66,0.472,0.782,3.8,31.9,7.7,8.2,1.6,0.5,3.8,248,2104,509,539,105,32,249
Shai Gilgeous-Alexander,S. Gilgeous-Alexander,OKC,PG,Q,4,2,4.0,73,0.537,0.885,1.7,30.9,4.6,6.3,1.6,0.9,2.2,127,2257,338,463,116,63,163
Cade Cunningham,C. Cunningham,DET,"PG,SG",,5,25,6.0,69,0.461,0.831,2.1,24.9,6.1,9.5,1.2,0.8,4.0,143,1717,418,657,86,52,277
Giannis Antetokounmpo,G. Antetokounmpo,MIA,"PF,C",,6,50,6.8,68,0.61,0.638,0.4,29.7,10.5,6.3,1.0,1.0,3.3,24,2020,712,428,68,68,223
Jayson Tatum,J. Tatum,BOS,"SF,PF",,7,14,8.7,68,0.456,0.821,3.2,25.2,9.2,5.3,1.1,0.5,2.6,220,1711,626,363,72,31,177
Anthony Edwards,A. Edwards,MIN,"PG,SG",,8,6,7.7,76,0.468,0.818,3.5,28.2,5.6,3.5,1.3,0.7,3.1,265,2143,428,266,98,53,232
Tyrese Maxey,T. Maxey,PHI,PG,Q,9,4,9.4,69,0.467,0.885,3.1,26.1,3.6,5.8,1.6,0.6,2.2,213,1804,248,397,111,42,152
Tyrese Haliburton,T. Haliburton,IND,"PG,SG",,10,13,14.2,68,0.463,0.849,2.8,17.6,3.4,8.9,1.3,0.6,1.7,187,1194,232,607,87,43,118
Jalen Johnson,J. Johnson,ATL,"SF,PF",,11,16,11.9,65,0.498,0.79,1.6,22.3,9.8,7.7,1.3,0.6,3.1,106,1449,637,501,87,41,203
Donovan Mitchell,D. Mitchell,CLE,"PG,SG",,12,8,13.6,68,0.467,0.851,3.2,26.3,4.8,5.5,1.5,0.3,2.6,220,1787,326,373,101,21,174
Cooper Flagg,C. Flagg,DAL,"SG,SF,PF",,13,7,10.4,75,0.474,0.84,1.3,23.0,7.7,5.0,1.3,1.0,2.6,95,1725,578,376,100,76,192
Kevin Durant,K. Durant,HOU,"SG,SF,PF",,14,27,16.1,70,0.524,0.86,2.2,24.5,5.2,4.3,0.8,1.0,2.9,155,1712,363,299,53,68,202
Scottie Barnes,S. Barnes,TOR,"SF,PF,C",,15,21,14.8,72,0.482,0.79,1.1,19.2,7.7,5.0,1.4,1.3,2.8,78,1381,553,360,104,96,200
Karl-Anthony Towns,K. Towns,NYK,"PF,C",,16,11,15.5,73,0.509,0.852,1.7,20.8,11.4,3.5,0.9,0.6,2.5,126,1519,834,256,63,43,186
Jamal Murray,J. Murray,DEN,PG,Q,17,9,20.8,68,0.473,0.883,3.0,24.4,4.2,6.7,1.0,0.5,2.2,205,1661,284,454,71,31,148
Trae Young,T. Young,WAS,PG,,18,72,25.2,68,0.421,0.863,2.7,22.9,2.8,10.0,1.1,0.2,4.1,183,1557,188,681,78,11,281
Josh Giddey,J. Giddey,CHI,"PG,SG",,19,61,23.1,69,0.455,0.776,1.8,16.3,8.1,9.0,1.1,0.6,3.4,123,1125,559,619,79,44,237
Amen Thompson,A. Thompson,HOU,"PG,SG",,20,10,23.3,73,0.543,0.771,0.4,18.0,7.7,5.0,1.6,0.9,2.2,27,1316,564,364,117,67,157
Austin Reaves,A. Reaves,LAL,"PG,SG,SF",Q,21,17,23.2,70,0.477,0.87,2.4,23.9,5.4,5.7,1.1,0.3,2.6,171,1670,376,401,75,24,185
Alperen Sengun,A. Şengün,HOU,"PF,C",,22,57,18.6,72,0.514,0.69,0.5,20.9,9.1,6.2,1.2,1.0,3.0,34,1503,655,444,87,69,214
Devin Booker,D. Booker,PHX,"PG,SG",,23,40,25.4,68,0.472,0.882,2.1,27.0,4.1,6.5,0.8,0.3,3.0,146,1835,281,444,57,19,202
LaMelo Ball,L. Ball,MIN,PG,,24,62,26.5,60,0.416,0.874,3.9,22.5,5.5,7.4,1.4,0.3,3.2,234,1351,327,442,83,17,192
Stephen Curry,S. Curry,GSW,PG,,25,12,23.1,67,0.453,0.927,4.7,25.7,4.1,5.0,1.0,0.4,2.7,312,1723,272,336,66,26,179
Bam Adebayo,B. Adebayo,MIA,"PF,C",,26,30,27.9,74,0.449,0.77,2.0,20.3,8.6,3.7,1.2,0.7,1.9,150,1502,638,272,88,53,139
Evan Mobley,E. Mobley,CLE,"PF,C",,27,45,29.7,70,0.552,0.661,1.0,18.4,9.3,3.6,0.8,1.7,2.0,72,1291,649,251,59,122,142
Chet Holmgren,C. Holmgren,OKC,"PF,C",Q,28,19,29.0,69,0.538,0.784,1.4,17.2,9.6,2.0,0.7,2.1,1.7,98,1188,660,136,46,147,114
Jalen Brunson,J. Brunson,NYK,PG,,29,42,21.3,72,0.475,0.835,2.5,25.7,3.3,6.8,0.8,0.1,2.4,182,1848,235,493,60,9,172
Trey Murphy III,T. Murphy III,NOP,"SG,SF",,30,22,38.2,66,0.463,0.879,3.2,21.6,5.4,3.6,1.3,0.5,1.7,213,1425,358,236,83,34,113
James Harden,J. Harden,CLE,"PG,SG",,31,49,34.5,71,0.423,0.881,2.6,18.9,4.7,7.5,1.1,0.5,3.3,183,1341,334,533,80,37,233
Lauri Markkanen,L. Markkanen,UTA,"SF,PF",,32,18,37.2,68,0.463,0.891,2.9,23.7,8.0,1.9,0.9,0.5,1.5,195,1609,547,131,61,31,101
Jalen Duren,J. Duren,DET,C,Q,33,28,36.3,72,0.657,0.751,0.0,18.5,11.2,2.5,0.8,1.1,2.1,0,1329,804,177,59,76,149
Jalen Williams,J. Williams,OKC,"SF,PF",Q,34,35,40.4,69,0.495,0.81,1.4,20.2,5.0,5.3,1.4,0.6,2.1,97,1393,346,364,97,38,142
Domantas Sabonis,D. Sabonis,SAC,"PF,C",,35,38,27.3,69,0.582,0.731,0.6,18.0,13.9,6.1,0.8,0.4,2.9,43,1242,956,421,54,27,199
Derrick White,D. White,BOS,"PG,SG",,36,26,45.2,73,0.423,0.884,2.9,16.7,4.4,5.2,1.0,1.2,1.7,214,1222,319,382,76,86,123
Kawhi Leonard,K. Leonard,TOR,"SG,SF,PF",Q,37,15,32.8,59,0.507,0.881,2.3,24.3,6.1,3.3,1.7,0.5,1.9,134,1431,358,195,99,29,110
Donovan Clingan,D. Clingan,POR,C,,38,29,42.4,73,0.539,0.659,1.0,12.9,12.5,2.2,0.7,1.9,1.5,70,943,911,161,50,140,108
Brandon Miller,B. Miller,CHA,"SF,PF",,39,46,45.2,68,0.433,0.875,3.4,22.9,5.2,4.0,1.0,0.7,2.6,230,1555,355,269,71,47,179
LeBron James,L. James,PHI,"SF,PF",Q,40,92,36.8,66,0.516,0.76,1.4,19.3,5.8,6.5,1.0,0.5,2.8,94,1276,385,432,63,31,185
Walker Kessler,W. Kessler,LAL,C,Q,41,32,40.7,67,0.643,0.631,0.5,14.2,12.0,1.7,0.7,2.7,1.7,35,951,801,117,48,179,112
Jaren Jackson Jr,J. Jackson Jr.,UTA,"PF,C",,42,54,48.9,66,0.473,0.811,1.6,18.8,6.5,2.1,1.2,1.7,2.2,107,1242,427,136,79,110,142
Keyonte George,K. George,UTA,"PG,SG",,43,121,54.1,67,0.448,0.862,2.0,17.7,3.8,6.1,1.1,0.2,3.1,131,1187,257,408,71,13,206
Jaylen Brown,J. Brown,PHI,"SG,SF,PF",,44,95,29.3,69,0.474,0.775,1.9,24.0,6.0,4.6,1.1,0.4,3.0,132,1657,416,316,74,26,209
Anthony Davis,A. Davis,WAS,"PF,C",,45,36,42.7,58,0.526,0.782,0.5,22.0,10.6,3.1,1.1,1.9,2.0,29,1274,616,181,62,113,115
Kyrie Irving,K. Irving,DAL,PG,,46,75,51.7,57,0.475,0.909,2.8,21.4,4.2,4.2,1.1,0.4,1.7,157,1220,240,239,60,22,96
Desmond Bane,D. Bane,ORL,"SG,SF",,47,44,52.9,70,0.482,0.903,2.3,20.4,4.3,4.1,1.1,0.4,2.2,159,1428,301,290,76,31,155
Deni Avdija,D. Avdija,POR,"SG,SF,PF",,48,73,40.8,72,0.473,0.789,1.7,20.7,6.9,5.5,0.9,0.6,3.0,121,1493,499,398,65,42,214
Onyeka Okongwu,O. Okongwu,ATL,C,,49,37,54.9,70,0.481,0.762,2.0,15.6,8.1,2.9,1.1,1.3,1.6,139,1093,567,201,75,89,110
Franz Wagner,F. Wagner,ORL,"SF,PF",,50,39,52.0,67,0.485,0.848,1.7,24.2,5.7,4.2,1.2,0.4,2.1,113,1624,385,284,78,25,142
Cameron Boozer,C. Boozer,MEM,PF,,51,70,55.9,75,0.486,0.784,1.3,17.3,8.5,3.4,0.9,0.6,2.4,94,1296,640,258,70,45,180
Paolo Banchero,P. Banchero,ORL,PF,,52,118,35.3,70,0.456,0.753,1.5,24.2,8.2,5.4,0.8,0.6,3.2,103,1693,576,375,56,42,223
Joel Embiid,J. Embiid,PHI,C,Q,53,125,50.1,49,0.49,0.866,1.3,24.6,7.5,3.9,0.6,1.2,2.6,62,1204,367,191,29,57,125
Darius Garland,D. Garland,LAC,PG,,54,53,63.3,68,0.463,0.864,2.9,21.7,2.9,7.2,1.2,0.2,3.0,199,1475,194,493,83,11,204
Dejounte Murray,D. Murray,NOP,PG,,55,93,68.9,65,0.439,0.82,1.8,17.2,6.6,6.6,1.6,0.3,3.6,118,1117,429,429,107,19,234
Nickeil Alexander-Walker,N. Alexander-Walker,ATL,"PG,SG",,56,24,60.6,80,0.455,0.858,3.0,19.1,3.5,3.5,1.1,0.6,1.8,242,1532,277,278,87,44,140
Ivica Zubac,I. Zubac,IND,C,,57,69,63.3,72,0.618,0.688,0.0,14.5,11.0,2.2,0.5,1.0,1.6,0,1045,792,159,35,73,112
Pascal Siakam,P. Siakam,IND,"PF,C",,58,79,50.0,70,0.505,0.712,1.5,21.7,6.7,3.7,1.0,0.4,1.8,107,1519,470,257,67,30,126
Naz Reid,N. Reid,CHA,"PF,C",,59,52,62.7,76,0.46,0.748,2.4,15.4,6.6,2.3,0.9,1.1,1.6,182,1167,501,174,72,80,125
Michael Porter Jr,M. Porter Jr.,BKN,"SF,PF",,60,55,60.6,65,0.47,0.827,3.1,21.8,7.1,2.6,1.0,0.4,2.0,204,1415,461,172,65,28,129
Dyson Daniels,D. Daniels,ATL,"SG,SF",,61,20,64.5,72,0.513,0.625,0.6,11.4,6.4,5.5,2.4,0.5,1.8,43,822,464,394,171,39,133
Ryan Rollins,R. Rollins,MIL,"PG,SG",,62,58,76.4,69,0.476,0.797,2.5,17.6,4.8,5.5,1.4,0.4,2.7,170,1213,331,382,99,29,187
Alex Sarr,A. Sarr,WAS,C,Q,63,59,71.2,69,0.485,0.709,1.4,16.8,7.2,2.7,1.0,1.8,1.8,94,1159,497,186,72,124,124
Kon Knueppel,K. Knueppel,CHA,"SG,SF",Q,64,23,47.5,79,0.471,0.87,3.7,20.8,5.3,3.8,0.8,0.2,2.3,295,1647,420,300,64,16,180
Jarrett Allen,J. Allen,CLE,C,,65,67,69.0,68,0.661,0.718,0.0,14.3,9.1,2.0,0.9,0.9,1.3,0,975,618,133,60,59,87
Brandon Ingram,B. Ingram,LAC,"SG,SF,PF",O,66,91,67.1,68,0.478,0.819,1.8,21.9,5.6,4.3,0.8,0.7,2.6,122,1488,379,293,53,47,180
Damian Lillard,D. Lillard,POR,PG,,67,77,68.3,62,0.436,0.921,2.7,18.7,6.0,5.3,0.9,0.1,2.1,170,1158,374,330,53,9,128
Tyler Herro,T. Herro,MIL,"PG,SG",,68,48,69.1,66,0.466,0.886,3.2,23.7,5.1,4.9,0.8,0.2,2.3,211,1565,334,323,53,16,152
Matas Buzelis,M. Buzelis,CHI,"SF,PF",,69,34,65.7,76,0.471,0.791,2.3,18.6,6.3,2.4,0.9,1.6,2.2,175,1410,479,180,66,120,167
Zach Edey,Z. Edey,MEM,C,Q,70,65,76.2,60,0.613,0.761,0.3,15.3,11.4,1.3,0.7,2.2,2.5,19,918,684,78,44,134,151
Kel'el Ware,K. Ware,MIL,C,,71,51,75.6,72,0.528,0.723,1.3,12.9,8.8,1.0,0.8,1.3,1.0,93,928,630,69,61,94,72
OG Anunoby,O. Anunoby,NYK,"SF,PF",,72,60,67.7,67,0.48,0.813,2.3,16.4,5.0,2.1,1.4,0.7,1.6,151,1096,334,140,96,50,105
Julius Randle,J. Randle,BKN,PF,,73,101,68.8,72,0.474,0.801,1.5,20.2,7.0,4.9,0.9,0.2,2.8,105,1457,507,350,64,17,204
De'Aaron Fox,D. Fox,SAS,PG,,74,85,80.2,69,0.471,0.777,1.8,18.2,3.9,5.6,1.3,0.3,2.3,125,1258,267,388,92,21,158
Payton Pritchard,P. Pritchard,BOS,PG,,75,33,80.9,75,0.467,0.874,3.0,18.6,4.2,4.9,0.8,0.1,1.3,227,1393,318,369,62,11,97
Stephon Castle,S. Castle,SAS,"PG,SG",,76,81,53.8,73,0.487,0.74,1.4,18.4,5.4,6.9,1.4,0.3,3.1,103,1345,393,507,102,24,227
Ausar Thompson,A. Thompson,DET,"SG,SF,PF",,77,82,83.7,67,0.527,0.594,0.2,11.6,6.1,3.3,2.1,1.0,1.7,15,777,410,224,138,68,113
Zion Williamson,Z. Williamson,NOP,"PF,C",,78,107,67.9,64,0.606,0.702,0.0,23.0,6.1,4.1,1.1,0.7,2.4,3,1473,390,260,68,42,154
Paul George,P. George,BOS,"SF,PF",,79,126,80.5,59,0.446,0.849,2.3,15.1,4.5,3.2,1.4,0.4,1.8,137,888,263,189,84,23,104
Coby White,C. White,CHA,"PG,SG",Q,80,106,88.6,69,0.45,0.853,2.6,18.9,3.8,5.8,0.7,0.2,2.4,180,1305,259,401,49,12,165
Mikal Bridges,M. Bridges,NYK,"SF,PF",,81,41,81.0,82,0.48,0.824,2.0,14.9,3.5,3.5,1.1,0.6,1.3,162,1221,290,290,88,48,108
Rudy Gobert,R. Gobert,MIN,C,,82,87,73.6,73,0.674,0.596,0.0,11.1,10.8,1.5,0.7,1.6,1.3,0,810,792,113,52,114,94
Dylan Harper,D. Harper,SAS,"PG,SG",,83,88,82.4,69,0.508,0.758,1.2,16.7,4.8,4.8,1.2,0.5,2.1,81,1152,331,332,81,36,148
Cedric Coward,C. Coward,MEM,"SG,SF",,84,63,87.3,70,0.478,0.832,2.0,18.7,7.1,3.9,0.9,0.6,2.4,140,1308,500,270,63,43,166
Caleb Wilson,C. Wilson,CHI,PF,,85,66,79.5,75,0.48,0.72,1.5,16.0,7.4,2.5,1.1,1.1,2.0,109,1201,552,191,84,83,152
Immanuel Quickley,I. Quickley,TOR,"PG,SG",,86,71,96.2,71,0.432,0.841,2.5,15.3,3.9,5.7,1.1,0.1,1.5,181,1089,276,404,77,7,108
Norman Powell,N. Powell,CHI,"SG,SF",,87,115,92.8,66,0.47,0.82,2.6,19.8,3.2,2.1,1.0,0.2,1.7,170,1308,211,136,68,15,110
VJ Edgecombe,V. Edgecombe,PHI,"PG,SG",,88,31,74.5,75,0.437,0.816,2.0,15.9,6.1,4.5,1.5,0.6,2.0,147,1195,457,341,116,42,148
Nic Claxton,N. Claxton,CHI,C,Q,89,105,89.8,70,0.61,0.581,0.1,12.4,8.0,3.1,0.8,1.5,1.4,4,870,560,215,54,102,98
Jaden McDaniels,J. McDaniels,MIN,SF,,90,43,91.3,75,0.511,0.819,1.4,15.2,4.8,2.9,1.2,0.9,1.5,103,1138,357,216,90,70,114
Day'Ron Sharpe,D. Sharpe,BKN,C,,91,104,94.7,66,0.553,0.662,0.2,11.8,9.9,3.1,1.6,0.5,2.1,16,781,651,206,103,33,137
AJ Dybantsa,A. Dybantsa,WAS,SF,,92,151,79.1,78,0.462,0.772,1.2,17.4,5.8,3.1,1.0,0.4,2.6,95,1357,452,240,75,30,203
Ja Morant,J. Morant,POR,PG,,93,239,90.0,58,0.437,0.847,1.2,16.9,3.2,5.7,1.1,0.3,3.5,68,982,183,333,62,15,201
Jalen Suggs,J. Suggs,ORL,"PG,SG",Q,94,89,107.6,64,0.431,0.846,2.1,14.1,3.8,5.0,1.7,0.8,2.5,135,903,241,319,108,48,163
Andrew Wiggins,A. Wiggins,MIA,"SG,SF,PF",,95,103,98.7,68,0.459,0.77,2.0,15.5,4.9,2.6,1.0,0.9,1.6,137,1053,331,176,70,62,106
Derik Queen,D. Queen,NOP,"PF,C",,96,80,84.2,72,0.487,0.794,0.4,14.2,7.8,4.1,1.2,0.9,2.4,30,1022,563,292,87,68,175
Josh Hart,J. Hart,NYK,"SG,SF",,97,68,95.9,72,0.498,0.759,1.5,11.9,7.9,4.3,1.2,0.3,1.8,107,854,566,312,84,20,128
Jabari Smith Jr,J. Smith Jr.,HOU,"PF,C",,98,84,93.8,73,0.447,0.791,2.2,15.7,7.3,1.7,0.7,0.9,1.4,163,1148,530,127,51,66,99
Zach LaVine,Z. LaVine,SAC,"PG,SG,SF",,99,162,101.4,67,0.492,0.852,2.4,17.0,3.1,2.8,0.6,0.2,2.0,159,1137,206,188,42,12,131
Miles Bridges,M. Bridges,PHX,PF,,100,90,98.8,71,0.444,0.841,2.0,17.3,6.8,3.4,0.7,0.5,1.7,144,1229,483,244,49,38,122
Myles Turner,M. Turner,MIL,C,,101,108,100.5,68,0.468,0.759,1.9,12.7,5.7,1.4,0.6,1.7,1.3,131,862,386,94,44,115,90
DeMar DeRozan,D. DeRozan,DEN,"SF,PF",,102,155,107.4,74,0.486,0.86,0.6,14.3,2.4,3.1,0.7,0.3,0.9,42,1057,178,227,50,20,70
Isaiah Hartenstein,I. Hartenstein,OKC,C,Q,103,141,104.2,63,0.607,0.656,0.0,9.1,9.2,3.2,0.9,0.9,1.5,0,572,577,204,59,58,97
Ayo Dosunmu,A. Dosunmu,MIN,"PG,SG",,104,96,113.0,71,0.491,0.854,1.7,15.1,3.6,3.7,1.0,0.4,1.5,122,1071,259,264,68,26,109
Jusuf Nurkic,J. Nurkić,UTA,C,Q,105,213,111.3,55,0.502,0.609,0.6,11.1,10.4,4.0,1.1,0.8,2.4,33,612,574,221,63,42,133
Toumani Camara,T. Camara,POR,"SF,PF",,106,97,110.9,75,0.444,0.721,2.2,12.3,5.3,2.2,1.2,0.5,1.6,168,926,401,166,93,38,117
Peyton Watson,P. Watson,CLE,"SF,PF",P,107,127,114.9,71,0.478,0.719,1.3,12.5,4.6,2.1,0.9,1.4,1.3,95,886,328,149,61,96,93
Andrew Nembhard,A. Nembhard,IND,"PG,SG",,108,174,114.3,66,0.455,0.815,1.3,13.1,2.9,6.1,1.0,0.1,2.0,87,865,189,401,67,9,132
CJ McCollum,C. McCollum,ATL,"PG,SG",Q,109,111,108.7,73,0.453,0.764,2.5,17.5,3.2,3.7,0.8,0.4,1.6,183,1276,232,270,62,31,115
Davion Mitchell,D. Mitchell,MIA,PG,,110,117,117.6,72,0.463,0.667,1.3,9.3,2.6,7.1,1.2,0.4,1.6,94,668,190,514,88,27,118
Collin Murray-Boyles,C. Murray-Boyles,TOR,"PF,C",,111,112,114.7,70,0.58,0.658,0.4,10.4,6.1,2.3,1.1,1.1,1.4,25,731,427,161,78,78,96
John Collins,J. Collins,DET,"PF,C",,112,102,116.1,65,0.541,0.8,1.4,15.6,6.8,1.3,0.9,0.9,1.7,89,1013,442,85,56,56,112
Neemias Queta,N. Queta,BOS,C,,113,116,117.3,65,0.651,0.714,0.0,9.9,8.0,1.6,0.7,1.3,1.0,1,643,519,101,47,84,66
Ty Jerome,T. Jerome,MEM,"PG,SG",,114,47,115.1,67,0.494,0.874,2.6,17.2,3.5,6.2,1.3,0.1,2.0,171,1151,232,413,84,9,131
Darryn Peterson,D. Peterson,UTA,SG,,115,74,103.2,73,0.453,0.831,1.8,16.9,4.7,3.2,1.2,0.6,1.9,135,1237,345,232,85,45,141
Keegan Murray,K. Murray,SAC,"SF,PF",Q,116,83,120.0,70,0.44,0.808,2.0,13.7,6.2,1.6,0.9,1.0,0.9,139,957,437,110,65,73,63
Brandin Podziemski,B. Podziemski,GSW,"PG,SG",,117,99,117.6,75,0.449,0.777,1.9,12.9,5.5,3.8,1.1,0.2,1.5,140,964,412,286,82,15,111
Khaman Maluach,K. Maluach,PHX,C,,118,86,118.8,68,0.567,0.741,0.5,10.4,9.3,0.9,0.5,2.1,1.3,32,705,630,59,35,141,88
Kyshawn George,K. George,WAS,"SG,SF,PF",,119,131,119.7,68,0.433,0.782,1.9,12.5,5.1,3.9,1.1,0.9,2.2,128,848,350,263,75,62,153
Daniel Gafford,D. Gafford,DAL,C,,120,188,123.4,59,0.689,0.683,0.0,9.3,6.5,1.2,0.6,1.4,1.1,0,550,386,70,37,81,62
Rui Hachimura,R. Hachimura,LAC,"SF,PF",,121,215,117.9,65,0.516,0.73,1.6,11.4,3.7,1.0,0.6,0.3,0.6,101,744,242,65,38,22,42
Jakob Poeltl,J. Poeltl,TOR,C,,122,228,121.8,58,0.661,0.626,0.0,9.0,6.6,2.1,0.8,0.7,1.3,0,520,380,120,48,41,78
Wendell Carter Jr,W. Carter Jr.,ORL,C,,123,160,119.0,68,0.504,0.754,0.9,11.0,7.4,2.0,0.8,0.6,1.2,60,750,504,133,52,42,84
RJ Barrett,R. Barrett,TOR,"SG,SF,PF",,124,224,112.4,64,0.472,0.685,1.8,17.3,5.5,3.0,0.7,0.3,1.8,113,1110,354,193,45,21,116
Collin Gillespie,C. Gillespie,PHX,"PG,SG",,125,100,122.8,70,0.42,0.867,2.7,11.9,3.9,4.4,1.2,0.2,1.4,187,830,274,306,83,14,100
Quentin Grimes,Q. Grimes,LAL,"SG,SF",,126,129,120.7,71,0.442,0.806,2.4,15.6,3.9,3.2,1.0,0.4,2.0,170,1105,275,226,73,26,139
Aaron Gordon,A. Gordon,DEN,"PF,C",,127,154,111.6,65,0.516,0.753,1.6,15.7,5.7,3.1,0.6,0.4,1.3,101,1018,372,201,39,24,85
Cason Wallace,C. Wallace,OKC,"PG,SG,SF",Q,128,76,118.1,73,0.453,0.815,1.3,8.7,3.2,2.5,1.8,0.5,0.9,95,635,234,184,132,33,66
Jonathan Kuminga,J. Kuminga,MIN,"SF,PF",,129,304,116.1,68,0.478,0.667,0.8,11.6,4.2,1.9,0.6,0.4,1.7,52,790,283,131,44,28,116
Jalen Green,J. Green,PHX,"SG,SF",,130,140,102.2,72,0.42,0.79,2.7,20.0,4.4,3.5,1.0,0.3,2.5,194,1440,320,252,70,24,181
Egor Demin,E. Dëmin,BKN,"PG,SG",,131,134,118.9,70,0.407,0.835,2.8,12.7,3.9,4.0,1.0,0.4,2.0,199,889,270,283,69,28,140
Saddiq Bey,S. Bey,NOP,"SF,PF",,132,109,119.9,70,0.441,0.841,2.0,15.6,5.6,2.2,0.9,0.1,0.9,137,1095,391,155,62,8,63
PJ Washington,P. Washington,DAL,"PF,C",,133,178,116.3,62,0.448,0.701,1.5,13.6,6.8,1.9,1.0,1.0,1.7,92,845,419,118,61,61,104
Herb Jones,H. Jones,NOP,"SG,SF",,134,147,,65,0.419,0.835,1.4,9.6,3.5,2.8,1.6,0.6,1.3,91,626,228,182,101,37,87
Cam Johnson,C. Johnson,DEN,"SF,PF",,135,181,112.5,56,0.48,0.862,2.1,12.9,4.0,2.7,0.8,0.4,1.2,117,725,222,150,45,21,65
Jrue Holiday,J. Holiday,POR,"PG,SG",,136,161,115.5,65,0.455,0.862,1.9,12.0,4.0,4.4,1.0,0.2,1.8,123,778,263,286,64,15,115
Draymond Green,D. Green,GSW,"PF,C",,137,190,107.4,66,0.43,0.701,1.2,8.1,5.6,5.3,1.0,0.7,2.4,81,535,368,349,68,49,161
Moussa Diabate,M. Diabaté,CHA,C,,138,214,114.5,65,0.607,0.652,0.0,7.0,7.7,1.8,0.7,0.9,1.1,1,453,501,114,46,57,72
Sandro Mamukelashvili,S. Mamukelashvili,LAL,"PF,C",,139,138,119.3,74,0.479,0.744,1.9,12.2,5.9,2.2,0.8,0.4,1.4,142,903,438,161,57,27,106
Jaime Jaquez Jr,J. Jaquez Jr.,MIL,"SG,SF,PF",,140,64,111.5,71,0.542,0.804,1.0,15.3,5.0,4.5,0.9,0.2,1.0,72,1084,358,318,66,15,71
Gui Santos,G. Santos,GSW,"SF,PF",,141,252,,68,0.484,0.701,1.0,7.3,3.7,2.1,0.8,0.2,1.0,66,498,250,146,57,14,70
Dillon Brooks,D. Brooks,PHX,"SF,PF",,142,171,113.7,70,0.432,0.832,2.2,15.9,3.5,1.7,0.9,0.2,1.3,154,1112,244,117,62,12,93
Yves Missi,Y. Missi,NOP,C,,143,144,,69,0.616,0.694,0.0,8.3,7.0,1.5,0.4,1.8,0.9,0,574,485,101,30,121,60
Yaxel Lendeborg,Y. Lendeborg,GSW,PF,,144,94,115.7,74,0.466,0.808,1.3,11.4,5.5,2.5,1.0,0.9,1.2,93,843,408,183,74,65,92
Ajay Mitchell,A. Mitchell,OKC,"PG,SG",,145,114,117.4,65,0.487,0.864,1.1,13.7,3.5,3.9,1.3,0.3,1.5,73,888,225,256,84,20,96
Anthony Black,A. Black,ORL,"PG,SG,SF",Q,146,123,119.1,70,0.463,0.759,1.5,14.5,3.7,3.5,1.3,0.7,2.0,102,1014,257,247,93,49,141
Pelle Larsson,P. Larsson,MIA,"SG,SF",,147,193,,70,0.491,0.789,1.0,11.6,3.5,3.3,0.8,0.3,1.4,67,814,243,232,56,19,98
Tre Jones,T. Jones,CHI,"PG,SG",,148,156,116.6,61,0.541,0.845,0.6,11.4,3.1,5.2,1.0,0.2,1.3,38,697,189,319,63,10,77
Reed Sheppard,R. Sheppard,HOU,"PG,SG",,149,56,121.2,75,0.446,0.8,2.6,13.1,2.9,3.3,1.5,0.7,1.5,196,984,217,245,109,49,111
Aaron Nesmith,A. Nesmith,IND,"SG,SF",,150,166,111.6,65,0.456,0.843,2.1,12.7,4.0,1.6,0.8,0.5,1.1,135,826,263,104,51,34,72
Tobias Harris,T. Harris,SAS,PF,Q,151,139,112.5,71,0.472,0.869,1.1,11.4,4.5,2.1,0.8,0.5,1.0,78,811,323,152,59,36,68
Kristaps Porzingis,K. Porziņģis,GSW,C,Q,152,148,101.3,55,0.474,0.838,1.9,16.7,5.0,2.4,0.6,1.2,1.2,104,918,277,132,33,66,65
Fred VanVleet,F. VanVleet,HOU,PG,,153,146,117.6,60,0.392,0.855,2.3,12.4,3.2,5.2,1.2,0.5,1.2,138,744,191,310,71,27,74
Jimmy Butler,J. Butler III,GSW,"SF,PF",O,154,267,115.7,35,0.509,0.854,0.6,15.8,3.4,4.2,1.1,0.2,1.3,22,552,119,147,40,8,44
Darius Acuff,D. Acuff Jr.,SAC,PG,,155,158,109.6,76,0.409,0.794,2.1,17.1,3.6,4.5,0.8,0.4,2.1,156,1299,273,341,62,30,160
Bennedict Mathurin,B. Mathurin,NOP,"SG,SF",,156,282,115.8,65,0.443,0.852,0.9,11.2,3.5,1.4,0.5,0.2,1.3,60,725,227,94,31,12,87
Devin Vassell,D. Vassell,SAS,"SG,SF",,157,122,115.4,69,0.432,0.804,2.4,13.4,3.9,2.9,1.0,0.4,1.2,168,923,272,197,71,28,80
Kevin Porter Jr,K. Porter Jr.,MIL,"PG,SG",,158,133,119.6,60,0.458,0.832,1.0,13.9,4.5,5.3,1.6,0.3,2.4,59,834,272,320,97,20,142
Ace Bailey,A. Bailey,UTA,"SF,PF",,159,145,117.5,72,0.451,0.771,1.8,13.8,4.7,2.0,0.9,0.7,1.6,129,993,335,143,65,53,117
Brook Lopez,B. Lopez,LAC,C,,160,200,108.8,72,0.46,0.797,1.4,8.3,3.1,1.1,0.4,1.1,0.7,103,600,222,77,30,82,47
Bobby Portis,B. Portis Jr.,MIA,"PF,C",,161,163,110.6,64,0.485,0.769,1.6,13.5,7.0,1.6,0.7,0.3,1.0,105,863,448,103,43,20,66
Maxime Raynaud,M. Raynaud,SAC,C,,162,149,118.0,74,0.571,0.783,0.3,12.2,7.2,1.3,0.5,0.5,1.2,24,904,533,93,37,38,89
Tari Eason,T. Eason,HOU,"SG,SF,PF",,163,132,116.9,60,0.446,0.758,1.4,11.9,6.8,1.6,1.5,0.7,1.4,87,712,411,95,90,42,81
Kelly Oubre,K. Oubre Jr.,IND,"SF,PF",,164,170,111.3,68,0.457,0.757,1.3,11.8,4.6,1.4,1.2,0.5,1.1,86,800,314,95,80,31,78
Paul Reed,P. Reed,DET,"PF,C",,165,153,113.4,66,0.568,0.708,0.3,8.7,5.6,1.6,1.1,1.1,1.1,19,573,369,106,71,71,71
Dereck Lively,D. Lively II,DAL,C,Q,166,216,,50,0.714,0.609,0.0,8.6,7.4,1.9,0.6,1.6,1.2,0,430,369,96,32,80,58
Daniss Jenkins,D. Jenkins,DET,"PG,SG",,167,187,,70,0.432,0.827,0.9,9.3,2.2,3.9,0.8,0.5,0.7,66,648,154,276,54,33,50
Jeremiah Fears,J. Fears,NOP,"PG,SG",,168,136,119.3,75,0.431,0.8,1.4,15.0,4.1,3.8,1.3,0.4,2.4,103,1125,305,283,99,30,181
Deandre Ayton,D. Ayton,WAS,C,,169,208,111.7,66,0.621,0.678,0.0,9.4,6.9,0.9,0.5,0.7,1.1,2,619,455,57,35,48,70
Oso Ighodaro,O. Ighodaro,PHX,C,,170,271,,74,0.649,0.515,0.0,6.3,5.0,2.1,0.8,0.1,1.3,0,469,372,154,57,9,99
Dennis Schroder,D. Schröder,CHA,"PG,SG",,171,256,,69,0.476,0.791,0.9,8.4,1.9,2.5,0.5,0.7,0.9,59,581,128,175,35,45,65
De'Andre Hunter,D. Hunter,SAC,"SF,PF",,172,235,,65,0.434,0.857,1.9,11.9,3.7,1.5,0.7,0.2,1.4,122,776,240,100,43,11,88
Christian Braun,C. Braun,DEN,"SG,SF,PF",,173,78,119.6,74,0.541,0.79,1.1,13.4,5.1,2.6,1.0,0.4,1.0,79,990,377,194,71,31,74
Isaiah Stewart,I. Stewart,MEM,"PF,C",Q,174,143,113.3,68,0.539,0.756,0.9,11.6,6.5,1.6,0.4,1.5,1.3,60,790,439,112,26,105,87
Jake LaRavia,J. LaRavia,LAL,"SF,PF",,175,98,,69,0.463,0.783,1.2,9.7,4.7,2.4,1.3,0.5,0.5,83,672,321,167,93,37,32
Santi Aldama,S. Aldama,DAL,PF,Q,176,180,,68,0.472,0.67,1.5,10.9,5.5,2.4,0.7,0.5,1.0,101,742,373,162,47,37,68
Nikola Vucevic,N. Vučević,ORL,C,,177,240,114.1,69,0.504,0.817,0.8,8.6,4.8,1.7,0.4,0.3,0.8,55,592,330,120,25,24,52
Mitchell Robinson,M. Robinson,BOS,C,,178,197,107.5,63,0.695,0.434,0.0,5.6,8.3,0.8,1.0,1.1,0.7,0,352,525,51,61,72,43
Julian Champagnie,J. Champagnie,SAS,"SF,PF",,179,128,110.4,78,0.426,0.86,2.2,10.3,4.4,1.5,0.8,0.5,0.9,173,801,341,117,59,37,68
Mikel Brown,M. Brown Jr.,BKN,PG,Q,180,185,118.1,74,0.409,0.773,1.7,13.2,3.7,4.3,0.8,0.2,1.6,128,980,275,315,59,16,117
Sam Hauser,S. Hauser,BOS,"SF,PF",,181,152,,76,0.434,0.882,2.5,9.2,3.7,1.4,0.6,0.4,0.5,192,697,279,109,46,27,36
Joan Beringer,J. Beringer,MIN,"PF,C",,182,217,,69,0.686,0.72,0.0,6.4,4.4,0.7,0.7,1.0,0.7,0,445,306,45,45,71,50
Scotty Pippen Jr.,S. Pippen Jr.,MEM,PG,,183,135,,65,0.481,0.741,1.3,12.3,3.2,4.6,1.8,0.5,2.5,84,798,211,301,114,30,163
Isaiah Collier,I. Collier,UTA,"PG,SG",,184,293,,64,0.467,0.754,0.5,7.9,2.1,4.8,0.5,0.3,1.5,35,505,136,305,35,20,95
Scoot Henderson,S. Henderson,POR,PG,,185,119,,65,0.466,0.824,1.8,13.6,3.0,3.4,1.0,0.5,0.7,114,882,194,220,63,33,45
Jordan Poole,J. Poole,NOP,"PG,SG",,186,288,111.0,58,0.411,0.878,1.8,10.9,1.6,2.5,0.6,0.2,1.5,105,635,94,145,36,14,89
Grayson Allen,G. Allen,CHA,"SG,SF",,187,113,115.8,68,0.433,0.851,2.8,13.8,3.2,3.0,1.1,0.3,1.4,187,936,219,207,73,23,94
Miles McBride,M. McBride,NYK,"PG,SG",,188,176,,66,0.421,0.803,2.3,10.9,2.4,2.7,1.0,0.2,0.7,149,720,159,178,64,15,47
Jay Huff,J. Huff,IND,C,,189,220,,66,0.486,0.828,1.2,7.7,3.0,1.0,0.4,1.4,0.7,82,509,195,69,25,90,47
Naji Marshall,N. Marshall,DAL,"SG,SF,PF",,190,182,,71,0.506,0.778,0.8,11.9,4.1,2.6,0.9,0.1,1.4,54,845,289,188,65,8,96
Kris Dunn,K. Dunn,LAC,"PG,SG",,191,164,,70,0.461,0.739,0.9,6.3,3.1,3.2,1.5,0.3,1.1,62,442,216,223,103,18,80
Jared McCain,J. McCain,OKC,"PG,SG",,192,247,112.4,67,0.443,0.798,2.0,12.2,2.7,2.0,0.7,0.1,1.3,135,818,179,136,45,8,90
Jerami Grant,J. Grant,MEM,"SF,PF",,193,206,116.8,59,0.425,0.82,2.4,16.7,3.3,2.2,0.8,0.7,1.8,144,987,196,127,45,41,106
Kyle Kuzma,K. Kuzma,MIL,"SF,PF",,194,124,116.7,71,0.452,0.784,1.5,14.8,5.1,2.5,1.1,0.3,1.2,110,1048,363,178,77,20,88
Kevin Huerter,K. Huerter,DET,"SG,SF",,195,184,,68,0.442,0.75,1.7,10.1,3.3,2.5,0.9,0.4,1.0,115,684,225,169,61,28,67
Alex Caruso,A. Caruso,OKC,"SG,SF",Q,196,199,107.9,58,0.441,0.807,1.2,7.1,3.0,2.4,1.4,0.5,0.9,68,412,173,139,83,30,52
Dylan Cardwell,D. Cardwell,SAC,"PF,C",,197,204,,72,0.579,0.514,0.0,4.7,6.7,1.2,0.6,1.3,0.8,0,338,485,90,43,97,56
Kyle Filipowski,K. Filipowski,UTA,"PF,C",Q,198,169,114.4,75,0.495,0.719,1.0,10.3,6.5,2.3,0.8,0.4,1.5,73,775,490,169,61,31,112
Anfernee Simons,A. Simons,PHI,"PG,SG",Q,199,221,108.1,68,0.427,0.902,2.5,13.5,2.3,3.2,0.5,0.1,1.5,169,919,156,219,37,6,101
Collin Sexton,C. Sexton,LAL,"PG,SG",Q,200,130,117.1,68,0.482,0.857,1.9,17.6,2.8,4.0,1.1,0.2,2.5,128,1198,190,274,72,11,170
Mark Williams,M. Williams,PHX,C,O,201,357,108.9,20,0.628,0.781,0.0,12.8,8.8,1.2,0.8,1.0,1.2,0,256,175,24,17,20,25
Robert Williams III,R. Williams III,POR,C,,202,253,,45,0.697,0.651,0.1,6.6,6.8,1.0,0.6,1.5,0.8,6,296,307,46,28,67,38
Bilal Coulibaly,B. Coulibaly,WAS,"SG,SF",,203,231,,58,0.426,0.739,1.1,10.7,4.2,2.5,1.2,0.9,1.6,61,620,246,147,68,53,91
Precious Achiuwa,P. Achiuwa,SAC,"PF,C",,204,183,,69,0.515,0.614,0.3,8.8,6.4,1.1,1.0,0.7,0.9,22,606,444,79,69,47,63
Al Horford,A. Horford,GSW,"PF,C",,205,294,107.8,53,0.438,0.857,1.2,5.8,3.8,1.6,0.4,0.7,0.6,62,306,201,86,22,35,30
Keldon Johnson,K. Johnson,SAS,"SF,PF",,206,150,,78,0.495,0.79,1.3,13.2,5.1,1.6,0.6,0.2,1.0,98,1030,400,128,47,16,76
Klay Thompson,K. Thompson,MIA,"SG,SF",,207,307,108.8,67,0.409,0.729,2.2,9.6,2.0,1.5,0.4,0.3,1.2,146,645,132,102,25,21,81
Morez Johnson Jr.,M. Johnson Jr.,DAL,PF,Q,208,142,,75,0.589,0.742,0.3,8.4,5.0,1.1,0.9,1.1,1.1,26,629,378,79,66,79,79
Max Strus,M. Strus,LAC,"SF,PF",O,209,186,,63,0.439,0.807,2.6,11.1,4.8,2.9,0.6,0.3,1.1,163,701,300,184,35,16,67
Keaton Wagler,K. Wagler,LAC,SG,,210,173,116.8,75,0.462,0.798,1.5,12.1,3.4,3.6,0.8,0.2,1.7,115,911,252,273,63,15,126
Andre Drummond,A. Drummond,NYK,C,,211,246,106.4,67,0.456,0.627,0.4,5.6,8.0,1.1,0.8,0.6,1.0,24,378,535,76,51,38,64
Bradley Beal,B. Beal,LAC,"SG,SF",Q,212,316,,50,0.496,0.795,1.1,9.8,2.0,2.3,0.6,0.3,1.2,55,491,101,115,30,14,60
Malik Monk,M. Monk,SAC,"PG,SG",Q,213,244,,65,0.442,0.856,1.7,11.5,2.2,3.4,0.6,0.4,1.5,110,747,141,220,37,25,99
Shaedon Sharpe,S. Sharpe,POR,"PG,SG",O,214,360,,30,0.45,0.786,1.8,17.3,3.8,2.3,1.0,0.1,2.2,55,518,113,69,30,4,66
Duncan Robinson,D. Robinson,DET,"SG,SF",,215,242,,70,0.427,0.808,2.5,10.3,2.2,2.8,0.5,0.3,1.4,172,719,157,194,34,21,101
Royce O'Neale,R. O'Neale,CHA,"SF,PF",,216,137,,76,0.417,0.7,2.2,8.3,4.8,2.3,0.9,0.4,1.0,169,628,361,177,68,31,77
Jaylen Wells,J. Wells,MEM,"SG,SF",,217,120,,73,0.45,0.82,2.2,13.8,3.7,1.7,1.1,0.2,1.2,159,1011,272,125,82,18,91
Marcus Smart,M. Smart,HOU,"PG,SG",,218,283,,68,0.39,0.864,1.2,7.8,2.1,2.7,0.6,0.2,1.1,85,531,145,186,38,13,72
GG Jackson,G. Jackson,MEM,"SF,PF,C",,219,297,,67,0.448,0.706,1.2,10.7,3.8,0.9,0.8,0.6,2.1,83,718,253,62,53,37,139
Tre Johnson,T. Johnson,WAS,"PG,SG,SF",,220,189,,69,0.426,0.853,2.0,11.7,2.9,2.2,0.8,0.1,0.8,137,810,200,155,54,7,54
Will Riley,W. Riley,WAS,"SF,PF",,221,306,,70,0.483,0.793,1.0,8.5,2.4,1.2,0.3,0.1,0.7,72,593,165,87,19,10,49
Terrence Shannon Jr,T. Shannon Jr.,MIN,"SG,SF",,222,233,,69,0.45,0.808,1.4,11.2,2.8,2.0,0.7,0.2,1.1,99,772,191,137,51,17,78
Jaylin Williams,J. Williams,OKC,"PF,C",,223,250,,60,0.419,0.788,1.4,6.5,5.3,1.2,0.9,0.2,0.6,83,387,319,71,52,11,36
Luguentz Dort,L. Dort,ATL,"SG,SF",Q,224,168,,71,0.413,0.771,2.1,9.5,3.8,1.4,1.0,0.5,0.8,147,671,268,100,69,34,56
Derrick Jones Jr,D. Jones Jr.,LAC,"SF,PF",,225,191,,67,0.507,0.73,1.1,9.8,3.4,1.1,0.9,0.7,0.8,71,657,228,71,61,47,56
Jaylon Tyson,J. Tyson,CLE,"SG,SF,PF",,226,205,,69,0.471,0.734,1.5,10.6,4.5,0.9,0.8,0.3,0.8,106,731,308,60,55,20,55
Nique Clifford,N. Clifford,SAC,"SG,SF",,227,218,,75,0.438,0.736,1.1,9.7,4.1,2.5,0.9,0.4,1.6,85,731,307,189,70,28,119
Jalen Smith,J. Smith,CHI,"PF,C",,228,238,,58,0.472,0.786,1.3,9.5,6.4,1.3,0.6,0.8,1.3,76,551,369,76,33,44,77
Ryan Kalkbrenner,R. Kalkbrenner,CHA,C,,229,207,,69,0.75,0.72,0.0,6.5,4.7,0.7,0.4,1.3,0.8,0,450,326,47,28,87,54
Noah Clowney,N. Clowney,BKN,"PF,C",,230,243,,60,0.401,0.81,1.6,9.9,4.1,1.4,0.8,0.6,0.9,94,592,245,85,48,34,54
T.J. McConnell,T. McConnell,IND,PG,Q,231,212,,69,0.522,0.796,0.2,8.6,2.2,4.4,0.9,0.2,1.2,16,591,152,305,65,12,82
Ben Simmons,B. Simmons,SAC,PG,Q,232,490,,15,0.538,0.5,0.0,2.0,1.9,0.5,0.3,0.3,0.5,0,30,29,7,5,4,7
Cam Spencer,C. Spencer,MEM,"PG,SG",,233,165,,67,0.452,0.917,1.8,10.2,2.5,5.2,0.7,0.1,1.3,122,684,167,346,47,10,85
Nikola Jovic,N. Jović,MIA,"PF,C",,234,338,,50,0.389,0.735,1.4,8.6,3.8,1.5,0.7,0.4,1.1,72,432,190,75,34,21,54
Bones Hyland,B. Hyland,MIN,"PG,SG",,235,319,,50,0.4,0.889,1.5,7.5,1.6,2.6,0.6,0.2,0.7,73,377,82,128,31,10,33
Brice Sensabaugh,B. Sensabaugh,UTA,"SG,SF,PF",Q,236,230,,70,0.443,0.875,1.8,11.1,2.8,1.3,0.5,0.3,0.8,124,776,196,94,34,19,58
Tristan da Silva,T. da Silva,ORL,"SF,PF",,237,198,,76,0.449,0.75,1.7,10.2,3.8,1.4,0.7,0.4,1.1,132,772,288,108,53,30,84
Jamal Shead,J. Shead,TOR,PG,,238,172,,79,0.397,0.829,1.2,8.1,1.9,5.2,1.0,0.4,1.5,93,641,150,408,80,30,115
Gradey Dick,G. Dick,LAC,"SG,SF",,239,300,,69,0.406,0.861,1.4,9.4,2.6,1.3,0.7,0.2,1.7,99,652,177,93,49,13,120
Zach Collins,Z. Collins,CHI,C,Q,240,323,,55,0.43,0.772,0.7,7.3,4.9,2.0,0.5,0.5,1.2,36,401,269,111,26,28,64
Bub Carrington,B. Carrington,WAS,"PG,SG",,241,237,,80,0.426,0.792,1.6,8.6,2.9,3.3,0.6,0.2,1.5,127,691,229,264,44,18,123
Brayden Burries,B. Burries,MIL,SG,,242,110,,75,0.444,0.891,1.3,12.1,3.8,2.4,1.0,0.4,1.1,98,910,288,183,75,28,80
Kingston Flemings,K. Flemings,ATL,PG,,243,179,,74,0.437,0.843,0.8,9.5,3.0,3.8,0.9,0.4,1.3,60,700,219,283,70,27,96
Marvin Bagley III,M. Bagley III,DEN,"PF,C",,244,321,,49,0.552,0.758,0.2,7.7,4.7,1.0,0.4,0.3,0.4,11,378,230,48,22,13,20
De'Anthony Melton,D. Melton,GSW,"PG,SG",,245,157,,60,0.418,0.824,1.9,13.1,3.5,2.8,1.6,0.4,1.8,112,788,211,169,99,26,107
J. Clarkson,J. Clarkson,NYK,"SG,SF",,246,345,,62,0.407,0.839,1.0,7.6,1.6,1.5,0.5,0.2,0.7,60,470,97,94,28,10,41
Khris Middleton,K. Middleton,WAS,"SF,PF",,247,309,,53,0.459,0.863,1.0,9.5,3.1,1.0,0.6,0.2,0.9,54,502,166,52,32,10,47
Kentavious Caldwell-Pope,K. Caldwell-Pope,PHI,"SG,SF",,248,279,,64,0.463,0.861,1.0,7.3,1.9,1.5,0.7,0.2,0.9,65,469,119,95,47,14,60
Allen Graves,A. Graves,TOR,PF,Q,249,298,,70,0.425,0.75,0.6,5.4,3.2,1.4,0.7,0.4,1.0,39,381,227,101,50,25,69
Aday Mara,A. Mara,OKC,C,,250,275,107.7,70,0.531,0.589,0.1,5.1,4.8,1.4,0.4,1.1,1.0,9,354,336,101,28,78,67
