date	game	team	opp	player	role	reason	min	pts	reb	ast	stl	blk	tov	fg	3pt	ft
2026-10-06	401898389	OKC	NO	Aday Mara	S		18	12	9	3	0	3	2	5-5	0-0	2-2
2026-10-07	401908620	OKC	MIL	Aday Mara	S		25	22	6	2	0	1	0	10-10	0-0	2-3
2026-10-09	401898395	HOU	DAL	Alperen Sengun	S		22	16	10	10	1	0	3	6-9	0-2	4-5
2026-10-08	401906508	WSH	NY	Anthony Davis	S		17	16	7	2	0	1	2	6-11	2-3	2-2
2026-10-04	401918010	LAC	GS	Brandon Ingram	DNP	COACH'S DECISION										
2026-10-04	401918010	LAC	GS	Brook Lopez	B		7	1	3	0	0	0	1	0-4	0-1	1-2
2026-10-08	401898394	ATL	SA	CJ McCollum	S		19	14	5	4	0	0	1	5-11	4-6	0-0
2026-10-09	401898395	HOU	DAL	Clint Capela	DNP	COACH'S DECISION										
2026-10-09	401898395	DAL	HOU	Cooper Flagg	S		19	19	6	3	1	1	2	7-14	1-5	4-4
2026-10-09	401898395	DAL	HOU	Daniel Gafford	B		8	7	3	0	1	0	1	3-4	1-1	0-0
2026-10-04	401918010	LAC	GS	Darius Garland	S		15	15	3	6	0	0	1	4-4	3-3	4-5
2026-10-04	401914127	DEN	UTAH	DeMar DeRozan	B		10	5	1	1	0	1	0	2-5	0-1	1-1
2026-10-06	401914128	DEN	UTAH	DeMar DeRozan	B		11	7	1	1	0	0	0	2-5	1-2	2-2
2026-10-09	401898395	DAL	HOU	Dereck Lively II	DNP	COACH'S DECISION										
2026-10-07	401898391	ORL	MEM	Desmond Bane	S		13	9	1	1	0	0	1	3-3	3-3	0-0
2026-10-05	401898388	ATL	MEM	Dyson Daniels	S		18	6	4	2	0	0	1	2-6	0-4	2-5
2026-10-08	401898394	ATL	SA	Dyson Daniels	S		21	13	11	1	1	0	0	6-16	1-3	0-0
2026-10-09	401898395	HOU	DAL	Fred VanVleet	S		24	17	2	7	2	0	1	5-12	5-12	2-3
2026-10-04	401918010	LAC	GS	Isaiah Jackson	S		17	4	4	3	1	2	3	2-3	0-0	0-0
2026-10-09	401898395	HOU	DAL	Jabari Smith Jr.	S		22	12	4	1	1	0	0	4-8	2-3	2-4
2026-10-03	401902644	TOR	MIA	Jakob Poeltl	S		18	9	1	1	2	1	1	3-3	0-0	3-4
2026-10-05	401898388	ATL	MEM	Jalen Johnson	S		18	8	5	3	1	0	2	1-7	0-3	6-6
2026-10-08	401898394	ATL	SA	Jalen Johnson	DNP	COACH'S DECISION										
2026-10-07	401908620	OKC	MIL	Jalen Williams	S		19	16	3	6	2	0	1	8-11	0-3	0-0
2026-10-04	401914127	UTAH	DEN	Jaren Jackson Jr.	S		18	11	4	2	0	0	1	4-7	1-3	2-3
2026-10-06	401914128	UTAH	DEN	Jaren Jackson Jr.	S		16	7	1	0	0	1	1	2-3	1-1	2-3
2026-10-09	401898395	HOU	DAL	Kevin Durant	S		23	15	0	2	0	1	1	7-12	1-1	0-1
2026-10-05	401908947	PHX	DET	Khaman Maluach	B		17	6	2	0	0	1	0	3-5	0-1	0-3
2026-10-07	401908939	PHX	CHI	Khaman Maluach	B		25	8	7	4	0	0	2	2-3	0-0	4-5
2026-10-04	401918010	GS	LAC	Kristaps Porzingis	DNP	NOT WITH TEAM										
2026-10-06	401898390	GS	LAL	Kristaps Porzingis	DNP	COACH'S DECISION										
2026-10-09	401898395	DAL	HOU	Kyrie Irving	DNP	COACH'S DECISION										
2026-10-08	401898394	ATL	SA	Luguentz Dort	DNP	COACH'S DECISION										
2026-10-05	401908947	PHX	DET	Mark Williams	DNP	COACH'S DECISION										
2026-10-07	401908939	PHX	CHI	Mark Williams	DNP	COACH'S DECISION										
2026-10-06	401901820	BKN	CHA	Michael Porter Jr.	S		17	16	5	2	1	0	1	6-9	4-6	0-0
2026-10-08	401898392	BOS	CLE	Mitchell Robinson	DNP	COACH'S DECISION										
2026-10-09	401898395	DAL	HOU	Naji Marshall	S		24	16	2	3	0	0	2	7-14	1-5	1-2
2026-10-08	401898392	BOS	CLE	Neemias Queta	DNP	COACH'S DECISION										
2026-10-07	401908939	CHI	PHX	Nic Claxton	DNP	COACH'S DECISION										
2026-10-05	401898388	ATL	MEM	Nickeil Alexander-Walker	S		16	14	1	0	1	0	0	6-9	1-4	1-1
2026-10-08	401898394	ATL	SA	Nickeil Alexander-Walker	S		23	7	3	2	0	0	1	2-8	1-5	2-2
2026-10-05	401898388	ATL	MEM	Onyeka Okongwu	S		14	8	4	2	0	1	1	3-4	1-2	1-2
2026-10-08	401898394	ATL	SA	Onyeka Okongwu	S		22	13	4	5	0	0	1	5-11	2-5	1-2
2026-10-05	401908947	PHX	DET	Oso Ighodaro	S		14	3	5	2	1	0	1	1-1	0-0	1-2
2026-10-07	401908939	PHX	CHI	Oso Ighodaro	S		18	8	2	2	1	0	2	4-6	0-0	0-2
2026-10-09	401898395	DAL	HOU	P.J. Washington	DNP	COACH'S DECISION										
2026-10-04	401918010	LAC	GS	Rui Hachimura	S		15	21	5	0	0	1	2	8-11	4-5	1-2
2026-10-05	401914102	MIL	MIN	Ryan Rollins	S		14	15	4	1	1	1	0	6-12	2-7	1-1
2026-10-07	401908620	MIL	OKC	Ryan Rollins	S		21	12	3	7	1	1	1	5-7	2-3	0-1
2026-10-09	401898395	HOU	DAL	Steven Adams	B		14	2	3	1	1	0	1	1-1	0-0	0-0
2026-10-05	401898388	MEM	ATL	Ty Jerome	S		15	12	0	5	0	1	3	4-8	1-2	3-3
2026-10-07	401898391	MEM	ORL	Ty Jerome	S		19	17	1	4	0	0	0	7-14	1-4	2-2
2026-10-05	401914102	MIL	MIN	Tyler Herro	S		19	11	3	3	0	0	4	3-9	2-4	3-3
2026-10-07	401908620	MIL	OKC	Tyler Herro	S		23	13	3	3	0	1	2	5-9	3-6	0-0
2026-10-08	401898394	SA	ATL	Victor Wembanyama	S		17	9	6	1	0	1	2	3-6	1-2	2-4
2026-10-05	401898716	SAC	LAL	Zach LaVine	S		15	9	1	0	0	0	2	4-6	0-0	1-2
2026-10-08	401898717	SAC	LAL	Zach LaVine	S		23	11	1	4	4	0	0	3-8	0-2	5-5
